-- phpMyAdmin SQL Dump
-- version 5.2.1
-- https://www.phpmyadmin.net/
--
-- Host: localhost
-- Generation Time: Apr 27, 2025 at 09:43 AM
-- Server version: 10.4.28-MariaDB
-- PHP Version: 8.2.4

SET SQL_MODE = "NO_AUTO_VALUE_ON_ZERO";
START TRANSACTION;
SET time_zone = "+00:00";


/*!40101 SET @OLD_CHARACTER_SET_CLIENT=@@CHARACTER_SET_CLIENT */;
/*!40101 SET @OLD_CHARACTER_SET_RESULTS=@@CHARACTER_SET_RESULTS */;
/*!40101 SET @OLD_COLLATION_CONNECTION=@@COLLATION_CONNECTION */;
/*!40101 SET NAMES utf8mb4 */;

--
-- Database: `Major Complexe`
--

-- --------------------------------------------------------

--
-- Table structure for table `AgeRate`
--

CREATE TABLE `AgeRate` (
  `AgeRate_ID` varchar(10) NOT NULL,
  `Image_ID` varchar(20) NOT NULL,
  `AgeRate_Description` varchar(100) NOT NULL
) ENGINE=InnoDB DEFAULT CHARSET=utf8mb4 COLLATE=utf8mb4_general_ci;

--
-- Dumping data for table `AgeRate`
--

INSERT INTO `AgeRate` (`AgeRate_ID`, `Image_ID`, `AgeRate_Description`) VALUES
('AR-000', 'IMG-AR-000', 'ไม่ระบุ'),
('AR-001', 'IMG-AR-001', 'ภาพยนตร์เหมาะสำหรับผู้ชมทั่วไป'),
('AR-013', 'IMG-AR-002', 'ภาพยนตร์เหมาะสำหรับผู้ชมอายุ 13 ปีขึ้นไป โดยผู้ชมอายุต่ำกว่า 13 ปี ควรได้รับคำแนะนำ'),
('AR-015', 'IMG-AR-003', 'ภาพยนตร์เหมาะสำหรับผู้ชมอายุ 15 ปีขึ้นไป โดยผู้ชมอายุต่ำกว่า 15 ปี ควรได้รับคำแนะนำ'),
('AR-018', 'IMG-AR-004', 'ภาพยนตร์เหมาะสำหรับผู้ชมอายุ 18 ปีขึ้นไป โดยผู้ชมอายุต่ำกว่า 18 ปี ควรได้รับคำแนะนำ'),
('AR-020', 'IMG-AR-005', 'ภาพยนตร์จำกัดเฉพาะผู้ชมที่มีอายุ 20 ปีขึ้นไปและมีการตรวจบัตรประชาชนก่อนเข้าโรงภาพยนตร์'),
('AR-100', 'IMG-AR-006', 'ภาพยนตร์เรื่องนี้ส่งเสริมการเรียนรู้และควรส่งเสริมให้มีการดู');

-- --------------------------------------------------------

--
-- Table structure for table `Audio`
--

CREATE TABLE `Audio` (
  `Audio_ID` varchar(10) NOT NULL,
  `Language` varchar(50) NOT NULL
) ENGINE=InnoDB DEFAULT CHARSET=utf8mb4 COLLATE=utf8mb4_general_ci;

--
-- Dumping data for table `Audio`
--

INSERT INTO `Audio` (`Audio_ID`, `Language`) VALUES
('A-CN', 'Chinese'),
('A-EN', 'English'),
('A-HD', 'Hindi'),
('A-JP', 'Japanese'),
('A-OV', 'Original Version'),
('A-ST', 'Foreign (Soundtrack)'),
('A-TH', 'Thai');

-- --------------------------------------------------------

--
-- Table structure for table `BangkokSection`
--

CREATE TABLE `BangkokSection` (
  `BangkokSection_ID` varchar(10) NOT NULL,
  `Location_ID` varchar(10) NOT NULL,
  `BangkokSection_Name` varchar(50) NOT NULL
) ENGINE=InnoDB DEFAULT CHARSET=utf8mb4 COLLATE=utf8mb4_general_ci;

--
-- Dumping data for table `BangkokSection`
--

INSERT INTO `BangkokSection` (`BangkokSection_ID`, `Location_ID`, `BangkokSection_Name`) VALUES
('BKK-EST', 'LO-BKK', 'Bangkok Eastern'),
('BKK-LAR', 'LO-BKK', 'Bangkok Ladprao-Ramkhumheang'),
('BKK-NRT', 'LO-BKK', 'Bangkok Northern'),
('BKK-NTB', 'LO-BKK', 'Bangkok Nonthaburi'),
('BKK-PTT', 'LO-BKK', 'Bangkok Pathumthani'),
('BKK-THN', 'LO-BKK', 'Bangkok Thonburi'),
('BKK-URB', 'LO-BKK', 'Bangkok Urban');

-- --------------------------------------------------------

--
-- Table structure for table `Booking`
--

CREATE TABLE `Booking` (
  `Transaction_ID` varchar(20) NOT NULL,
  `Theatre_ID` varchar(20) NOT NULL,
  `Seat_Row` varchar(10) NOT NULL,
  `Seat_Number` varchar(10) NOT NULL,
  `Movie_ID` varchar(10) NOT NULL,
  `ProjectionSystemType_ID` varchar(10) NOT NULL,
  `SoundSystemType_ID` varchar(10) NOT NULL,
  `ShowTime` datetime NOT NULL,
  `Price_Value` decimal(10,0) NOT NULL,
  `Booking_Status` tinyint(1) NOT NULL
) ENGINE=InnoDB DEFAULT CHARSET=utf8mb4 COLLATE=utf8mb4_general_ci;

--
-- Dumping data for table `Booking`
--

INSERT INTO `Booking` (`Transaction_ID`, `Theatre_ID`, `Seat_Row`, `Seat_Number`, `Movie_ID`, `ProjectionSystemType_ID`, `SoundSystemType_ID`, `ShowTime`, `Price_Value`, `Booking_Status`) VALUES
('TX-000000001', 'TT-001-MEGA', 'A', '01', 'MV-10119', 'PS-LSR', 'SS-TH/XX', '2025-04-28 19:00:00', 240, 0),
('TX-000000002', 'TT-001-MEGA', 'A', '02', 'MV-10119', 'PS-LSR', 'SS-TH/XX', '2025-04-28 19:00:00', 240, 1),
('TX-000000003', 'TT-001-MEGA', 'B', '01', 'MV-10119', 'PS-LSR', 'SS-TH/XX', '2025-04-28 19:00:00', 240, 0),
('TX-000000004', 'TT-001-MEGA', 'B', '02', 'MV-10119', 'PS-LSR', 'SS-TH/XX', '2025-04-28 19:00:00', 240, 1),
('TX-000000005', 'TT-001-MEGA', 'C', '01', 'MV-10119', 'PS-LSR', 'SS-TH/XX', '2025-04-28 19:00:00', 240, 0),
('TX-000000006', 'TT-001-MEGA', 'C', '02', 'MV-10119', 'PS-LSR', 'SS-TH/XX', '2025-04-28 19:00:00', 240, 1),
('TX-000000006', 'TT-001-MEGA', 'D', '01', 'MV-10119', 'PS-LSR', 'SS-TH/XX', '2025-04-28 19:00:00', 240, 0),
('TX-000000007', 'TT-001-MEGA', 'D', '02', 'MV-10119', 'PS-LSR', 'SS-TH/XX', '2025-04-28 19:00:00', 240, 1),
('TX-000000008', 'TT-001-MEGA', 'E', '01', 'MV-10119', 'PS-LSR', 'SS-TH/XX', '2025-04-28 19:00:00', 240, 0),
('TX-000000009', 'TT-001-MEGA', 'E', '02', 'MV-10119', 'PS-LSR', 'SS-TH/XX', '2025-04-28 19:00:00', 240, 1),
('TX-000000010', 'TT-001-MEGA', 'F', '01', 'MV-10119', 'PS-LSR', 'SS-TH/XX', '2025-04-28 19:00:00', 240, 0),
('TX-000000011', 'TT-001-MEGA', 'F', '02', 'MV-10119', 'PS-LSR', 'SS-TH/XX', '2025-04-28 19:00:00', 240, 1),
('TX-000000012', 'TT-001-MEGA', 'A', '03', 'MV-10119', 'PS-LSR', 'SS-TH/XX', '2025-04-28 19:00:00', 240, 0),
('TX-000000013', 'TT-001-MEGA', 'D', '08', 'MV-10119', 'PS-LSR', 'SS-TH/XX', '2025-04-28 19:00:00', 1000, 0),
('TX-000000013', 'TT-001-MEGA', 'D', '09', 'MV-10119', 'PS-LSR', 'SS-TH/XX', '2025-04-28 19:00:00', 1000, 0),
('TX-000000015', 'TT-007-QTCA', 'C', '02', 'MV-10119', 'PS-LSR', 'SS-EN/TH', '2025-04-28 19:00:00', 360, 1),
('TX-000000016', 'TT-007-QTCA', 'F', '05', 'MV-10119', 'PS-LSR', 'SS-EN/TH', '2025-04-28 19:00:00', 360, 1),
('TX-000000017', 'TT-007-QTCA', 'A', '14', 'MV-10119', 'PS-LSR', 'SS-EN/TH', '2025-04-28 19:00:00', 1300, 1),
('TX-000000018', 'TT-007-QTCA', 'A', '02', 'MV-10119', 'PS-LSR', 'SS-EN/TH', '2025-04-28 19:00:00', 360, 0),
('TX-000000019', 'TT-007-QTCA', 'E', '07', 'MV-10119', 'PS-LSR', 'SS-EN/TH', '2025-04-28 19:00:00', 260, 0),
('TX-000000019', 'TT-007-QTCA', 'E', '08', 'MV-10119', 'PS-LSR', 'SS-EN/TH', '2025-04-28 19:00:00', 260, 1),
('TX-000000020', 'TT-007-QTCA', 'D', '09', 'MV-10119', 'PS-LSR', 'SS-EN/TH', '2025-04-28 19:00:00', 260, 1),
('TX-000000021', 'TT-007-QTCA', 'C', '07', 'MV-10119', 'PS-LSR', 'SS-EN/TH', '2025-04-28 19:00:00', 900, 0),
('TX-000000022', 'TT-007-QTCA', 'C', '01', 'MV-10119', 'PS-LSR', 'SS-EN/TH', '2025-04-28 19:00:00', 900, 1),
('TX-000000023', 'TT-007-QTCA', 'F', '06', 'MV-10119', 'PS-LSR', 'SS-EN/TH', '2025-04-28 19:00:00', 900, 0),
('TX-000000024', 'TT-007-QTCA', 'B', '20', 'MV-10119', 'PS-LSR', 'SS-EN/TH', '2025-04-28 19:00:00', 260, 0),
('TX-000000025', 'TT-007-QTCA', 'F', '09', 'MV-10119', 'PS-LSR', 'SS-EN/TH', '2025-04-28 19:00:00', 1300, 1),
('TX-000000026', 'TT-007-QTCA', 'B', '16', 'MV-10119', 'PS-LSR', 'SS-EN/TH', '2025-04-28 19:00:00', 360, 1),
('TX-000000027', 'TT-007-QTCA', 'E', '17', 'MV-10119', 'PS-LSR', 'SS-EN/TH', '2025-04-28 19:00:00', 360, 0),
('TX-000000028', 'TT-007-QTCA', 'C', '06', 'MV-10119', 'PS-LSR', 'SS-EN/TH', '2025-04-28 19:00:00', 900, 0);

-- --------------------------------------------------------

--
-- Table structure for table `Brand`
--

CREATE TABLE `Brand` (
  `Brand_ID` varchar(10) NOT NULL,
  `Brand_Name` varchar(50) NOT NULL,
  `Brand_Category` varchar(20) NOT NULL
) ENGINE=InnoDB DEFAULT CHARSET=utf8mb4 COLLATE=utf8mb4_general_ci;

--
-- Dumping data for table `Brand`
--

INSERT INTO `Brand` (`Brand_ID`, `Brand_Name`, `Brand_Category`) VALUES
('BRD-EGV', 'EGV', 'EGV'),
('BRD-FLG01', 'Paragon Cineplex', 'FLAGSHIP'),
('BRD-FLG02', 'Esplanade Cineplex', 'FLAGSHIP'),
('BRD-FLG03', 'IMAX', 'FLAGSHIP'),
('BRD-FLG04', 'Quartier CineArt', 'FLAGSHIP'),
('BRD-FLG05', 'Mega Cineplex', 'FLAGSHIP'),
('BRD-FLG06', 'Westgate Cineplex', 'FLAGSHIP'),
('BRD-FLG07', 'Promenade Cineplex', 'FLAGSHIP'),
('BRD-FLG08', 'Eastville Cineplex', 'FLAGSHIP'),
('BRD-FLG09', 'Hatyai Cineplex', 'FLAGSHIP'),
('BRD-FLG10', 'Diana Cineplex', 'FLAGSHIP'),
('BRD-FLG11', 'Ayutthaya City Park', 'FLAGSHIP'),
('BRD-FLG12', 'Bluport Cineplex', 'FLAGSHIP'),
('BRD-FLG13', 'Korat Cineplex', 'FLAGSHIP'),
('BRD-FLG14', 'Seacon Cineplex', 'FLAGSHIP'),
('BRD-FLG15', 'ICON CINECONIC', 'FLAGSHIP'),
('BRD-FLG16', 'Cineplex', 'FLAGSHIP'),
('BRD-FLG17', 'IMAX Laser', 'FLAGSHIP'),
('BRD-FLG18', 'Krungsri IMAX Laser', 'FLAGSHIP'),
('BRD-MJR', 'Major', 'MAJOR');

-- --------------------------------------------------------

--
-- Table structure for table `Cinema`
--

CREATE TABLE `Cinema` (
  `Cinema_ID` varchar(10) NOT NULL,
  `Location_ID` varchar(10) NOT NULL,
  `Brand_ID` varchar(10) NOT NULL,
  `BangkokSection_ID` varchar(10) NOT NULL,
  `Cinema_Name` varchar(50) NOT NULL
) ENGINE=InnoDB DEFAULT CHARSET=utf8mb4 COLLATE=utf8mb4_general_ci;

--
-- Dumping data for table `Cinema`
--

INSERT INTO `Cinema` (`Cinema_ID`, `Location_ID`, `Brand_ID`, `BangkokSection_ID`, `Cinema_Name`) VALUES
('CNM-00001', 'LO-BKK', 'BRD-FLG01', 'BKK-URB', 'Paragon Cineplex'),
('CNM-00002', 'LO-BKK', 'BRD-FLG18', 'BKK-URB', 'Krungsri IMAX LASER Paragon Cineplex'),
('CNM-00003', 'LO-BKK', 'BRD-MJR', 'BKK-URB', 'Major Sukhumvit'),
('CNM-00004', 'LO-BKK', 'BRD-MJR', 'BKK-URB', 'Major Central Rama III'),
('CNM-00005', 'LO-BKK', 'BRD-MJR', 'BKK-URB', 'Major Samsen'),
('CNM-00006', 'LO-BKK', 'BRD-FLG04', 'BKK-URB', 'Quartier CineArt'),
('CNM-00007', 'LO-BKK', 'BRD-FLG17', 'BKK-URB', 'IMAX Laser Quartier Cineart'),
('CNM-00008', 'LO-BKK', 'BRD-MJR', 'BKK-URB', 'Major Gateway Bang Sue'),
('CNM-00009', 'LO-BKK', 'BRD-FLG17', 'BKK-NRT', 'IMAX Bangkapi Cineplex The Mall Lifestore Bangkapi'),
('CNM-00010', 'LO-BKK', 'BRD-MJR', 'BKK-NRT', 'Major Ratchayothin'),
('CNM-00011', 'LO-BKK', 'BRD-FLG17', 'BKK-NRT', 'IMAX Laser Major Ratchayothin'),
('CNM-00012', 'LO-BKK', 'BRD-FLG02', 'BKK-NRT', 'Esplanade Ratchadapisek'),
('CNM-00013', 'LO-BKK', 'BRD-MJR', 'BKK-NRT', 'Major Fashion Island'),
('CNM-00014', 'LO-BKK', 'BRD-MJR', 'BKK-NRT', 'Major Lotus Bangkapi'),
('CNM-00015', 'LO-BKK', 'BRD-FLG08', 'BKK-NRT', 'Eastville Cineplex'),
('CNM-00016', 'LO-BKK', 'BRD-FLG07', 'BKK-NRT', 'Promenade Cineplex'),
('CNM-00017', 'LO-BKK', 'BRD-FLG14', 'BKK-EST', 'Seacon Cineplex'),
('CNM-00018', 'LO-BKK', 'BRD-MJR', 'BKK-EST', 'Major Central Bangna'),
('CNM-00019', 'LO-BKK', 'BRD-MJR', 'BKK-EST', 'Major Samrong'),
('CNM-00020', 'LO-BKK', 'BRD-MJR', 'BKK-EST', 'Major Lotus Srinakarin'),
('CNM-00021', 'LO-BKK', 'BRD-MJR', 'BKK-EST', 'IMAX LASER Mega Cineplex'),
('CNM-00022', 'LO-BKK', 'BRD-MJR', 'BKK-EST', 'Major Robinson Samutprakan'),
('CNM-00023', 'LO-BKK', 'BRD-MJR', 'BKK-EST', 'Major Robinson Ladkrabang'),
('CNM-00024', 'LO-BKK', 'BRD-MJR', 'BKK-EST', 'Major Lotus Samutprakan'),
('CNM-00025', 'LO-BKK', 'BRD-FLG05', 'BKK-EST', 'Mega Cineplex'),
('CNM-00026', 'LO-BKK', 'BRD-EGV', 'BKK-EST', 'EGV Big C Samutprakan'),
('CNM-00027', 'LO-BKK', 'BRD-MJR', 'BKK-THN', 'Major Central Pinklao'),
('CNM-00028', 'LO-BKK', 'BRD-MJR', 'BKK-THN', 'Major Pinklao'),
('CNM-00029', 'LO-BKK', 'BRD-FLG17', 'BKK-THN', 'IMAX Central Pinklao'),
('CNM-00030', 'LO-BKK', 'BRD-MJR', 'BKK-THN', 'Major Central RAMA II'),
('CNM-00031', 'LO-BKK', '-', 'BKK-THN', 'Major Big C AomYai'),
('CNM-00032', 'LO-BKK', 'BRD-MJR', 'BKK-THN', 'Major Lotus Salaya'),
('CNM-00033', 'LO-BKK', 'BRD-MJR', 'BKK-THN', 'Major Petchakasem'),
('CNM-00034', 'LO-BKK', 'BRD-MJR', 'BKK-THN', 'Major Big C Suksawat'),
('CNM-00035', 'LO-BKK', 'BRD-EGV', 'BKK-THN', 'Major Bangkae'),
('CNM-00036', 'LO-BKK', 'BRD-FLG17', 'BKK-THN', 'IMAX LASER ICON CINECONIC'),
('CNM-00038', 'LO-BKK', 'BRD-MJR', 'BKK-THN', 'Major Lotus Bang Pakok'),
('CNM-00039', 'LO-BKK', 'BRD-FLG15', 'BKK-THN', 'ICON CINECONIC'),
('CNM-00040', 'LO-BKK', 'BRD-MJR', 'BKK-THN', 'Major Lotus Rama 2'),
('CNM-00041', 'LO-BKK', 'BRD-MJR', 'BKK-PTT', 'Major Rangsit'),
('CNM-00042', 'LO-BKK', 'BRD-MJR', 'BKK-PTT', 'Major Future Park Rangsit'),
('CNM-00043', 'LO-BKK', 'BRD-MJR', 'BKK-PTT', 'Major Big C Thanyaburi'),
('CNM-00044', 'LO-BKK', 'BRD-MJR', 'BKK-PTT', 'Major Lotus Navanakorn'),
('CNM-00045', 'LO-BKK', 'BRD-MJR', 'BKK-PTT', 'Major Lotus Bangkadi'),
('CNM-00046', 'LO-BKK', 'BRD-MJR', 'BKK-PTT', 'Major Big C Phatum Thani'),
('CNM-00047', 'LO-BKK', 'BRD-FLG02', 'BKK-NON', 'Esplanade Ngamwongwan-Khae Rai'),
('CNM-00048', 'LO-BKK', 'BRD-FLG03', 'BKK-NON', 'IMAX Westgate Cineplex'),
('CNM-00049', 'LO-BKK', 'BRD-MJR', 'BKK-NON', 'Major Lotus Bangyai'),
('CNM-00050', 'LO-BKK', 'BRD-FLG17', 'BKK-NON', 'IMAX LASER Esplanade Cineplex Ngamwongwan-Khae Rai'),
('CNM-00051', 'LO-BKK', 'BRD-FLG06', 'BKK-NON', 'Westgate Cineplex'),
('CNM-00052', 'LO-BKK', '-', 'BKK-NON', 'Westville Cineplex Central Westville'),
('CNM-00053', 'LO-BKK', 'BRD-EGV', 'BKK-NON', 'Major Robinson lifestyle Ratchaphruek'),
('CNM-00054', 'LO-BKK', '-', 'BKK-NON', 'Major Charn & The Avenue Chaengwattana'),
('CNM-00055', 'LO-BKK', '-', 'BKK-NON', 'Major Big C Tiwanon'),
('CNM-00056', 'LO-BKK', '-', 'BKK-LAR', 'Bangkapi Cineplex The Mall Lifestore Bangkapi'),
('CNM-00100', 'LO-CEN', 'BRD-MJR', '-', 'Major Lotus Nakhon Nayok'),
('CNM-00101', 'LO-CEN', 'BRD-MJR', '-', 'Major V-Square NakornSawan'),
('CNM-00102', 'LO-CEN', 'BRD-MJR', '-', 'Major Central Phitsanulok'),
('CNM-00103', 'LO-CEN', 'BRD-MJR', '-', 'Major Lotus Phitsanulok'),
('CNM-00104', 'LO-CEN', 'BRD-MJR', '-', 'Major Big C Ayutthaya'),
('CNM-00105', 'LO-CEN', 'BRD-MJR', '-', 'Major Big C Kamphaengphet'),
('CNM-00106', 'LO-CEN', 'BRD-MJR', '-', 'Major SukAnan Park Saraburi'),
('CNM-00107', 'LO-CEN', 'BRD-MJR', '-', 'Major Lotus Petchaboon'),
('CNM-00108', 'LO-CEN', 'BRD-MJR', '-', 'Major Big C Mahachai'),
('CNM-00109', 'LO-CEN', 'BRD-EGV', '-', 'EGV Big C Nong Bua'),
('CNM-00110', 'LO-CEN', '-', '-', 'Major Big C Saraburi'),
('CNM-00111', 'LO-CEN', 'BRD-MJR', '-', 'Major Lotus AngThong'),
('CNM-00112', 'LO-CEN', 'BRD-MJR', '-', 'Major Robinson Kamphaeng Phet'),
('CNM-00113', 'LO-CEN', 'BRD-EGV', '-', 'EGV Lotus Tha Thong'),
('CNM-00114', 'LO-CEN', 'BRD-MJR', '-', 'Nakhon Pathom Cineplex'),
('CNM-00115', 'LO-CEN', 'BRD-MJR', '-', 'Major Tops Phichit'),
('CNM-00116', 'LO-CEN', 'BRD-MJR', '-', 'Major Cineplex BigC Lopburi'),
('CNM-00117', 'LO-CEN', 'BRD-EGV', '-', 'EGV Big C Tha Tako'),
('CNM-00118', 'LO-CEN', 'BRD-MJR', '-', 'Major Lotus Suphanburi'),
('CNM-00119', 'LO-CEN', 'BRD-MJR', '-', 'Major Lotus U-Thong'),
('CNM-00120', 'LO-CEN', 'BRD-MJR', '-', 'Major Lotus Saraburi'),
('CNM-00121', 'LO-CEN', 'BRD-MJR', '-', 'Major Big C Suphanburi'),
('CNM-00122', 'LO-CEN', 'BRD-MJR', '-', 'Major Big C Sukhothai'),
('CNM-00123', 'LO-CEN', 'BRD-MJR', '-', 'Major Big C Lat Yao'),
('CNM-00124', 'LO-CEN', 'BRD-FLG11', '-', 'Ayutthaya City Park Cineplex'),
('CNM-00125', 'LO-CEN', 'BRD-MJR', '-', 'Major Lotus Kamphaeng Saen'),
('CNM-00126', 'LO-CEN', 'BRD-EGV', '-', 'Major Big C Mahachai 2'),
('CNM-00127', 'LO-CEN', 'BRD-MJR', '-', 'Major Chaisaeng Sing Buri'),
('CNM-00128', 'LO-CEN', 'BRD-MJR', '-', 'Major Lotus Khok Samrong'),
('CNM-00129', 'LO-CEN', 'BRD-MJR', '-', 'Major Lotus Nakhonsawan'),
('CNM-00130', 'LO-CEN', 'BRD-MJR', '-', 'Major Robinson Saraburi'),
('CNM-00131', 'LO-CEN', 'BRD-MJR', '-', 'Major Lotus Nakhon Pathom'),
('CNM-00132', 'LO-CEN', 'BRD-MJR', '-', 'Major Lotus Phichit'),
('CNM-00133', 'LO-CEN', 'BRD-MJR', '-', 'Major Lotus Samphran'),
('CNM-00134', 'LO-CEN', 'BRD-MJR', '-', 'Major The Sky Ayutthaya'),
('CNM-00135', 'LO-CEN', 'BRD-MJR', '-', 'Major Big C Wichianburi'),
('CNM-00200', 'LO-NRT', 'BRD-MJR', '-', 'Major Central Chiangmai Airport'),
('CNM-00201', 'LO-NRT', 'BRD-MJR', '-', 'Major Central Chiangrai'),
('CNM-00202', 'LO-NRT', 'BRD-MJR', '-', 'Major Big C Chiang Rai'),
('CNM-00203', 'LO-NRT', '-', '-', 'Major Mark Four Phrae'),
('CNM-00204', 'LO-NRT', 'BRD-EGV', '-', 'EGV Lotus Uttaradit'),
('CNM-00205', 'LO-NRT', 'BRD-MJR', '-', 'Major Phayao'),
('CNM-00206', 'LO-NRT', 'BRD-EGV', '-', 'EGV Big C Lamphun'),
('CNM-00207', 'LO-NRT', 'BRD-FLG17', '-', 'IMAX Laser Major Central Festival Chiangmai'),
('CNM-00208', 'LO-NRT', 'BRD-MJR', '-', 'Major Big C Nan'),
('CNM-00209', 'LO-NRT', 'BRD-MJR', '-', 'Major Big C Lampang'),
('CNM-00210', 'LO-NRT', 'BRD-MJR', '-', 'Major Lotus Phayao'),
('CNM-00211', 'LO-NRT', 'BRD-MJR', '-', 'Major CentralFestival Chiangmai'),
('CNM-00212', 'LO-NRT', 'BRD-MJR', '-', 'Major Sri Pong Park Uttaradit'),
('CNM-00213', 'LO-NRT', 'BRD-MJR', '-', 'Major Lotus ChomThong'),
('CNM-00214', 'LO-NRT', 'BRD-EGV', '-', 'EGV Lotus Mae Sot'),
('CNM-00215', 'LO-NRT', 'BRD-MJR', '-', 'Major Jampha Lamphun'),
('CNM-00300', 'LO-WST', 'BRD-MJR', '-', 'Major Huahin'),
('CNM-00301', 'LO-WST', 'BRD-MJR', '-', 'Major Lotus Baanpong'),
('CNM-00302', 'LO-WST', 'BRD-MJR', '-', 'Major TMK Kanchanaburi'),
('CNM-00303', 'LO-WST', 'BRD-MJR', '-', 'Major Lotus Ratchaburi'),
('CNM-00304', 'LO-WST', 'BRD-MJR', '-', 'Major Robinson Phetchaburi'),
('CNM-00305', 'LO-WST', 'BRD-FLG12', '-', 'Bluport Cineplex'),
('CNM-00306', 'LO-WST', 'BRD-MJR', '-', 'Major Cineplex Big C Ratchaburi'),
('CNM-00400', 'LO-NOE', 'BRD-MJR', '-', 'Major Central UdonThani'),
('CNM-00401', 'LO-NOE', 'BRD-FLG13', '-', 'Korat Cineplex'),
('CNM-00402', 'LO-NOE', '-', '-', 'Major Lotus Khonkaen'),
('CNM-00403', 'LO-NOE', 'BRD-MJR', '-', 'Major Lotus Khonkaen Pratunam'),
('CNM-00404', 'LO-NOE', 'BRD-MJR', '-', 'Major Big C Dan Khun Thot'),
('CNM-00405', 'LO-NOE', 'BRD-MJR', '-', 'Major Big C Nakhon Phanom'),
('CNM-00406', 'LO-NOE', 'BRD-MJR', '-', 'Major Big C Korat 2'),
('CNM-00407', 'LO-NOE', 'BRD-MJR', '-', 'Major Lotus Phibun Mangsahan'),
('CNM-00408', 'LO-NOE', 'BRD-EGV', '-', 'EGV Lotus Phimai'),
('CNM-00409', 'LO-NOE', 'BRD-MJR', '-', 'Major Big C Roi Et'),
('CNM-00410', 'LO-NOE', 'BRD-MJR', '-', 'Major Lotus Yasothon'),
('CNM-00411', 'LO-NOE', 'BRD-MJR', '-', 'Major Big C Chaiyaphum'),
('CNM-00412', 'LO-NOE', 'BRD-MJR', '-', 'Major Big C Nong Ki'),
('CNM-00413', 'LO-NOE', 'BRD-MJR', '-', 'Major Big C Ban Phai'),
('CNM-00414', 'LO-NOE', 'BRD-MJR', '-', 'Major Lotus Det Udom'),
('CNM-00415', 'LO-NOE', 'BRD-MJR', '-', 'Major Central Ubonratchathani'),
('CNM-00416', 'LO-NOE', 'BRD-MJR', '-', 'Major Big C Phang Khon'),
('CNM-00417', 'LO-NOE', 'BRD-MJR', '-', 'Major Big C Buriram'),
('CNM-00418', 'LO-NOE', 'BRD-MJR', '-', 'Major Robinson Mukdahan'),
('CNM-00419', 'LO-NOE', 'BRD-MJR', '-', 'Major Robinson Sakonnakhon'),
('CNM-00420', 'LO-NOE', 'BRD-MJR', '-', 'Major Lotus Phon'),
('CNM-00421', 'LO-NOE', 'BRD-MJR', '-', 'Major Lotus Phayakkhaphom Phisai'),
('CNM-00422', 'LO-NOE', 'BRD-MJR', '-', 'Major Big C Suwannaphum'),
('CNM-00423', 'LO-NOE', 'BRD-MJR', '-', 'Major Robinson Roi Et'),
('CNM-00424', 'LO-NOE', 'BRD-EGV', '-', 'EGV Big C Ban Dung'),
('CNM-00425', 'LO-NOE', '-', '-', 'Major Surin Plaza'),
('CNM-00426', 'LO-NOE', 'BRD-EGV', '-', 'EGV Big C Kham Ta Kla'),
('CNM-00427', 'LO-NOE', 'BRD-EGV', '-', 'EGV Big C Udonthani'),
('CNM-00428', 'LO-NOE', 'BRD-MJR', '-', 'Major Lotus Si Sa Ket'),
('CNM-00429', 'LO-NOE', 'BRD-MJR', '-', 'Major Lotus Nongbua Lamphu'),
('CNM-00430', 'LO-NOE', 'BRD-MJR', '-', 'Major Lotus Nadee Udonthani'),
('CNM-00431', 'LO-NOE', 'BRD-EGV', '-', 'EGV Big C Nam Yuen'),
('CNM-00432', 'LO-NOE', 'BRD-MJR', '-', 'Major Robinson Chaiyaphum'),
('CNM-00433', 'LO-NOE', 'BRD-MJR', '-', 'Major Big C Pak Chong'),
('CNM-00434', 'LO-NOE', '-', '-', 'Major Fairy Plaza Khon Kaen'),
('CNM-00435', 'LO-NOE', 'BRD-MJR', '-', 'Major Asawann Nong Khai'),
('CNM-00500', 'LO-STH', '-', '-', 'Major Big C Yala'),
('CNM-00501', 'LO-STH', '-', '-', 'Major Big C Pattani'),
('CNM-00502', 'LO-STH', '-', '-', 'Major Lotus Krabi'),
('CNM-00503', 'LO-STH', '-', '-', 'Major Lotus Samui'),
('CNM-00504', 'LO-STH', '-', '-', 'Major Lotus Hatyai'),
('CNM-00505', 'LO-STH', '-', '-', 'Major Lotus Phatthalung'),
('CNM-00506', 'LO-STH', '-', '-', 'Major Ocean Chumphon'),
('CNM-00507', 'LO-STH', '-', '-', 'Major Lotus Satun'),
('CNM-00508', 'LO-STH', '-', '-', 'Major Sahathai Thung Song'),
('CNM-00509', 'LO-STH', '-', '-', 'Major Sahathai Nakhonsithammarat'),
('CNM-00510', 'LO-STH', '-', '-', 'Major Big C Sichon'),
('CNM-00511', 'LO-STH', 'BRD-FLG09', '-', 'Hatyai Cineplex Central Festival Hatyai'),
('CNM-00512', 'LO-STH', 'BRD-EGV', '-', 'EGV Lotus Suratthani'),
('CNM-00513', 'LO-STH', '-', '-', 'Major Robinson Lifestyle Chalong Phuket'),
('CNM-00514', 'LO-STH', '-', '-', 'Major Lotus Prachuap Khiri Khan'),
('CNM-00515', 'LO-STH', 'BRD-EGV', '-', 'EGV Lotus Nakhonsithammarat'),
('CNM-00516', 'LO-STH', '-', '-', 'Major CentralFestival Samui'),
('CNM-00517', 'LO-STH', '-', '-', 'Major Big C Ranong'),
('CNM-00518', 'LO-STH', '-', '-', 'Major Big C Phangnga'),
('CNM-00519', 'LO-STH', 'BRD-FLG10', '-', 'Diana Cineplex'),
('CNM-00520', 'LO-STH', '-', '-', 'Major Lotus Chana'),
('CNM-00521', 'LO-STH', 'BRD-EGV', '-', 'EGV Lotus Songkhla'),
('CNM-00522', 'LO-STH', '-', '-', 'Major Sahathai Suratthani'),
('CNM-00600', 'LO-EST', 'BRD-EGV', '-', 'EGV Sriracha'),
('CNM-00601', 'LO-EST', 'BRD-MJR', '-', 'Major Big C Chanthaburi'),
('CNM-00602', 'LO-EST', 'BRD-MJR', '-', 'Major Chachoengsao'),
('CNM-00603', 'LO-EST', 'BRD-MJR', '-', 'Major Big C Chonburi'),
('CNM-00604', 'LO-EST', 'BRD-MJR', '-', 'Major Lotus Amatanakorn'),
('CNM-00605', 'LO-EST', 'BRD-MJR', '-', 'Major Pattaya'),
('CNM-00606', 'LO-EST', 'BRD-MJR', '-', 'Major Lotus Klaeng'),
('CNM-00607', 'LO-EST', 'BRD-MJR', '-', 'Major Lotus Map Ta Phut'),
('CNM-00608', 'LO-EST', 'BRD-FLG16', '-', 'Chanthaburi Cineplex'),
('CNM-00609', 'LO-EST', 'BRD-EGV', '-', 'Si Racha Cineplex'),
('CNM-00610', 'LO-EST', 'BRD-MJR', '-', 'Major Big C Wang Nam Yen'),
('CNM-00611', 'LO-EST', 'BRD-MJR', '-', 'Major Big C Srimahaphot PrachinBuri'),
('CNM-00612', 'LO-EST', 'BRD-MJR', '-', 'Major Central Rayong'),
('CNM-00613', 'LO-EST', 'BRD-MJR', '-', 'Major Lotus Ban Suan'),
('CNM-00614', 'LO-EST', 'BRD-EGV', '-', 'Major Big C Bowin'),
('CNM-00615', 'LO-EST', 'BRD-MJR', '-', 'Major Big C Sattahip');

-- --------------------------------------------------------

--
-- Table structure for table `Customer`
--

CREATE TABLE `Customer` (
  `Customer_ID` varchar(20) NOT NULL,
  `Customer_Email` varchar(100) NOT NULL,
  `Customer_Phone` varchar(20) NOT NULL
) ENGINE=InnoDB DEFAULT CHARSET=utf8mb4 COLLATE=utf8mb4_general_ci;

--
-- Dumping data for table `Customer`
--

INSERT INTO `Customer` (`Customer_ID`, `Customer_Email`, `Customer_Phone`) VALUES
('CUST0001', 'normafisher865@hotmail.com', '+66825792650'),
('CUST0002', 'jorgesullivan42@hotmail.com', '+66874488524'),
('CUST0003', 'elizabethwoods498@hotmail.com', '+66762839777'),
('CUST0004', 'susanwagner992@hotmail.com', '+66792226293'),
('CUST0005', 'petermontgomery598@gmail.com', '+66870951694'),
('CUST0006', 'theodoremcgrath143@hotmail.com', '+66675025445'),
('CUST0007', 'stephaniecollins774@gmail.com', '+66931984327'),
('CUST0008', 'stephaniesutton819@hotmail.com', '+66885917922'),
('CUST0009', 'brianhamilton723@yahoo.com', '+66678899301'),
('CUST0010', 'susanlevy318@gmail.com', '+66991825439'),
('CUST0011', 'seangreen76@yahoo.com', '+66777273283'),
('CUST0012', 'kimberlysmith484@yahoo.com', '+66654063550'),
('CUST0013', 'jennifersummers363@hotmail.com', '+66769756810'),
('CUST0014', 'aprilsnyder626@yahoo.com', '+66709778153'),
('CUST0015', 'dananguyen990@yahoo.com', '+66856092672'),
('CUST0016', 'cherylbradley454@yahoo.com', '+66739850744'),
('CUST0017', 'walterpratt64@yahoo.com', '+66607538581'),
('CUST0018', 'bobbyflores96@yahoo.com', '+66814116758'),
('CUST0019', 'tasharodriguez728@yahoo.com', '+66935687036'),
('CUST0020', 'michellekelley2@yahoo.com', '+66864987599'),
('CUST0021', 'kimberlymaynard848@hotmail.com', '+66730948653'),
('CUST0022', 'lauriewallace748@hotmail.com', '+66977765213'),
('CUST0023', 'janicejohnston892@gmail.com', '+66702578361'),
('CUST0024', 'collinlopez940@yahoo.com', '+66719026373'),
('CUST0025', 'maryalvarez245@gmail.com', '+66891515512'),
('CUST0026', 'petermcdowell459@gmail.com', '+66643189018'),
('CUST0027', 'sarahvillanueva328@yahoo.com', '+66862683840'),
('CUST0028', 'kimberlymyers112@hotmail.com', '+66895959350'),
('CUST0029', 'desireecain299@yahoo.com', '+66667007241'),
('CUST0030', 'stephanielawrence561@hotmail.com', '+66890062552'),
('CUST0031', 'laurenhayes209@yahoo.com', '+66893791924'),
('CUST0032', 'whitneystark602@hotmail.com', '+66838901664'),
('CUST0033', 'angelasalazar94@yahoo.com', '+66806642228'),
('CUST0034', 'mr.ryansanchez325@yahoo.com', '+66729980289'),
('CUST0035', 'autumnrobinson298@gmail.com', '+66701678692'),
('CUST0036', 'faithcabrera842@gmail.com', '+66617701931'),
('CUST0037', 'charleswolfe628@yahoo.com', '+66739616614'),
('CUST0038', 'kennethkent488@gmail.com', '+66648224084'),
('CUST0039', 'melaniejohnson696@gmail.com', '+66680289223'),
('CUST0040', 'lisajohnston946@gmail.com', '+66643082987'),
('CUST0041', 'jacobhooper920@yahoo.com', '+66890232375'),
('CUST0042', 'alexwoodward700@hotmail.com', '+66978646142'),
('CUST0043', 'calebclark538@hotmail.com', '+66880133924'),
('CUST0044', 'taylorjohnson832@gmail.com', '+66715535312'),
('CUST0045', 'briangreen917@yahoo.com', '+66916647098'),
('CUST0046', 'matthewbell846@hotmail.com', '+66911221390'),
('CUST0047', 'jonathanwilliams282@hotmail.com', '+66864492344'),
('CUST0048', 'williamgonzalez677@yahoo.com', '+66975930713'),
('CUST0049', 'nicholasmassey939@hotmail.com', '+66644223662'),
('CUST0050', 'carolinechambers333@yahoo.com', '+66661927923'),
('CUST0051', 'amylowe499@yahoo.com', '+66938307776'),
('CUST0052', 'gloriaking344@gmail.com', '+66730478757'),
('CUST0053', 'jessicathompson17@yahoo.com', '+66745512399'),
('CUST0054', 'jasoncarroll120@yahoo.com', '+66718358850'),
('CUST0055', 'emilyhoward381@gmail.com', '+66778528987'),
('CUST0056', 'daniellecastro437@gmail.com', '+66654013249'),
('CUST0057', 'patrickrogers802@gmail.com', '+66974559072'),
('CUST0058', 'douglasallen225@gmail.com', '+66908091981'),
('CUST0059', 'heatherroberts650@yahoo.com', '+66923287819'),
('CUST0060', 'travisschultz697@gmail.com', '+66614332733'),
('CUST0061', 'michellehughes128@yahoo.com', '+66701211236'),
('CUST0062', 'matthewsmith621@yahoo.com', '+66664261018'),
('CUST0063', 'georgeallen401@gmail.com', '+66798717367'),
('CUST0064', 'jamiehutchinson854@gmail.com', '+66619537826'),
('CUST0065', 'jennifermorales621@gmail.com', '+66704470220'),
('CUST0066', 'jenniferbates985@gmail.com', '+66985534159'),
('CUST0067', 'jeremygreen127@hotmail.com', '+66713052403'),
('CUST0068', 'josephfreeman745@gmail.com', '+66964721750'),
('CUST0069', 'nicolehenson24@yahoo.com', '+66828502370'),
('CUST0070', 'ericowensphd636@gmail.com', '+66739543428'),
('CUST0071', 'robinlopez72@gmail.com', '+66638639505'),
('CUST0072', 'missangelaswansondvm663@hotmail.com', '+66788062643'),
('CUST0073', 'michaelstewart447@gmail.com', '+66632771911'),
('CUST0074', 'mitchellsmith516@hotmail.com', '+66621141281'),
('CUST0075', 'kelseydavis611@gmail.com', '+66975446240'),
('CUST0076', 'matthewrusso401@gmail.com', '+66739657976'),
('CUST0077', 'williamgarcia368@yahoo.com', '+66852445376'),
('CUST0078', 'jennifermiller859@yahoo.com', '+66690959142'),
('CUST0079', 'jessesparks715@yahoo.com', '+66709207426'),
('CUST0080', 'brandimeyer990@gmail.com', '+66963033068'),
('CUST0081', 'hannahwiggins163@gmail.com', '+66783777646'),
('CUST0082', 'albertwilliams543@hotmail.com', '+66662928166'),
('CUST0083', 'kristinpotts612@hotmail.com', '+66957344405'),
('CUST0084', 'susanwilliams180@gmail.com', '+66853201966'),
('CUST0085', 'meredithrios698@hotmail.com', '+66905540075'),
('CUST0086', 'stephaniebowman896@yahoo.com', '+66767206296'),
('CUST0087', 'joshuaclark665@hotmail.com', '+66808650715'),
('CUST0088', 'alexahernandez858@yahoo.com', '+66734718448'),
('CUST0089', 'richardhiggins158@yahoo.com', '+66970882645'),
('CUST0090', 'marcwilliams13@hotmail.com', '+66998129715'),
('CUST0091', 'williamroberts81@hotmail.com', '+66996756259'),
('CUST0092', 'joshuacarter47@yahoo.com', '+66750798002'),
('CUST0093', 'davidwilliams139@gmail.com', '+66858678947'),
('CUST0094', 'josephjones361@yahoo.com', '+66754553277'),
('CUST0095', 'garyperry690@hotmail.com', '+66916902917'),
('CUST0096', 'terrywells970@yahoo.com', '+66933438092'),
('CUST0097', 'vanessacooper136@yahoo.com', '+66766589744'),
('CUST0098', 'michaelsimmons398@yahoo.com', '+66822488963'),
('CUST0099', 'nicholaskline849@yahoo.com', '+66643337891'),
('CUST0100', 'loribennett2@yahoo.com', '+66703245398'),
('CUST0101', 'margaretjones716@hotmail.com', '+66685942176'),
('CUST0102', 'paulbrown246@gmail.com', '+66942201197'),
('CUST0103', 'jamesstone459@hotmail.com', '+66981366238'),
('CUST0104', 'johnrichards897@yahoo.com', '+66905023969'),
('CUST0105', 'jennyrichardson896@hotmail.com', '+66616935851'),
('CUST0106', 'debbiewatersmd412@yahoo.com', '+66904659392'),
('CUST0107', 'austinboyer429@yahoo.com', '+66980644718'),
('CUST0108', 'stephaniehayes48@gmail.com', '+66839096636'),
('CUST0109', 'barbarasanders66@hotmail.com', '+66976623626'),
('CUST0110', 'andrewgould162@hotmail.com', '+66883238665'),
('CUST0111', 'charlesgonzalez907@hotmail.com', '+66901401973'),
('CUST0112', 'joshuahernandez619@gmail.com', '+66620889745'),
('CUST0113', 'victoriahernandezmd507@hotmail.com', '+66767534995'),
('CUST0114', 'sherrysimpson858@hotmail.com', '+66626766769'),
('CUST0115', 'ericajimenez829@hotmail.com', '+66700932427'),
('CUST0116', 'mr.dakotalynchii562@yahoo.com', '+66644811030'),
('CUST0117', 'victornolan858@yahoo.com', '+66670073328'),
('CUST0118', 'amandahernandez16@hotmail.com', '+66964274969'),
('CUST0119', 'richardkirby428@hotmail.com', '+66601821502'),
('CUST0120', 'michelleroman219@gmail.com', '+66985110465'),
('CUST0121', 'bradleymelton773@gmail.com', '+66962796905'),
('CUST0122', 'dannywilliams542@yahoo.com', '+66652497570'),
('CUST0123', 'ryanrivera196@gmail.com', '+66926610593'),
('CUST0124', 'charlesdouglas665@gmail.com', '+66762358377'),
('CUST0125', 'kathysantana287@yahoo.com', '+66697829235'),
('CUST0126', 'lauragregory103@hotmail.com', '+66812974639'),
('CUST0127', 'normamooney643@gmail.com', '+66611728214'),
('CUST0128', 'susanharris282@hotmail.com', '+66662158588'),
('CUST0129', 'lindapetersen883@hotmail.com', '+66671629613'),
('CUST0130', 'dr.jameswillis670@yahoo.com', '+66949386588'),
('CUST0131', 'rebeccasandoval661@hotmail.com', '+66661798856'),
('CUST0132', 'christopherhunter893@gmail.com', '+66749470131'),
('CUST0133', 'austinheath872@gmail.com', '+66622708354'),
('CUST0134', 'elizabethrussell42@gmail.com', '+66965607359'),
('CUST0135', 'amydavidson266@yahoo.com', '+66768960379'),
('CUST0136', 'dustingreer970@hotmail.com', '+66904656949'),
('CUST0137', 'andrewbutler932@gmail.com', '+66976520895'),
('CUST0138', 'scottlovedds623@yahoo.com', '+66865474974'),
('CUST0139', 'williamjenkins730@yahoo.com', '+66846243554'),
('CUST0140', 'jasminewilliams656@hotmail.com', '+66799957174'),
('CUST0141', 'christianjohnson893@yahoo.com', '+66695717812'),
('CUST0142', 'lorrainegarcia213@hotmail.com', '+66915210606'),
('CUST0143', 'hannahreyes299@gmail.com', '+66674333509'),
('CUST0144', 'katherineibarra155@hotmail.com', '+66778997264'),
('CUST0145', 'juliechen346@hotmail.com', '+66985741443'),
('CUST0146', 'calebfleming96@hotmail.com', '+66933148862'),
('CUST0147', 'rachelmartinez37@gmail.com', '+66744752286'),
('CUST0148', 'rebeccastark168@gmail.com', '+66913237966'),
('CUST0149', 'melaniepatrick297@hotmail.com', '+66811952330'),
('CUST0150', 'rachellopez562@gmail.com', '+66757521687'),
('CUST0151', 'jillsherman118@hotmail.com', '+66992195869'),
('CUST0152', 'richardjones246@gmail.com', '+66765291690'),
('CUST0153', 'timothytucker184@yahoo.com', '+66991196763'),
('CUST0154', 'theresaestrada73@hotmail.com', '+66816449787'),
('CUST0155', 'cindydavis856@hotmail.com', '+66760645468'),
('CUST0156', 'stacychan425@gmail.com', '+66653365148'),
('CUST0157', 'jennifertorres575@hotmail.com', '+66854479309'),
('CUST0158', 'jefferyknight346@hotmail.com', '+66666746370'),
('CUST0159', 'taylorperry491@gmail.com', '+66975592361'),
('CUST0160', 'raymondnavarro510@hotmail.com', '+66620306810'),
('CUST0161', 'jeremyparks310@hotmail.com', '+66994466433'),
('CUST0162', 'thomasrivers704@gmail.com', '+66689419166'),
('CUST0163', 'angelajones642@yahoo.com', '+66801633331'),
('CUST0164', 'allenbailey826@yahoo.com', '+66646665773'),
('CUST0165', 'williamfuentes68@gmail.com', '+66706322066'),
('CUST0166', 'stevenclark768@gmail.com', '+66632832960'),
('CUST0167', 'michaelmays395@gmail.com', '+66652654427'),
('CUST0168', 'adamwood404@yahoo.com', '+66878638004'),
('CUST0169', 'larryvillarreal297@hotmail.com', '+66862325221'),
('CUST0170', 'briancooper808@yahoo.com', '+66983543998'),
('CUST0171', 'beverlylevy696@gmail.com', '+66827116838'),
('CUST0172', 'johncarter86@hotmail.com', '+66718185612'),
('CUST0173', 'tinafields268@yahoo.com', '+66689432553'),
('CUST0174', 'williegarcia442@gmail.com', '+66792479165'),
('CUST0175', 'brookehurst118@gmail.com', '+66976885610'),
('CUST0176', 'reginastewart29@yahoo.com', '+66842457233'),
('CUST0177', 'paulcarter771@yahoo.com', '+66708280376'),
('CUST0178', 'angelanderson122@hotmail.com', '+66813649714'),
('CUST0179', 'blakejones263@gmail.com', '+66944132791'),
('CUST0180', 'juanyang44@gmail.com', '+66934693425'),
('CUST0181', 'jaywalsh150@gmail.com', '+66706284356'),
('CUST0182', 'jeremywood470@hotmail.com', '+66794155120'),
('CUST0183', 'amyortiz560@gmail.com', '+66656235230'),
('CUST0184', 'nicholasflores611@hotmail.com', '+66679672727'),
('CUST0185', 'edwardruiz578@hotmail.com', '+66942718816'),
('CUST0186', 'rebeccahill697@hotmail.com', '+66879832498'),
('CUST0187', 'melissaflynn508@yahoo.com', '+66773119560'),
('CUST0188', 'jamessaunders854@hotmail.com', '+66867708849'),
('CUST0189', 'davidchavez651@yahoo.com', '+66708443257'),
('CUST0190', 'brendaford556@yahoo.com', '+66717452915'),
('CUST0191', 'karenharris10@hotmail.com', '+66978812751'),
('CUST0192', 'michaelmontgomery986@yahoo.com', '+66770864234'),
('CUST0193', 'edwinmack838@hotmail.com', '+66619041877'),
('CUST0194', 'kimberlymoore538@gmail.com', '+66737912427'),
('CUST0195', 'kaitlingregory618@gmail.com', '+66803476817'),
('CUST0196', 'crystalgill597@hotmail.com', '+66985543993'),
('CUST0197', 'williammartinez724@hotmail.com', '+66635626287'),
('CUST0198', 'amandascott820@gmail.com', '+66877308751'),
('CUST0199', 'laurenfoster890@gmail.com', '+66635623901'),
('CUST0200', 'davidcampbell231@gmail.com', '+66621814153'),
('CUST0201', 'susanlarson308@gmail.com', '+66840834436'),
('CUST0202', 'rickytorres339@gmail.com', '+66679896855'),
('CUST0203', 'josephwright890@yahoo.com', '+66847355268'),
('CUST0204', 'carlaperry992@hotmail.com', '+66871119646'),
('CUST0205', 'josephberry392@yahoo.com', '+66869739300'),
('CUST0206', 'kimjenkins35@yahoo.com', '+66648665677'),
('CUST0207', 'jenniferosborne695@yahoo.com', '+66922198934'),
('CUST0208', 'ebonywatson79@yahoo.com', '+66828903867'),
('CUST0209', 'brooketerry928@gmail.com', '+66755512251'),
('CUST0210', 'kevintaylor549@yahoo.com', '+66824326490'),
('CUST0211', 'heatherkennedy846@hotmail.com', '+66808611334'),
('CUST0212', 'johnneal623@yahoo.com', '+66725397526'),
('CUST0213', 'matthewbrown872@gmail.com', '+66952715893'),
('CUST0214', 'patrickwilliams907@gmail.com', '+66997684660'),
('CUST0215', 'allisonruiz187@hotmail.com', '+66872117203'),
('CUST0216', 'alexandrarose584@hotmail.com', '+66778609337'),
('CUST0217', 'seanparks68@hotmail.com', '+66740664220'),
('CUST0218', 'maureensmith966@hotmail.com', '+66819082613'),
('CUST0219', 'marckey394@hotmail.com', '+66633424919'),
('CUST0220', 'melissaacosta168@yahoo.com', '+66668354842'),
('CUST0221', 'paulroberts245@hotmail.com', '+66991620840'),
('CUST0222', 'joelrivera850@hotmail.com', '+66629810852'),
('CUST0223', 'javierprince965@gmail.com', '+66858412299'),
('CUST0224', 'jermainefletcher428@gmail.com', '+66864049734'),
('CUST0225', 'beverlylozano912@yahoo.com', '+66985037777'),
('CUST0226', 'richardprice84@yahoo.com', '+66975109776'),
('CUST0227', 'jeanrobinson156@hotmail.com', '+66820729212'),
('CUST0228', 'toddwillis37@yahoo.com', '+66850331608'),
('CUST0229', 'jamesyoung396@hotmail.com', '+66625250604'),
('CUST0230', 'codybrown104@hotmail.com', '+66681264944'),
('CUST0231', 'carriebishop21@gmail.com', '+66921210004'),
('CUST0232', 'michelehunt633@gmail.com', '+66938210579'),
('CUST0233', 'shawngomez332@gmail.com', '+66975852423'),
('CUST0234', 'markblack563@yahoo.com', '+66786115955'),
('CUST0235', 'tinaspears200@hotmail.com', '+66863238372'),
('CUST0236', 'laurenhenry114@gmail.com', '+66927555541'),
('CUST0237', 'cindyadams718@hotmail.com', '+66929816359'),
('CUST0238', 'christophersmith648@hotmail.com', '+66949219594'),
('CUST0239', 'brendabuchanan128@yahoo.com', '+66983120150'),
('CUST0240', 'tracysanders637@hotmail.com', '+66668241191'),
('CUST0241', 'jodymorgan982@hotmail.com', '+66757734568'),
('CUST0242', 'stephennorton939@yahoo.com', '+66965612549'),
('CUST0243', 'jesusnguyen830@gmail.com', '+66878639927'),
('CUST0244', 'andrewwood882@gmail.com', '+66620500098'),
('CUST0245', 'josephlopez801@hotmail.com', '+66838681858'),
('CUST0246', 'michaelfitzgerald381@gmail.com', '+66844528721'),
('CUST0247', 'scottscott366@yahoo.com', '+66640447631'),
('CUST0248', 'michealwilliams980@gmail.com', '+66621464461'),
('CUST0249', 'andreamurray498@hotmail.com', '+66614310831'),
('CUST0250', 'amberlamb968@yahoo.com', '+66957830450'),
('CUST0251', 'juliawilson583@yahoo.com', '+66715953049'),
('CUST0252', 'brettcannon236@gmail.com', '+66936847709'),
('CUST0253', 'thomasalexander799@yahoo.com', '+66975005639'),
('CUST0254', 'jefferyfischer537@hotmail.com', '+66872250848'),
('CUST0255', 'amandawhite313@gmail.com', '+66678216949'),
('CUST0256', 'carlpittsdvm437@yahoo.com', '+66826589867'),
('CUST0257', 'jeffreyhawkins946@gmail.com', '+66656245077'),
('CUST0258', 'joshuaharris426@gmail.com', '+66653263494'),
('CUST0259', 'jeremyjacobs426@gmail.com', '+66994213216'),
('CUST0260', 'debbiehall978@gmail.com', '+66839830222'),
('CUST0261', 'richardgarcia442@yahoo.com', '+66823885646'),
('CUST0262', 'daniellemitchell31@hotmail.com', '+66774214143'),
('CUST0263', 'maryharmon740@hotmail.com', '+66642165059'),
('CUST0264', 'shannonmartinez361@gmail.com', '+66665164317'),
('CUST0265', 'baileymclaughlin368@yahoo.com', '+66615771930'),
('CUST0266', 'michaelwarner354@hotmail.com', '+66695513448'),
('CUST0267', 'conniedecker11@gmail.com', '+66796388711'),
('CUST0268', 'josephleonard73@yahoo.com', '+66676928847'),
('CUST0269', 'markmitchell213@gmail.com', '+66709946223'),
('CUST0270', 'roberttran675@yahoo.com', '+66993043986'),
('CUST0271', 'kevinjohnson961@gmail.com', '+66603857184'),
('CUST0272', 'jamesdaugherty301@hotmail.com', '+66970154496'),
('CUST0273', 'angelahubbard26@yahoo.com', '+66725017426'),
('CUST0274', 'patriciahudson880@gmail.com', '+66700390406'),
('CUST0275', 'cindyoconnor465@gmail.com', '+66855923093'),
('CUST0276', 'oliviagomez353@yahoo.com', '+66738630187'),
('CUST0277', 'lorilester134@gmail.com', '+66711733643'),
('CUST0278', 'royfox371@hotmail.com', '+66854138798'),
('CUST0279', 'jesussmith984@hotmail.com', '+66759099891'),
('CUST0280', 'matthewguerrero960@yahoo.com', '+66941404647'),
('CUST0281', 'troycastillomd335@gmail.com', '+66918374862'),
('CUST0282', 'deannamunoz83@gmail.com', '+66886274536'),
('CUST0283', 'samanthafloyd595@hotmail.com', '+66683968253'),
('CUST0284', 'anthonyjohnson386@gmail.com', '+66667235562'),
('CUST0285', 'tonyacooper824@gmail.com', '+66769592914'),
('CUST0286', 'nicholasbarrett521@gmail.com', '+66727054362'),
('CUST0287', 'michaeltorres773@gmail.com', '+66756261389'),
('CUST0288', 'joshuaoconnor382@hotmail.com', '+66956050383'),
('CUST0289', 'alexburton48@gmail.com', '+66922771205'),
('CUST0290', 'andrewperez22@hotmail.com', '+66641833583'),
('CUST0291', 'andreabrown720@gmail.com', '+66670877846'),
('CUST0292', 'jennystafford431@hotmail.com', '+66895696246'),
('CUST0293', 'jeffreyhoward427@yahoo.com', '+66676387859'),
('CUST0294', 'garyhatfield606@hotmail.com', '+66760002623'),
('CUST0295', 'janetortiz653@hotmail.com', '+66645395493'),
('CUST0296', 'josephfitzgerald255@hotmail.com', '+66939720638'),
('CUST0297', 'juliewilliams379@yahoo.com', '+66884116006'),
('CUST0298', 'jennifermyers60@hotmail.com', '+66819379532'),
('CUST0299', 'charlesmelton9@hotmail.com', '+66990938929'),
('CUST0300', 'morganhernandez923@hotmail.com', '+66836919731');

-- --------------------------------------------------------

--
-- Table structure for table `DayType`
--

CREATE TABLE `DayType` (
  `DayType_ID` varchar(10) NOT NULL,
  `DayType_Name` varchar(50) DEFAULT NULL,
  `Is_Holiday` tinyint(1) DEFAULT NULL,
  `Is_Weekend` tinyint(1) DEFAULT NULL
) ENGINE=InnoDB DEFAULT CHARSET=utf8mb4 COLLATE=utf8mb4_general_ci;

--
-- Dumping data for table `DayType`
--

INSERT INTO `DayType` (`DayType_ID`, `DayType_Name`, `Is_Holiday`, `Is_Weekend`) VALUES
('DY-HOL', 'Holidays', 1, 0),
('DY-WKD', 'Weekdays', 0, 0),
('DY-WKE', 'Weekends', 0, 1);

-- --------------------------------------------------------

--
-- Table structure for table `Genre`
--

CREATE TABLE `Genre` (
  `Genre_ID` varchar(10) NOT NULL,
  `Genre_Name` varchar(20) NOT NULL
) ENGINE=InnoDB DEFAULT CHARSET=utf8mb4 COLLATE=utf8mb4_general_ci;

--
-- Dumping data for table `Genre`
--

INSERT INTO `Genre` (`Genre_ID`, `Genre_Name`) VALUES
('GEN-ACT', 'Action'),
('GEN-ADV', 'Adventure'),
('GEN-ANM', 'Animation'),
('GEN-COM', 'Comedy'),
('GEN-CRM', 'Crime'),
('GEN-DOC', 'Documentary'),
('GEN-DRM', 'Drama'),
('GEN-FAM', 'Family'),
('GEN-FTS', 'Fantasy'),
('GEN-HRR', 'Horror'),
('GEN-MSC', 'Musical'),
('GEN-ROM', 'Romance'),
('GEN-SCI', 'Sci-Fi'),
('GEN-THR', 'Thriller');

-- --------------------------------------------------------

--
-- Table structure for table `Image`
--

CREATE TABLE `Image` (
  `Image_ID` varchar(20) NOT NULL,
  `Image_url_link` varchar(50) NOT NULL
) ENGINE=InnoDB DEFAULT CHARSET=utf8mb4 COLLATE=utf8mb4_general_ci;

--
-- Dumping data for table `Image`
--

INSERT INTO `Image` (`Image_ID`, `Image_url_link`) VALUES
('IMG-AR-000', 'AgeRate-000.jpeg'),
('IMG-AR-001', 'AgeRate-001.png'),
('IMG-AR-002', 'AgeRate-013.png'),
('IMG-AR-003', 'AgeRate-015.png'),
('IMG-AR-004', 'AgeRate-018.png'),
('IMG-AR-005', 'AgeRate-020.png'),
('IMG-AR-006', 'AgeRate-Edu.jpg'),
('IMG-MV-10114', 'Movie_Nezha2.jpg'),
('IMG-MV-10115', 'Movie_The Red.jpg'),
('IMG-MV-10116', 'Movie_Snowwhite.jpg'),
('IMG-MV-10117', 'Movie_Stone.jpg'),
('IMG-MV-10118', 'Movie_Rantee.jpg'),
('IMG-MV-10119', 'Movie_Minecraft.jpg'),
('IMG-MV-10120', 'Movie_Locked.jpg'),
('IMG-MV-10121', 'Movie_Detective.jpg'),
('IMG-MV-10122', 'Movie_Halabala.jpg'),
('IMG-MV-10123', 'Movie_Jaat.jpg'),
('IMG-MV-10124', 'Movie_4 Forest.jpg'),
('IMG-MV-10125', 'Movie_Amateur.jpg'),
('IMG-MV-10126', 'Movie_Miku.jpg'),
('IMG-MV-10127', 'Movie_Drop.jpg'),
('IMG-MV-10128', 'Movie_Sinners.jpg'),
('IMG-MV-10129', 'Movie_Accountant.jpg'),
('IMG-MV-10130', 'Movie_Chronicles.jpg'),
('IMG-MV-10131', 'Movie_Conan Puzzle.jpg'),
('IMG-MV-10132', 'Movie_Thunderbolts.jpg'),
('IMG-PS-2DA', 'PS-Dolby-atmos-2D.png'),
('IMG-PS-2DX', 'PS-2DX.jpg'),
('IMG-PS-2HFR', 'PS-HRF2D.jpg'),
('IMG-PS-3DA', 'PS-Dolby-atmos-3D.jpg'),
('IMG-PS-3HFR', 'PS-HFR3D.jpg'),
('IMG-PS-4DX', 'PS-4DX.jpg'),
('IMG-PS-4DX-2D', 'PS-4DX-2D.jpg'),
('IMG-PS-4DX-3D', 'PS-4DX-3D.jpg'),
('IMG-PS-IMX-2DX', 'PS-IMAX-2D.png'),
('IMG-PS-IMX-H3', 'PS-IMAX-HFR3D.png'),
('IMG-PS-IMX-LSR', 'PS-IMAX-Laser.jpeg'),
('IMG-PS-KID', 'SP-Kids Cinema.png'),
('IMG-PS-KID-MP', 'SP-Kids Movie Program.png'),
('IMG-PS-LED', 'PS-LED-Cinema.png'),
('IMG-PS-LSR', 'PS-Laser.png'),
('IMG-PS-PET', 'PS-PET.png'),
('IMG-PS-SCX', 'PS-ScreenX.jpeg'),
('IMG-SS-CN/ET', 'SS-CN/ET.jpg'),
('IMG-SS-EN/TH', 'SS-EN/TH.jpg'),
('IMG-SS-HD/ET', 'SS-HD/ET.jpg'),
('IMG-SS-JP/ET', 'SS-JP/ET.jpg'),
('IMG-SS-OV/ET', 'SS-OV/ET.jpg'),
('IMG-SS-TH/EN', 'SS-TH/EN.jpg'),
('IMG-SS-TH/XX', 'SS-TH/XX.jpg'),
('IMG-UR-001', 'logo_imdb.png'),
('IMG-UR-002', 'logo_rotten.png'),
('IMG_MV-10117', 'Movie_Stone.jpg');

-- --------------------------------------------------------

--
-- Table structure for table `Location`
--

CREATE TABLE `Location` (
  `Location_ID` varchar(10) NOT NULL,
  `Region_ID` varchar(10) NOT NULL,
  `Location_Name` varchar(20) NOT NULL
) ENGINE=InnoDB DEFAULT CHARSET=utf8mb4 COLLATE=utf8mb4_general_ci;

--
-- Dumping data for table `Location`
--

INSERT INTO `Location` (`Location_ID`, `Region_ID`, `Location_Name`) VALUES
('LO-BKK', 'R-CEN', 'BANGKOK'),
('LO-CEN', 'R-CEN', 'CENTRAL'),
('LO-EST', 'R-EST', 'EAST'),
('LO-NOE', 'R-NOE', 'NORTHEAST'),
('LO-NRT', 'R-NRT', 'NORTH'),
('LO-STH', 'R-STH', 'SOUTH'),
('LO-WST', 'R-WST', 'WEST');

-- --------------------------------------------------------

--
-- Table structure for table `Movie`
--

CREATE TABLE `Movie` (
  `Movie_ID` varchar(10) NOT NULL,
  `AgeRate_ID` varchar(10) NOT NULL,
  `Trailer_ID` varchar(20) NOT NULL,
  `Movie_Title` varchar(50) NOT NULL,
  `Movie_RunTime_Min` int(11) NOT NULL,
  `Movie_Synopsis` varchar(2000) NOT NULL
) ENGINE=InnoDB DEFAULT CHARSET=utf8mb4 COLLATE=utf8mb4_general_ci;

--
-- Dumping data for table `Movie`
--

INSERT INTO `Movie` (`Movie_ID`, `AgeRate_ID`, `Trailer_ID`, `Movie_Title`, `Movie_RunTime_Min`, `Movie_Synopsis`) VALUES
('MV-10110', 'AR-013', 'TR-MV-10110', 'Attack on Titan The Last Attack', 145, 'The fate of the world hangs in the balance as Eren unleashes the ultimate power of the Titans. With a burning determination to eliminate all who threaten Eldia, he leads an unstoppable army of Colossal Titans towards Marley.'),
('MV-10111', 'AR-015', 'TR-MV-10111', 'MICKEY17', 139, 'Mickey 17 is an \"expendable\", a disposable employee, on a human expedition sent to colonize the ice world Niflheim. After one iteration dies, a new body is regenerated with most of its memories intact.'),
('MV-10112', 'AR-015', 'TR-MV-10112', 'แต่ง...Monk', 90, 'เมื่อหลวงพี่จากวัดไทยต้องไปปะทะกับหลวงพี่แดนญี่ปุ่น แถมยังเป็นในฐานะพี่ภรรยากับน้องเขย! งานนี้ถึงไม่ใช่กิจของสงฆ์ แต่ก็ต้องยุ่ง เพราะโยมน้องจะแต่งงานกับพระไม่ได้!'),
('MV-10113', 'AR-001', 'TR-MV-10113', 'Paddington in Peru', 106, 'Paddington travels to Peru to visit his beloved Aunt Lucy, who now resides at the Home for Retired Bears. With the Brown Family in tow, a thrilling adventure ensues when a mystery plunges them into an unexpected journey through the Amazon rainforest and up to the mountain peaks of Peru.'),
('MV-10114', 'AR-013', 'TR-MV-10114', 'Ne Zha 2', 143, 'After the catastrophe, although the souls of Nezha and Aobing were saved, their bodies would soon be shattered. Taiyi Zhenren planned to use the seven-colored lotus to rebuild their bodies.'),
('MV-10115', 'AR-013', 'TR-MV-10115', 'ซองแดงแต่งผี', 127, 'เรื่องราวการแต่งงานสุดพิลึกพิลั่นระหว่างคนกับผี ที่ป่วนที่สุดในสองโลก!\r\nเมื่อ ‘เม่น’ (บิวกิ้น พุฒิพงศ์) โจรกระจอกที่ผันตัวมาเป็นสายตำรวจ เผลอไปหยิบซองแดงปริศนา และพบว่ามันคือพิธีกรรมความเชื่อเก่าแก่ที่ทำให้เขาต้องแต่งงานกับศพ ไม่เช่นนั้นเขาจะซวยไปตลอดชีวิต แต่ที่ทำให้ชายแท้อย่างเม่นต้องเหวอสุดขีดก็คือ ศพที่เขาต้องแต่งด้วยดันเป็นผู้ชายด้วยกัน! \r\n \r\nและนั่นทำให้เขาได้เจอกับ ‘ตี่ตี๋’ (พีพี กฤษฏ์) วิญญาณเกย์หนุ่มสุดคิวต์ ที่ยังไม่ยอมไปเกิดเพราะยังมีเรื่องค้างคาใจ เม่นต้องช่วยตามสืบอุบัติเหตุที่คร่าชีวิตตี่ตี๋ โดยหวังจะทำให้ตี่ตี๋ไปสู่สุคติและออกไปจากชีวิตเขาสักที ยิ่งไปกว่านั้น เบาะแสทั้งหมดที่เม่นพบกลับกลายเป็นว่านี่อาจไม่ใช่อุบัติเหตุธรรมดา แต่มันโยงใยไปสู่แก๊งค้ายาที่เขา และ ‘เจ๊ก๊อย’ (ก้อย อรัชพร) ตำรวจสาวรุ่นพี่ที่เม่นแอบชอบกำลังตามสืบอยู่ด้วย งานนี้ เม่นจึงหวังจะปิดคดีเพื่อที่เขาจะได้ทั้งหน้าที่การงาน ความรัก และช่วยให้ตี่ตี๋ไปเกิดเสียที'),
('MV-10116', 'AR-001', 'TR-MV-10116', 'Snow White', 119, '“Disney’s Snow White,” a live-action musical reimagining of the classic 1937 film, opens exclusively in theaters March 21, 2025. Starring Rachel Zegler (“West Side Story”) in the title role and Gal Gadot (“Wonder Woman”) as her Stepmother, the Evil Queen, the magical music adventure journeys back to the timeless story with beloved characters Bashful, Doc, Dopey, Grumpy, Happy, Sleepy, and Sneezy. “Disney’s Snow White” is directed by Marc Webb (“The Amazing Spider-Man”) and produced by Marc Platt (“The Little Mermaid”) and Jared LeBoff (“The Girl on the Train”), with Callum McDougall (“Mary Poppins Returns”) serving as executive producer, and features all-new original songs from Benj Pasek and Justin Paul (“Dear Evan Hansen”).'),
('MV-10117', 'AR-015', 'TR-MV-10117', 'เดอะ สโตน พระแท้ คนเก๊', 125, 'เมื่อ “เอก”ต้องการเงินไปรักษาพ่อที่ป่วยหนัก เขาเอาพระเครื่องของพ่อไป ประเมินราคากับเซียนพระชื่อดัง “เซ้งพาราไดซ์” เอกได้เจอกับ “เซียนหมวย” เซียนพระสุดฮ็อตที่เข้ามาแนะนำให้ส่งพระเข้าประกวด แต่กลายเป็นว่าพระที่อยู่ในมือของเอก คือ “พระสมเด็จ” ของแท้ชื่อดังในตำนานที่หายไปจากวงการกว่า 30 ปี ที่อาจมีราคาสูงถึงหลักร้อยล้าน และเป็นที่จับจ้องของคนเล่นพระทั้งวงการรวมถึง “พ่อสุนทร” เซียนพระผู้ทรงอิทธิพล พ่วงมาด้วยบุคคลปริศนาอย่าง “วิคเตอร์” เกิดเป็นการพลิกชีวิตของคนที่ไม่เคยสนใจพระเครื่อง เข้าสู่เดิมพันอันตรายของเหล่าเซียนที่พร้อมใช้ทุกเล่ห์เหลี่ยมกลโกงแย่งชิง “พระแท้” มาครอบครอง'),
('MV-10118', 'AR-018', 'TR-MV-10118', 'Pengantin Iblis', 98, 'Ranti is very devoted mother and wife. Ranti has a daughter who she loves very much, but has been disabled since birth, Nina. One day, Nina had a fatal accident that required immediate treatment. However, Ranti\'s husband, who works as a sailor, was not at home, and her extended family was also unable to help. Ranti forced to accept the offer to become a Devil\'s bride in order to save Nina. Finally, Nina can be cured, but there is another price that Ranti has to pay, which involves the lives of all her family members...'),
('MV-10119', 'AR-001', 'TR-MV-10119', 'A Minecraft Movie', 101, 'Four misfits are suddenly pulled through a mysterious portal into a bizarre, cubic wonderland that thrives on imagination. To get back home, they\'ll have to master this world while embarking on a quest with an unexpected, expert crafter.'),
('MV-10120', 'AR-018', 'TR-MV-10120', 'Locked', 95, 'When Eddie breaks into a luxury SUV, he steps into a deadly trap set by William, a self-proclaimed vigilante delivering his own brand of twisted justice. With no means of escape, Eddie must fight to survive in a ride where escape is an illusion, survival is a nightmare, and justice shifts into high gear.'),
('MV-10121', 'AR-013', 'TR-MV-10121', 'Detective Chinatown 1900', 138, 'In 1900s San Francisco, a white woman is murdered in Chinatown and the suspect is a Chinese man. The murder causes a social shock and the public calls for Chinatown to be outlawed. Chinese medicine practitioner Qin Fu and Chinese man Ghost are involved in the case, and they race against time to find the murderer amidst a battle of wits and courage.'),
('MV-10122', 'AR-018', 'TR-MV-10122', 'ฮาลาบาลา ป่าจิตหลุด', 110, 'ติดตามเรื่องราวของ สารวัตรแดน (เต๋อ ฉันทวิชช์) ตำรวจมือปราบฉายา ‘แดนร้อยศพ’ ได้รับโอกาสกอบกู้ชื่อเสียง เพื่อแลกกับการกลับไปประจำการที่กรุงเทพฯ แต่ภารกิจนี้อาจหมายถึงการเดินเข้าสู่ขุมนรก เมื่อเขาต้องตามล่า ตั๊บตาไฟ (ปู แบล็คเฮด) หัวหน้าแก๊งวิปริตที่หนีออกจากเรือนจำ และหายตัวไปในป่า ‘ฮาลาบาลา’ ดินแดนต้องห้ามที่ไม่มีใครกล้ากลํ้ากราย ภายใต้เงามืดของป่ามรณะ ตำนานกระซิบถึง ‘บาเตาะ’ เผ่ากินคนโบราณที่ถูกลืมเลือน หรือบางที…พวกมันก็ไม่เคยจากไปไหน แดนต้องเลือกระหว่างหน้าที่กับชีวิตของ ‘วิ’ (ณิชา ณัฏฐณิชา) ภรรยาท้องแก่ผู้หวาดหวั่นต่อบ้านกลางป่าหลังใหม่ ที่อาจไม่ใช่เพียงพวกเขาสองคนที่อาศัยอยู่ที่นั่น เพราะบางสิ่งกำลังเฝ้ามอง และมันพร้อมจะ ‘กลืนกิน’'),
('MV-10123', 'AR-000', 'TR-MV-10123', 'Jaat', 155, 'In a remote coastal village, ruthless criminal Ranatunga terrorizes the locals. A traveling stranger’s chance encounter with his men uncovers the villagers\' suffering. Realizing the deep-rooted corruption, he takes matters into his own hands. Armed with truth and justice, he sets out for a final confrontation with Ranatunga.'),
('MV-10124', 'AR-018', 'TR-MV-10124', '4 ป่าช้า', 115, 'เมื่อสิ้นลมหายใจ ดินก้อนสุดท้ายกลบหน้า นี่คือ 4 เรื่องสยองจากป่าช้า พร้อมกระชากความผวาขึ้นมาจากหลุม\nต้องตา ป่าช้าแตก\nต้องตา เด็กสาวที่หูหนวกเป็นใบ้ ได้หายสาบสูญอย่างไร้ร่องรอยเพียงชั่วข้ามคืน เพื่อน ๆ พากันออกตามหา แต่กลับพบเจอวิญญาณสุดเฮี้ยนในป่าช้าสุสานเด็ก ผีก็น่ากลัว เพื่อนก็หายตัว ภารกิจแกะรอยต้องตากำลังจะทำให้ป่าช้าแตก!\nญิน\nครอบครัวของ มูซา ตกอยู่ในอันตราย ผู้คนต่างร่ำลือกันว่า ญิน สิ่งลี้ลับที่มีฤทธิ์กำลังสิงสู่ ครอบครอง และพร้อมจะพรากทุกอย่างไปจากเขา หนทางสุดท้ายที่มูซาจะช่วยเหลือครอบครัวได้ ต้องทำพิธีกรรมบางอย่างในป่าช้า และมันเป็นสิ่งที่ไม่เคยมีมนุษย์หน้าไหนเคยทำมาก่อน!\nที่ชอบ\n2 พี่น้อง ปันและป้อน หนีเอาชีวิตรอดจากคนร้ายในป่าช้าผีตายโหง ทั้งคู่ไม่รู้ว่ากำลังถูกไล่ล่าจากคนหรือผี ป่าช้าแห่งนี้เต็มไปด้วยความผวา และกักเก็บความสยองขั้นสุดเอาไว้ ใครที่ย่างกรายเข้าไป ไม่เคยได้ตายดี!\nMiracle\nชาคริต เสียใจแทบเป็นบ้า เมื่อภรรยาสุดที่รักเสียชีวิตอย่างกะทันหัน เขาสวดอ้อนวอนต่อพระเจ้าในป่าช้าฝังร่าง เพื่อขอชีวิตภรรยากลับคืนมาอีกครั้ง แต่ไม่ได้มีแค่พระเจ้าที่รับฟัง ตามคำขอ อีกทั้งต้องแลกกับบางอย่าง อยู่ที่เขาจะกล้าหรือไม่!'),
('MV-10125', 'AR-013', 'TR-MV-10125', 'The Amateur', 123, '“The Amateur,” an all-new espionage-thriller from 20th Century Studios starring Oscar® winner Rami Malek (“Bohemian Rhapsody”) and Academy Award® nominee Laurence Fishburne (“What’s Love Got to Do with It”), opens in theaters nationwide April 11, 2025. Charlie Heller (Malek) is a brilliant, but deeply introverted decoder for the CIA working out of a basement office at headquarters in Langley whose life is turned upside down when his wife is killed in a London terrorist attack. When his supervisors refuse to take action, he takes matters into his own hands, embarking on a dangerous trek across the globe to track down those responsible, his intelligence serving as the ultimate weapon for eluding his pursuers and achieving his revenge.\r\n\r\nThe film also stars Rachel Brosnahan, Caitríona Balfe, Jon Bernthal, Michael Stuhlbarg, Holt McCallany, Julianne Nicholson, Adrian Martinez, Danny Sapani, and Laurence Fishburne. “The Amateur” is directed by James Hawes. The screenplay is by Ken Nolan and Gary Spinelli based on the novel by Robert Littell. The film is produced by Hutch Parker, p.g.a., Dan Wilson, p.g.a., Rami Malek, Joel B. Michaels, with JJ Hook serving as executive producer.'),
('MV-10126', 'AR-001', 'TR-MV-10126', 'Colorful Stage The Movie A Miku Who Cant Sing', 105, 'The story follows Ichika Hoshino, who hears a Miku song that she has never heard before at a CD shop and sees a Hatsune Miku whom she had never seen before. Ichika calls out to Miku, who surprised by the voice, disappears shortly after making eye contact. Miku later appears on Ichika\'s smartphone to tell her that she would like to reach others with her songs, but no matter how much she sings, her songs cannot reach them. After seeing Ichika reach others\' hearts with her live street performance, Miku asks for her help.'),
('MV-10127', 'AR-015', 'TR-MV-10127', 'Drop', 95, 'A widowed mother\'s first date in years takes a terrifying turn when she\'s bombarded with anonymous threatening messages on her phone during their upscale dinner, leaving her questioning if her charming date is behind the harassment.'),
('MV-10128', 'AR-000', 'TR-MV-10128', 'Sinners', 131, 'Trying to leave their troubled lives behind, twin brothers return to their hometown to start again, only to discover that an even greater evil is waiting to welcome them back.'),
('MV-10129', 'AR-001', 'TR-MV-10129', 'The Accountant 2', 124, 'Christian Wolff applies his brilliant mind and illegal methods to reconstruct the unsolved puzzle of a Treasury chief\'s murder.'),
('MV-10130', 'AR-000', 'TR-MV-10130', 'Exorcism Chronicles The Beginning', 85, 'A doctor-turned-priest, Father Park was excommunicated for performing exorcisms by a church that refused to believe in the supernatural beings preying on the innocent. When his long-time friend, a monk from a secretive and magic-wielding temple, calls upon him to protect a naïve yet powerful child from his corrupt master, Father Park must face his inner demons to rescue the boy or risk repeating the same tragedy that he took up the cross to prevent.'),
('MV-10131', 'AR-000', 'TR-MV-10131', 'Detective Conan One Eyed Flashback', 115, 'As police inspector Yamato Kansuke pursues a certain man in the snowy mountains of Nagano, a shadow suddenly appears in his field of vision. While he\'s distracted, a rifle bullet fired by someone grazes his left eye and causes an avalanche accompanied by a roar.\r\nTen months later, Kansuke, having miraculously survived the avalanche, receives a report that a researcher at the Nobeyama National Astronomical Observatory has been attacked.'),
('MV-10132', 'AR-001', 'TR-MV-10132', 'Thunderbolts', 126, 'CIA director Valentina Allegra de Fontaine lures Marvel\'s team of antiheroes into a death trap, where the dysfunctional group must confront their respective pasts if they want to survive as an ensemble.');

-- --------------------------------------------------------

--
-- Table structure for table `MovieStatus`
--

CREATE TABLE `MovieStatus` (
  `MovieStatus_ID` varchar(10) NOT NULL,
  `Status_Name` varchar(20) NOT NULL
) ENGINE=InnoDB DEFAULT CHARSET=utf8mb4 COLLATE=utf8mb4_general_ci;

--
-- Dumping data for table `MovieStatus`
--

INSERT INTO `MovieStatus` (`MovieStatus_ID`, `Status_Name`) VALUES
('MV-S-CMS', 'Coming Soon'),
('MV-S-NOW', 'Now Showing'),
('MV-S-OUT', 'Been Out'),
('MV-S-RRE', 'Rerun Exclusive');

-- --------------------------------------------------------

--
-- Table structure for table `Movie_Genre`
--

CREATE TABLE `Movie_Genre` (
  `Movie_ID` varchar(10) NOT NULL,
  `Genre_ID` varchar(10) NOT NULL
) ENGINE=InnoDB DEFAULT CHARSET=utf8mb4 COLLATE=utf8mb4_general_ci;

--
-- Dumping data for table `Movie_Genre`
--

INSERT INTO `Movie_Genre` (`Movie_ID`, `Genre_ID`) VALUES
('MV-10110', 'GEN-ACT'),
('MV-10110', 'GEN-ADV'),
('MV-10110', 'GEN-ANM'),
('MV-10110', 'GEN-DRM'),
('MV-10111', 'GEN-ADV'),
('MV-10111', 'GEN-COM'),
('MV-10111', 'GEN-FTS'),
('MV-10111', 'GEN-SCI'),
('MV-10112', 'GEN-COM'),
('MV-10112', 'GEN-DRM'),
('MV-10113', 'GEN-ADV'),
('MV-10113', 'GEN-COM'),
('MV-10113', 'GEN-FAM'),
('MV-10114', 'GEN-ACT'),
('MV-10114', 'GEN-ADV'),
('MV-10114', 'GEN-FTS'),
('MV-10115', 'GEN-COM'),
('MV-10116', 'GEN-ADV'),
('MV-10116', 'GEN-DRM'),
('MV-10117', 'GEN-CRM'),
('MV-10117', 'GEN-DRM'),
('MV-10118', 'GEN-HRR'),
('MV-10118', 'GEN-THR'),
('MV-10119', 'GEN-ACT'),
('MV-10119', 'GEN-ADV'),
('MV-10119', 'GEN-FTS'),
('MV-10120', 'GEN-THR'),
('MV-10121', 'GEN-ACT'),
('MV-10121', 'GEN-COM'),
('MV-10122', 'GEN-HRR'),
('MV-10123', 'GEN-ACT'),
('MV-10123', 'GEN-DRM'),
('MV-10123', 'GEN-THR'),
('MV-10124', 'GEN-HRR'),
('MV-10125', 'GEN-ACT'),
('MV-10126', 'GEN-ANM'),
('MV-10126', 'GEN-MSC'),
('MV-10127', 'GEN-DRM'),
('MV-10127', 'GEN-HRR'),
('MV-10127', 'GEN-THR'),
('MV-10128', 'GEN-DRM'),
('MV-10128', 'GEN-HRR'),
('MV-10128', 'GEN-THR'),
('MV-10129', 'GEN-ACT'),
('MV-10129', 'GEN-CRM'),
('MV-10129', 'GEN-DRM'),
('MV-10129', 'GEN-THR'),
('MV-10130', 'GEN-ACT'),
('MV-10130', 'GEN-ANM'),
('MV-10130', 'GEN-FTS'),
('MV-10130', 'GEN-HRR'),
('MV-10131', 'GEN-ACT'),
('MV-10131', 'GEN-ANM'),
('MV-10132', 'GEN-ACT'),
('MV-10132', 'GEN-ADV'),
('MV-10132', 'GEN-CRM');

-- --------------------------------------------------------

--
-- Table structure for table `Movie_MovieStatus`
--

CREATE TABLE `Movie_MovieStatus` (
  `MovieStatus_ID` varchar(10) NOT NULL,
  `Movie_ID` varchar(20) NOT NULL,
  `ReleaseDate` date NOT NULL,
  `EndDate` date NOT NULL
) ENGINE=InnoDB DEFAULT CHARSET=utf8mb4 COLLATE=utf8mb4_general_ci;

--
-- Dumping data for table `Movie_MovieStatus`
--

INSERT INTO `Movie_MovieStatus` (`MovieStatus_ID`, `Movie_ID`, `ReleaseDate`, `EndDate`) VALUES
('MV-S-CMS', 'MV-10129', '2025-04-24', '2025-05-30'),
('MV-S-CMS', 'MV-10130', '2025-04-24', '2025-05-30'),
('MV-S-CMS', 'MV-10131', '2025-04-24', '2025-05-30'),
('MV-S-CMS', 'MV-10132', '2025-05-01', '2025-06-15'),
('MV-S-NOW', 'MV-10111', '2025-03-16', '2025-04-16'),
('MV-S-NOW', 'MV-10115', '2025-03-20', '2025-05-01'),
('MV-S-NOW', 'MV-10116', '2025-03-20', '2025-05-01'),
('MV-S-NOW', 'MV-10119', '2025-04-03', '2025-05-01'),
('MV-S-NOW', 'MV-10122', '2025-04-03', '2025-05-01'),
('MV-S-NOW', 'MV-10124', '2025-04-10', '2025-05-13'),
('MV-S-NOW', 'MV-10125', '2025-04-10', '2025-05-13'),
('MV-S-NOW', 'MV-10126', '2025-04-10', '2025-05-13'),
('MV-S-NOW', 'MV-10127', '2025-04-10', '2025-05-13'),
('MV-S-NOW', 'MV-10128', '2025-04-17', '2025-05-20'),
('MV-S-OUT', 'MV-10110', '2025-03-23', '2025-04-20'),
('MV-S-OUT', 'MV-10112', '2025-03-09', '2025-04-11'),
('MV-S-OUT', 'MV-10113', '2025-01-16', '2025-02-20'),
('MV-S-OUT', 'MV-10114', '2025-03-13', '2025-04-20'),
('MV-S-OUT', 'MV-10117', '2025-04-03', '2025-04-20'),
('MV-S-OUT', 'MV-10118', '2025-04-03', '2025-04-20'),
('MV-S-OUT', 'MV-10120', '2025-04-03', '2025-04-20'),
('MV-S-OUT', 'MV-10121', '2025-04-03', '2025-04-20'),
('MV-S-OUT', 'MV-10123', '2025-04-09', '2025-04-20');

-- --------------------------------------------------------

--
-- Table structure for table `Movie_Person_Role`
--

CREATE TABLE `Movie_Person_Role` (
  `Movie_ID` varchar(10) NOT NULL,
  `Person_ID` varchar(10) NOT NULL,
  `Role_ID` varchar(10) NOT NULL
) ENGINE=InnoDB DEFAULT CHARSET=utf8mb4 COLLATE=utf8mb4_general_ci;

--
-- Dumping data for table `Movie_Person_Role`
--

INSERT INTO `Movie_Person_Role` (`Movie_ID`, `Person_ID`, `Role_ID`) VALUES
('MV-10110', 'P-JP-001', 'R-DRT'),
('MV-10110', 'P-JP-004', 'R-CST'),
('MV-10110', 'P-JP-005', 'R-CST'),
('MV-10110', 'P-JP-006', 'R-CST'),
('MV-10110', 'P-JP-007', 'R-CST'),
('MV-10110', 'P-JP-008', 'R-CST'),
('MV-10110', 'P-JP-009', 'R-CST'),
('MV-10110', 'P-JP-010', 'R-CST'),
('MV-10110', 'P-JP-011', 'R-CST'),
('MV-10110', 'P-JP-012', 'R-CST'),
('MV-10110', 'P-JP-013', 'R-CST'),
('MV-10111', 'P-EN-010', 'R-CST'),
('MV-10111', 'P-EN-011', 'R-CST'),
('MV-10111', 'P-EN-012', 'R-CST'),
('MV-10111', 'P-EN-013', 'R-CST'),
('MV-10111', 'P-EN-014', 'R-CST'),
('MV-10111', 'P-EN-015', 'R-CST'),
('MV-10111', 'P-KR-001', 'R-DRT'),
('MV-10112', 'P-TH-006', 'R-DRT'),
('MV-10112', 'P-TH-007', 'R-DRT'),
('MV-10112', 'P-TH-008', 'R-DRT'),
('MV-10112', 'P-TH-010', 'R-CST'),
('MV-10112', 'P-TH-012', 'R-CST'),
('MV-10112', 'P-TH-013', 'R-CST'),
('MV-10113', 'P-EN-008', 'R-DRT'),
('MV-10113', 'P-EN-016', 'R-CST'),
('MV-10113', 'P-EN-017', 'R-CST'),
('MV-10113', 'P-EN-018', 'R-CST'),
('MV-10114', 'P-CN-003', 'R-DRT'),
('MV-10114', 'P-CN-004', 'R-CST'),
('MV-10114', 'P-CN-005', 'R-CST'),
('MV-10114', 'P-CN-006', 'R-CST'),
('MV-10114', 'P-CN-007', 'R-CST'),
('MV-10115', 'P-TH-009', 'R-DRT'),
('MV-10115', 'P-TH-014', 'R-CST'),
('MV-10115', 'P-TH-015', 'R-CST'),
('MV-10115', 'P-TH-016', 'R-CST'),
('MV-10116', 'P-EN-009', 'R-DRT'),
('MV-10116', 'P-EN-019', 'R-CST'),
('MV-10116', 'P-EN-020', 'R-CST'),
('MV-10116', 'P-EN-021', 'R-CST'),
('MV-10117', 'P-TH-010', 'R-CST'),
('MV-10117', 'P-TH-010', 'R-DRT'),
('MV-10117', 'P-TH-011', 'R-DRT'),
('MV-10117', 'P-TH-017', 'R-CST'),
('MV-10117', 'P-TH-018', 'R-CST'),
('MV-10117', 'P-TH-019', 'R-CST'),
('MV-10117', 'P-TH-020', 'R-CST'),
('MV-10117', 'P-TH-021', 'R-CST'),
('MV-10118', 'P-EN-022', 'R-CST'),
('MV-10118', 'P-EN-023', 'R-CST'),
('MV-10118', 'P-EN-024', 'R-CST'),
('MV-10118', 'P-ID-001', 'R-DRT'),
('MV-10118', 'P-ID-002', 'R-CST'),
('MV-10118', 'P-ID-003', 'R-CST'),
('MV-10118', 'P-ID-004', 'R-CST'),
('MV-10118', 'P-ID-005', 'R-CST'),
('MV-10119', 'P-EN-001', 'R-DRT'),
('MV-10119', 'P-EN-025', 'R-CST'),
('MV-10119', 'P-EN-026', 'R-CST'),
('MV-10119', 'P-EN-027', 'R-CST'),
('MV-10120', 'P-EN-002', 'R-DRT'),
('MV-10120', 'P-EN-028', 'R-CST'),
('MV-10120', 'P-EN-029', 'R-CST'),
('MV-10120', 'P-EN-030', 'R-CST'),
('MV-10121', 'P-CN-001', 'R-DRT'),
('MV-10121', 'P-CN-002', 'R-DRT'),
('MV-10121', 'P-CN-008', 'R-CST'),
('MV-10121', 'P-CN-009', 'R-CST'),
('MV-10121', 'P-EN-038', 'R-CST'),
('MV-10121', 'P-EN-039', 'R-CST'),
('MV-10121', 'P-EN-040', 'R-CST'),
('MV-10121', 'P-EN-041', 'R-CST'),
('MV-10122', 'P-TH-001', 'R-DRT'),
('MV-10122', 'P-TH-022', 'R-CST'),
('MV-10122', 'P-TH-023', 'R-CST'),
('MV-10123', 'P-IN-001', 'R-DRT'),
('MV-10123', 'P-IN-002', 'R-CST'),
('MV-10123', 'P-IN-003', 'R-CST'),
('MV-10123', 'P-IN-004', 'R-CST'),
('MV-10123', 'P-IN-005', 'R-CST'),
('MV-10123', 'P-IN-006', 'R-CST'),
('MV-10123', 'P-IN-007', 'R-CST'),
('MV-10124', 'P-TH-002', 'R-DRT'),
('MV-10124', 'P-TH-003', 'R-DRT'),
('MV-10124', 'P-TH-004', 'R-DRT'),
('MV-10124', 'P-TH-005', 'R-DRT'),
('MV-10124', 'P-TH-024', 'R-CST'),
('MV-10124', 'P-TH-025', 'R-CST'),
('MV-10124', 'P-TH-026', 'R-CST'),
('MV-10124', 'P-TH-027', 'R-CST'),
('MV-10124', 'P-TH-028', 'R-CST'),
('MV-10124', 'P-TH-029', 'R-CST'),
('MV-10124', 'P-TH-030', 'R-CST'),
('MV-10125', 'P-EN-003', 'R-DRT'),
('MV-10125', 'P-EN-031', 'R-CST'),
('MV-10125', 'P-EN-032', 'R-CST'),
('MV-10125', 'P-EN-033', 'R-CST'),
('MV-10125', 'P-EN-034', 'R-CST'),
('MV-10125', 'P-EN-036', 'R-CST'),
('MV-10125', 'P-EN-037', 'R-CST'),
('MV-10126', 'P-JP-002', 'R-DRT'),
('MV-10126', 'P-JP-018', 'R-CST'),
('MV-10126', 'P-JP-019', 'R-CST'),
('MV-10126', 'P-JP-020', 'R-CST'),
('MV-10126', 'P-JP-021', 'R-CST'),
('MV-10126', 'P-JP-022', 'R-CST'),
('MV-10126', 'P-JP-023', 'R-CST'),
('MV-10127', 'P-EN-004', 'R-DRT'),
('MV-10128', 'P-EN-005', 'R-DRT'),
('MV-10129', 'P-EN-006', 'R-DRT'),
('MV-10129', 'P-EN-035', 'R-CST'),
('MV-10129', 'P-EN-042', 'R-CST'),
('MV-10129', 'P-EN-043', 'R-CST'),
('MV-10129', 'P-EN-044', 'R-CST'),
('MV-10129', 'P-EN-045', 'R-CST'),
('MV-10130', 'P-KR-002', 'R-DRT'),
('MV-10130', 'P-KR-003', 'R-CST'),
('MV-10130', 'P-KR-004', 'R-CST'),
('MV-10130', 'P-KR-005', 'R-CST'),
('MV-10130', 'P-KR-006', 'R-CST'),
('MV-10131', 'P-JP-003', 'R-DRT'),
('MV-10131', 'P-JP-014', 'R-CST'),
('MV-10131', 'P-JP-015', 'R-CST'),
('MV-10131', 'P-JP-017', 'R-CST'),
('MV-10131', 'P-JP-024', 'R-CST'),
('MV-10131', 'P-JP-025', 'R-CST'),
('MV-10131', 'P-JP-026', 'R-CST'),
('MV-10131', 'P-JP-027', 'R-CST'),
('MV-10131', 'P-JP-028', 'R-CST'),
('MV-10131', 'P-JP-029', 'R-CST'),
('MV-10131', 'P-JP-030', 'R-CST'),
('MV-10132', 'P-EN-007', 'R-DRT'),
('MV-10132', 'P-EN-046', 'R-CST'),
('MV-10132', 'P-EN-047', 'R-CST'),
('MV-10132', 'P-EN-048', 'R-CST'),
('MV-10132', 'P-EN-049', 'R-CST'),
('MV-10132', 'P-EN-050', 'R-CST');

-- --------------------------------------------------------

--
-- Table structure for table `Movie_Poster`
--

CREATE TABLE `Movie_Poster` (
  `Movie_ID` varchar(10) NOT NULL,
  `Image_ID` varchar(20) NOT NULL
) ENGINE=InnoDB DEFAULT CHARSET=utf8mb4 COLLATE=utf8mb4_general_ci;

--
-- Dumping data for table `Movie_Poster`
--

INSERT INTO `Movie_Poster` (`Movie_ID`, `Image_ID`) VALUES
('MV-10114', 'IMG-MV-10114'),
('MV-10115', 'IMG-MV-10115'),
('MV-10116', 'IMG-MV-10116'),
('MV-10117', 'IMG-MV-10117'),
('MV-10118', 'IMG-MV-10118'),
('MV-10119', 'IMG-MV-10119'),
('MV-10120', 'IMG-MV-10120'),
('MV-10121', 'IMG-MV-10121'),
('MV-10122', 'IMG-MV-10122'),
('MV-10123', 'IMG-MV-10123'),
('MV-10124', 'IMG-MV-10124'),
('MV-10125', 'IMG-MV-10125'),
('MV-10126', 'IMG-MV-10126'),
('MV-10127', 'IMG-MV-10127'),
('MV-10128', 'IMG-MV-10128'),
('MV-10129', 'IMG-MV-10129'),
('MV-10130', 'IMG-MV-10130'),
('MV-10131', 'IMG-MV-10131'),
('MV-10132', 'IMG-MV-10132');

-- --------------------------------------------------------

--
-- Table structure for table `Movie_UserRating`
--

CREATE TABLE `Movie_UserRating` (
  `Movie_ID` varchar(10) NOT NULL,
  `UserRating_ID` varchar(10) NOT NULL,
  `Rate_value` varchar(10) NOT NULL
) ENGINE=InnoDB DEFAULT CHARSET=utf8mb4 COLLATE=utf8mb4_general_ci;

--
-- Dumping data for table `Movie_UserRating`
--

INSERT INTO `Movie_UserRating` (`Movie_ID`, `UserRating_ID`, `Rate_value`) VALUES
('MV-10110', 'UR-IMDB', ''),
('MV-10110', 'UR-RTMT', ''),
('MV-10111', 'UR-IMDB', ''),
('MV-10111', 'UR-RTMT', ''),
('MV-10112', 'UR-IMDB', ''),
('MV-10112', 'UR-RTMT', ''),
('MV-10113', 'UR-IMDB', ''),
('MV-10113', 'UR-RTMT', ''),
('MV-10114', 'UR-IMDB', ''),
('MV-10114', 'UR-RTMT', ''),
('MV-10115', 'UR-IMDB', ''),
('MV-10115', 'UR-RTMT', ''),
('MV-10116', 'UR-IMDB', ''),
('MV-10116', 'UR-RTMT', ''),
('MV-10117', 'UR-IMDB', ''),
('MV-10117', 'UR-RTMT', ''),
('MV-10118', 'UR-IMDB', ''),
('MV-10118', 'UR-RTMT', ''),
('MV-10119', 'UR-IMDB', ''),
('MV-10119', 'UR-RTMT', ''),
('MV-10120', 'UR-IMDB', ''),
('MV-10120', 'UR-RTMT', ''),
('MV-10121', 'UR-IMDB', ''),
('MV-10121', 'UR-RTMT', ''),
('MV-10122', 'UR-IMDB', ''),
('MV-10122', 'UR-RTMT', ''),
('MV-10123', 'UR-IMDB', ''),
('MV-10123', 'UR-RTMT', ''),
('MV-10124', 'UR-IMDB', ''),
('MV-10124', 'UR-RTMT', ''),
('MV-10125', 'UR-IMDB', ''),
('MV-10125', 'UR-RTMT', ''),
('MV-10126', 'UR-IMDB', ''),
('MV-10126', 'UR-RTMT', ''),
('MV-10127', 'UR-IMDB', ''),
('MV-10127', 'UR-RTMT', ''),
('MV-10128', 'UR-IMDB', ''),
('MV-10128', 'UR-RTMT', ''),
('MV-10129', 'UR-IMDB', ''),
('MV-10129', 'UR-RTMT', ''),
('MV-10130', 'UR-IMDB', ''),
('MV-10130', 'UR-RTMT', ''),
('MV-10131', 'UR-IMDB', ''),
('MV-10131', 'UR-RTMT', ''),
('MV-10132', 'UR-IMDB', ''),
('MV-10132', 'UR-RTMT', '');

-- --------------------------------------------------------

--
-- Table structure for table `Payment`
--

CREATE TABLE `Payment` (
  `Payment_ID` varchar(20) NOT NULL,
  `Transaction_ID` varchar(20) NOT NULL,
  `Payment_Status` tinyint(1) NOT NULL,
  `Payment_DateTime` datetime NOT NULL
) ENGINE=InnoDB DEFAULT CHARSET=utf8mb4 COLLATE=utf8mb4_general_ci;

--
-- Dumping data for table `Payment`
--

INSERT INTO `Payment` (`Payment_ID`, `Transaction_ID`, `Payment_Status`, `Payment_DateTime`) VALUES
('PAY-000000001', 'TX-000000001', 1, '2025-04-28 17:50:00'),
('PAY-000000002', 'TX-000000004', 1, '2025-04-28 16:49:00'),
('PAY-000000003', 'TX-000000006', 1, '2025-04-28 17:08:00'),
('PAY-000000004', 'TX-000000003', 1, '2025-04-28 22:27:00'),
('PAY-000000005', 'TX-000000002', 1, '2025-04-28 05:56:00'),
('PAY-000000006', 'TX-000000005', 1, '2025-04-28 20:24:00'),
('PAY-000000007', 'TX-000000008', 0, '2025-04-28 17:32:00'),
('PAY-000000008', 'TX-000000007', 1, '2025-04-28 08:59:00'),
('PAY-000000009', 'TX-000000010', 0, '2025-04-28 01:34:00'),
('PAY-000000010', 'TX-000000012', 1, '2025-04-28 12:54:00'),
('PAY-000000011', 'TX-000000009', 0, '2025-04-28 15:49:00'),
('PAY-000000012', 'TX-000000011', 1, '2025-04-28 17:13:00'),
('PAY-000000013', 'TX-000000013', 0, '2025-04-28 20:19:00'),
('PAY-000000014', 'TX-000000016', 0, '2025-04-28 12:51:00'),
('PAY-000000015', 'TX-000000014', 1, '2025-04-28 01:38:00'),
('PAY-000000016', 'TX-000000017', 1, '2025-04-28 14:59:00'),
('PAY-000000017', 'TX-000000015', 0, '2025-04-28 02:42:00'),
('PAY-000000018', 'TX-000000021', 1, '2025-04-28 09:18:00'),
('PAY-000000019', 'TX-000000018', 0, '2025-04-28 22:36:00'),
('PAY-000000020', 'TX-000000020', 1, '2025-04-28 03:21:00'),
('PAY-000000021', 'TX-000000019', 0, '2025-04-28 02:41:00'),
('PAY-000000022', 'TX-000000022', 1, '2025-04-28 07:44:00'),
('PAY-000000023', 'TX-000000026', 1, '2025-04-28 17:33:00'),
('PAY-000000024', 'TX-000000024', 0, '2025-04-28 14:15:00'),
('PAY-000000025', 'TX-000000027', 1, '2025-04-28 03:04:00'),
('PAY00026', 'TX188', 1, '2025-04-28 11:53:00'),
('PAY00027', 'TX271', 1, '2025-04-28 16:33:00'),
('PAY00028', 'TX190', 1, '2025-04-28 14:12:00'),
('PAY00029', 'TX175', 0, '2025-04-28 00:37:00'),
('PAY00030', 'TX051', 1, '2025-04-28 09:33:00'),
('PAY00031', 'TX055', 0, '2025-04-28 23:24:00'),
('PAY00032', 'TX244', 0, '2025-04-28 04:33:00'),
('PAY00033', 'TX131', 1, '2025-04-28 23:43:00'),
('PAY00034', 'TX135', 0, '2025-04-28 07:37:00'),
('PAY00035', 'TX021', 1, '2025-04-28 18:28:00'),
('PAY00036', 'TX167', 1, '2025-04-28 09:22:00'),
('PAY00037', 'TX274', 0, '2025-04-28 07:10:00'),
('PAY00038', 'TX089', 0, '2025-04-28 11:41:00'),
('PAY00039', 'TX014', 0, '2025-04-28 22:58:00'),
('PAY00040', 'TX242', 1, '2025-04-28 21:19:00'),
('PAY00041', 'TX265', 0, '2025-04-28 02:14:00'),
('PAY00042', 'TX053', 0, '2025-04-28 12:49:00'),
('PAY00043', 'TX092', 1, '2025-04-28 12:58:00'),
('PAY00044', 'TX264', 1, '2025-04-28 09:30:00'),
('PAY00045', 'TX035', 1, '2025-04-28 10:26:00'),
('PAY00046', 'TX206', 0, '2025-04-28 08:38:00'),
('PAY00047', 'TX081', 1, '2025-04-28 09:31:00'),
('PAY00048', 'TX050', 0, '2025-04-28 01:16:00'),
('PAY00049', 'TX002', 0, '2025-04-28 14:33:00'),
('PAY00050', 'TX054', 1, '2025-04-28 18:54:00'),
('PAY00051', 'TX106', 0, '2025-04-28 14:06:00'),
('PAY00052', 'TX260', 0, '2025-04-28 10:20:00'),
('PAY00053', 'TX191', 1, '2025-04-28 00:50:00'),
('PAY00054', 'TX218', 1, '2025-04-28 23:52:00'),
('PAY00055', 'TX044', 1, '2025-04-28 22:52:00'),
('PAY00056', 'TX162', 1, '2025-04-28 05:22:00'),
('PAY00057', 'TX202', 1, '2025-04-28 21:30:00'),
('PAY00058', 'TX270', 1, '2025-04-28 12:14:00'),
('PAY00059', 'TX271', 0, '2025-04-28 18:12:00'),
('PAY00060', 'TX215', 0, '2025-04-28 17:23:00'),
('PAY00061', 'TX252', 1, '2025-04-28 07:15:00'),
('PAY00062', 'TX190', 0, '2025-04-28 18:58:00'),
('PAY00063', 'TX296', 1, '2025-04-28 15:33:00'),
('PAY00064', 'TX213', 1, '2025-04-28 12:53:00'),
('PAY00065', 'TX208', 1, '2025-04-28 21:16:00'),
('PAY00066', 'TX237', 0, '2025-04-28 12:23:00'),
('PAY00067', 'TX053', 1, '2025-04-28 02:09:00'),
('PAY00068', 'TX280', 0, '2025-04-28 01:39:00'),
('PAY00069', 'TX217', 0, '2025-04-28 18:26:00'),
('PAY00070', 'TX252', 0, '2025-04-28 04:20:00'),
('PAY00071', 'TX188', 1, '2025-04-28 13:10:00'),
('PAY00072', 'TX041', 0, '2025-04-28 04:11:00'),
('PAY00073', 'TX157', 0, '2025-04-28 16:41:00'),
('PAY00074', 'TX015', 0, '2025-04-28 10:56:00'),
('PAY00075', 'TX065', 1, '2025-04-28 13:09:00'),
('PAY00076', 'TX009', 0, '2025-04-28 17:54:00'),
('PAY00077', 'TX129', 0, '2025-04-28 19:26:00'),
('PAY00078', 'TX136', 1, '2025-04-28 17:10:00'),
('PAY00079', 'TX063', 0, '2025-04-28 14:17:00'),
('PAY00080', 'TX139', 0, '2025-04-28 12:05:00'),
('PAY00081', 'TX081', 1, '2025-04-28 02:02:00'),
('PAY00082', 'TX163', 0, '2025-04-28 05:28:00'),
('PAY00083', 'TX289', 1, '2025-04-28 04:50:00'),
('PAY00084', 'TX261', 0, '2025-04-28 15:58:00'),
('PAY00085', 'TX231', 0, '2025-04-28 14:33:00'),
('PAY00086', 'TX041', 1, '2025-04-28 12:19:00'),
('PAY00087', 'TX028', 0, '2025-04-28 20:12:00'),
('PAY00088', 'TX135', 1, '2025-04-28 17:11:00'),
('PAY00089', 'TX201', 1, '2025-04-28 18:55:00'),
('PAY00090', 'TX268', 1, '2025-04-28 05:09:00'),
('PAY00091', 'TX033', 1, '2025-04-28 22:53:00'),
('PAY00092', 'TX048', 0, '2025-04-28 13:46:00'),
('PAY00093', 'TX062', 0, '2025-04-28 00:46:00'),
('PAY00094', 'TX216', 0, '2025-04-28 07:23:00'),
('PAY00095', 'TX293', 1, '2025-04-28 01:10:00'),
('PAY00096', 'TX099', 0, '2025-04-28 04:31:00'),
('PAY00097', 'TX172', 0, '2025-04-28 07:24:00'),
('PAY00098', 'TX214', 1, '2025-04-28 00:40:00'),
('PAY00099', 'TX035', 1, '2025-04-28 06:33:00'),
('PAY00100', 'TX227', 0, '2025-04-28 17:29:00'),
('PAY00101', 'TX101', 1, '2025-04-28 06:56:00'),
('PAY00102', 'TX131', 0, '2025-04-28 12:08:00'),
('PAY00103', 'TX257', 0, '2025-04-28 17:38:00'),
('PAY00104', 'TX005', 1, '2025-04-28 02:22:00'),
('PAY00105', 'TX218', 1, '2025-04-28 09:28:00'),
('PAY00106', 'TX255', 0, '2025-04-28 03:19:00'),
('PAY00107', 'TX283', 0, '2025-04-28 12:56:00'),
('PAY00108', 'TX207', 1, '2025-04-28 21:12:00'),
('PAY00109', 'TX015', 1, '2025-04-28 18:50:00'),
('PAY00110', 'TX042', 1, '2025-04-28 23:48:00'),
('PAY00111', 'TX179', 1, '2025-04-28 05:17:00'),
('PAY00112', 'TX063', 0, '2025-04-28 14:41:00'),
('PAY00113', 'TX231', 0, '2025-04-28 00:24:00'),
('PAY00114', 'TX241', 1, '2025-04-28 14:22:00'),
('PAY00115', 'TX052', 0, '2025-04-28 09:24:00'),
('PAY00116', 'TX096', 1, '2025-04-28 18:25:00'),
('PAY00117', 'TX222', 0, '2025-04-28 20:31:00'),
('PAY00118', 'TX231', 0, '2025-04-28 18:25:00'),
('PAY00119', 'TX237', 1, '2025-04-28 13:17:00'),
('PAY00120', 'TX143', 0, '2025-04-28 16:13:00'),
('PAY00121', 'TX171', 0, '2025-04-28 01:15:00'),
('PAY00122', 'TX029', 0, '2025-04-28 07:42:00'),
('PAY00123', 'TX036', 0, '2025-04-28 04:31:00'),
('PAY00124', 'TX013', 1, '2025-04-28 21:32:00'),
('PAY00125', 'TX160', 1, '2025-04-28 05:57:00'),
('PAY00126', 'TX187', 1, '2025-04-28 05:44:00'),
('PAY00127', 'TX243', 0, '2025-04-28 10:25:00'),
('PAY00128', 'TX086', 0, '2025-04-28 12:34:00'),
('PAY00129', 'TX284', 0, '2025-04-28 16:37:00'),
('PAY00130', 'TX066', 0, '2025-04-28 02:56:00'),
('PAY00131', 'TX170', 0, '2025-04-28 02:58:00'),
('PAY00132', 'TX045', 1, '2025-04-28 04:28:00'),
('PAY00133', 'TX062', 0, '2025-04-28 12:36:00'),
('PAY00134', 'TX134', 0, '2025-04-28 15:20:00'),
('PAY00135', 'TX284', 0, '2025-04-28 06:27:00'),
('PAY00136', 'TX028', 0, '2025-04-28 17:11:00'),
('PAY00137', 'TX108', 1, '2025-04-28 02:34:00'),
('PAY00138', 'TX044', 1, '2025-04-28 10:24:00'),
('PAY00139', 'TX286', 1, '2025-04-28 03:57:00'),
('PAY00140', 'TX128', 1, '2025-04-28 17:31:00'),
('PAY00141', 'TX231', 0, '2025-04-28 19:47:00'),
('PAY00142', 'TX190', 0, '2025-04-28 19:35:00'),
('PAY00143', 'TX225', 1, '2025-04-28 07:09:00'),
('PAY00144', 'TX283', 0, '2025-04-28 18:27:00'),
('PAY00145', 'TX121', 1, '2025-04-28 06:28:00'),
('PAY00146', 'TX116', 1, '2025-04-28 05:08:00'),
('PAY00147', 'TX233', 1, '2025-04-28 11:04:00'),
('PAY00148', 'TX259', 1, '2025-04-28 22:47:00'),
('PAY00149', 'TX198', 0, '2025-04-28 10:02:00'),
('PAY00150', 'TX137', 1, '2025-04-28 17:19:00'),
('PAY00151', 'TX165', 1, '2025-04-28 04:26:00'),
('PAY00152', 'TX225', 1, '2025-04-28 21:36:00'),
('PAY00153', 'TX234', 1, '2025-04-28 21:26:00'),
('PAY00154', 'TX172', 1, '2025-04-28 06:29:00'),
('PAY00155', 'TX152', 1, '2025-04-28 17:51:00'),
('PAY00156', 'TX160', 0, '2025-04-28 14:39:00'),
('PAY00157', 'TX096', 0, '2025-04-28 01:29:00'),
('PAY00158', 'TX233', 0, '2025-04-28 02:40:00'),
('PAY00159', 'TX180', 1, '2025-04-28 21:08:00'),
('PAY00160', 'TX113', 0, '2025-04-28 10:26:00'),
('PAY00161', 'TX052', 0, '2025-04-28 13:51:00'),
('PAY00162', 'TX268', 0, '2025-04-28 01:01:00'),
('PAY00163', 'TX295', 1, '2025-04-28 06:22:00'),
('PAY00164', 'TX113', 0, '2025-04-28 02:44:00'),
('PAY00165', 'TX101', 0, '2025-04-28 07:12:00'),
('PAY00166', 'TX113', 0, '2025-04-28 12:36:00'),
('PAY00167', 'TX081', 0, '2025-04-28 17:04:00'),
('PAY00168', 'TX187', 0, '2025-04-28 23:15:00'),
('PAY00169', 'TX113', 0, '2025-04-28 16:19:00'),
('PAY00170', 'TX002', 0, '2025-04-28 06:27:00'),
('PAY00171', 'TX130', 1, '2025-04-28 07:48:00'),
('PAY00172', 'TX220', 0, '2025-04-28 09:41:00'),
('PAY00173', 'TX054', 0, '2025-04-28 00:17:00'),
('PAY00174', 'TX224', 1, '2025-04-28 17:20:00'),
('PAY00175', 'TX225', 0, '2025-04-28 06:38:00');

-- --------------------------------------------------------

--
-- Table structure for table `Person`
--

CREATE TABLE `Person` (
  `Person_ID` varchar(10) NOT NULL,
  `Image_ID` varchar(20) NOT NULL,
  `Person_Name` varchar(50) NOT NULL
) ENGINE=InnoDB DEFAULT CHARSET=utf8mb4 COLLATE=utf8mb4_general_ci;

--
-- Dumping data for table `Person`
--

INSERT INTO `Person` (`Person_ID`, `Image_ID`, `Person_Name`) VALUES
('P-CN-001', 'IMG-PCN-001', 'Chen Sicheng'),
('P-CN-002', 'IMG-PCN-002', 'Dai Mo'),
('P-CN-003', 'IMG-PCN-003', 'Yang Yu'),
('P-CN-004', 'IMG-PCN-004', 'Joseph'),
('P-CN-005', 'IMG-PCN-005', 'Han Mo'),
('P-CN-006', 'IMG-PCN-006', 'Chen Hao'),
('P-CN-007', 'IMG-PCN-007', 'Lü Yanting'),
('P-CN-008', 'IMG-PCN-001', 'Liu Haoran'),
('P-CN-009', 'IMG-PCN-001', 'John Cusack'),
('P-EN-001', 'IMG-PEN-001', 'Jared Hess'),
('P-EN-002', 'IMG-PEN-002', 'David Yarovesky'),
('P-EN-003', 'IMG-PEN-003', 'James Hawes'),
('P-EN-004', 'IMG-PEN-004', 'Christopher Landon'),
('P-EN-005', 'IMG-PEN-005', 'Ryan Coogler'),
('P-EN-006', 'IMG-PEN-006', 'Gavin O\'Connor'),
('P-EN-007', 'IMG-PEN-007', 'Jake Schreier'),
('P-EN-008', 'IMG-PEN-008', 'Dougal Wilson'),
('P-EN-009', 'IMG-PEN-009', 'Marc Webb'),
('P-EN-010', 'IMG-PEN-010', 'Robert Pattinson'),
('P-EN-011', 'IMG-PEN-011', 'Anamaria Vartolomei'),
('P-EN-012', 'IMG-PEN-012', 'Naomi Ackie'),
('P-EN-013', 'IMG-PEN-013', 'Holliday Grainger'),
('P-EN-014', 'IMG-PEN-014', 'Mark Ruffalo'),
('P-EN-015', 'IMG-PEN-015', 'Angus Imrie'),
('P-EN-016', 'IMG-PEN-016', 'Antonio Banderas'),
('P-EN-017', 'IMG-PEN-017', 'Emily Mortimer'),
('P-EN-018', 'IMG-PEN-018', 'Ben Whishaw'),
('P-EN-019', 'IMG-PEN-019', 'Gal Gadot'),
('P-EN-020', 'IMG-PEN-020', 'Rachel Zegler'),
('P-EN-021', 'IMG-PEN-021', 'Andrew Burnap'),
('P-EN-022', 'IMG-PEN-022', 'Nathalie Emmanuel'),
('P-EN-023', 'IMG-PEN-023', 'Thomas Doherty'),
('P-EN-024', 'IMG-PEN-024', 'Hugh Skinner'),
('P-EN-025', 'IMG-PEN-025', 'Jason Momoa'),
('P-EN-026', 'IMG-PEN-026', 'Jack Black'),
('P-EN-027', 'IMG-PEN-027', 'Emma Myers'),
('P-EN-028', 'IMG-PEN-028', 'Bill Skarsgård'),
('P-EN-029', 'IMG-PEN-029', 'Anthony Hopkins'),
('P-EN-030', 'IMG-PEN-030', 'Gabrielle Walsh'),
('P-EN-031', 'IMG-PEN-031', 'Rami Malek'),
('P-EN-032', 'IMG-PEN-032', 'Michael Stuhlbarg'),
('P-EN-033', 'IMG-PEN-033', 'Caitriona Balfe'),
('P-EN-034', 'IMG-PEN-034', 'Holt McCallany'),
('P-EN-035', 'IMG-PEN-035', 'Jon Bernthal'),
('P-EN-036', 'IMG-PEN-036', 'Julianne Nicholson'),
('P-EN-037', 'IMG-PEN-037', 'Rachel Brosnahan'),
('P-EN-038', 'IMG-PEN-038', 'Brandon Sklenar'),
('P-EN-039', 'IMG-PEN-039', 'Meghann Fahy'),
('P-EN-040', 'IMG-PEN-040', 'Violett Beane'),
('P-EN-041', 'IMG-PEN-041', 'Gabrielle Ryan'),
('P-EN-042', 'IMG-PEN-042', 'Ben Affleck'),
('P-EN-043', 'IMG-PEN-043', 'J.K. Simmons'),
('P-EN-044', 'IMG-PEN-044', 'Daniella Pineda'),
('P-EN-045', 'IMG-PEN-045', 'Cynthia Addai Robinson'),
('P-EN-046', 'IMG-PEN-046', 'Hannah John-Kamen'),
('P-EN-047', 'IMG-PEN-047', 'Olga Kurylenko'),
('P-EN-048', 'IMG-PEN-048', 'Wyatt Russell'),
('P-EN-049', 'IMG-PEN-049', 'David Harbour'),
('P-EN-050', 'IMG-PEN-050', 'Florence Pugh'),
('P-EN-051', 'IMG-PEN-051', 'Sebastian Stan'),
('P-ID-001', 'IMG-PID-001', 'Azhar Kinoi Lubis'),
('P-ID-002', 'IMG-PID-002', 'Taskya Namya'),
('P-ID-003', 'IMG-PID-003', 'Wafda Saifan Lubis'),
('P-ID-004', 'IMG-PID-004', 'Arla Ailani'),
('P-ID-005', 'IMG-PID-005', 'Givina Lakita'),
('P-IN-001', 'IMG-PIN-001', 'Gopichand Malineni'),
('P-IN-002', 'IMG-PIN-002', 'Sunny Deol'),
('P-IN-003', 'IMG-PIN-003', 'Regena Cassandrra'),
('P-IN-004', 'IMG-PIN-004', 'Urvashi Rautela'),
('P-IN-005', 'IMG-PIN-005', 'Vineet Kumar Singh'),
('P-IN-006', 'IMG-PIN-006', 'Randeep Hooda'),
('P-IN-007', 'IMG-PIN-007', 'Nidhhi Agerwal'),
('P-JP-001', 'IMG-PJP-001', 'Yuichiro Hayashi'),
('P-JP-002', 'IMG-PJP-002', 'Hiroyuki Hata'),
('P-JP-003', 'IMG-PJP-003', 'Katsuya Shigehara'),
('P-JP-004', 'IMG-PJP-004', 'Romi Park'),
('P-JP-005', 'IMG-PJP-005', 'Natsuki Hanae'),
('P-JP-006', 'IMG-PJP-006', 'Hiroshi Kamiya'),
('P-JP-007', 'IMG-PJP-007', 'Ayane Sakura'),
('P-JP-008', 'IMG-PJP-008', 'Yui Ishikawa'),
('P-JP-009', 'IMG-PJP-009', 'Yuki Kaji'),
('P-JP-010', 'IMG-PJP-010', 'Takehito Koyasu'),
('P-JP-011', 'IMG-PJP-011', 'Hiro Shimono'),
('P-JP-012', 'IMG-PJP-012', 'Marina Inoue'),
('P-JP-013', 'IMG-PJP-013', 'Yoshimasa Hosoya'),
('P-JP-014', 'IMG-PJP-014', 'Minami Takayama'),
('P-JP-015', 'IMG-PJP-015', 'Wakana Yamazaki'),
('P-JP-016', 'IMG-PJP-016', 'Rikiya Koyama'),
('P-JP-017', 'IMG-PJP-017', 'Megumi Hayashibara'),
('P-JP-018', 'IMG-PJP-018', 'Saki Fujita'),
('P-JP-019', 'IMG-PJP-019', 'Asami Shimoda'),
('P-JP-020', 'IMG-PJP-020', 'Yuu Asakawa'),
('P-JP-021', 'IMG-PJP-021', 'Ruriko Noguchi'),
('P-JP-022', 'IMG-PJP-022', 'Karin Isobe'),
('P-JP-023', 'IMG-PJP-023', 'Yuki Nakashima'),
('P-JP-024', 'IMG-PJP-025', 'Takeshi Kusao'),
('P-JP-025', 'IMG-PJP-027', 'Akira Kamiya'),
('P-JP-026', 'IMG-PJP-028', 'Kappei Yamaguchi'),
('P-JP-027', 'IMG-PJP-029', 'Nobuo Tobita'),
('P-JP-028', 'IMG-PJP-030', 'Show Hayami'),
('P-JP-029', 'IMG-PJP-029', 'Yuji Takada'),
('P-JP-030', 'IMG-PJP-030', 'Ami Koshimizu'),
('P-KR-001', 'IMG-PKR-001', 'Bong Joon Ho'),
('P-KR-002', 'IMG-PKR-002', 'Kim Dong-Chul'),
('P-KR-003', 'IMG-PKR-003', 'Nam Doh-hyeong'),
('P-KR-004', 'IMG-PKR-004', 'Choi Han'),
('P-KR-005', 'IMG-PKR-005', 'Kim Yeonwoo'),
('P-KR-006', 'IMG-PKR-006', 'Chung Yuchung'),
('P-TH-001', 'IMG-PTH-001', 'เอกสิทธิ์ ไทยรัตน์'),
('P-TH-002', 'IMG-PTH-002', 'ภณธฤต โชติกฤษฎาโสภณ'),
('P-TH-003', 'IMG-PTH-003', 'ทรงศักดิ์ มงคลทอง'),
('P-TH-004', 'IMG-PTH-004', 'ศตวรรษ เศรษฐกร'),
('P-TH-005', 'IMG-PTH-005', 'อดิเรก โพธิ์ทอง'),
('P-TH-006', 'IMG-PTH-006', 'วรวุฒิ ถวิลวิศิษฏ์วัฒน์'),
('P-TH-007', 'IMG-PTH-007', 'วีรวัฒน์ ชโยชัยกร'),
('P-TH-008', 'IMG-PTH-008', 'องอาจ เจียมเจริญพรกุล'),
('P-TH-009', 'IMG-PTH-009', 'ชยนพ บุญประกอบ'),
('P-TH-010', 'IMG-PTH-010', 'อารักษ์ อมรศุภศิริ'),
('P-TH-011', 'IMG-PTH-011', 'วุฒิพงษ์ สุขะนินทร์'),
('P-TH-012', 'IMG-PTH-012', 'ภัทร เอกแสงกุล'),
('P-TH-013', 'IMG-PTH-013', 'กรณ์นภัส เศรษฐรัตนพงศ์'),
('P-TH-014', 'IMG-PTH-014', 'อรัชพร โภคินภากร'),
('P-TH-015', 'IMG-PTH-015', 'พุฒิพงศ์ อัสสรัตนกุล'),
('P-TH-016', 'IMG-PTH-016', 'กฤษฏ์ อำนวยเดชกร'),
('P-TH-017', 'IMG-PTH-017', 'อิชณน์กร พึ่งเกียรติรัศมี'),
('P-TH-018', 'IMG-PTH-018', 'จุลจักร จักรพงษ์'),
('P-TH-019', 'IMG-PTH-019', 'กรณิศ เล้าสุบินประเสริฐ'),
('P-TH-020', 'IMG-PTH-020', 'จินเจษฎ์ วรรธนะสิน'),
('P-TH-021', 'IMG-PTH-021', 'นพพล โกมารชุน'),
('P-TH-022', 'IMG-PTH-022', 'ฉันทวิชช์ ธนะเสวี'),
('P-TH-023', 'IMG-PTH-023', 'ณัฏฐณิชา ดังวัธนาวณิชย์'),
('P-TH-024', 'IMG-PTH-024', 'ลัทธ์กมล ปิ่นโรจน์กีรติ'),
('P-TH-025', 'IMG-PTH-025', 'ภูมิพัฒน์ เอี่ยมสำอาง'),
('P-TH-026', 'IMG-PTH-026', 'รีเบคก้า แพทรีเซีย อาร์มสตรอง'),
('P-TH-027', 'IMG-PTH-027', 'เดชา โคนาโล'),
('P-TH-028', 'IMG-PTH-028', 'ฤทัยภัทร พัทธนนปภังกร'),
('P-TH-029', 'IMG-PTH-029', 'ขวัญฤดี กลมกล่อม'),
('P-TH-030', 'IMG-PTH-030', 'พันธ์ชนกชนม์ พันธ์สังข์');

-- --------------------------------------------------------

--
-- Table structure for table `Price`
--

CREATE TABLE `Price` (
  `Movie_ID` varchar(10) NOT NULL,
  `Theatre_ID` varchar(20) NOT NULL,
  `ProjectionSystemType_ID` varchar(10) NOT NULL,
  `SeatType_ID` varchar(10) NOT NULL,
  `DayType_ID` varchar(10) NOT NULL,
  `TimeSlot_ID` varchar(10) NOT NULL,
  `Price_Value` decimal(11,0) NOT NULL
) ENGINE=InnoDB DEFAULT CHARSET=utf8mb4 COLLATE=utf8mb4_general_ci;

--
-- Dumping data for table `Price`
--

INSERT INTO `Price` (`Movie_ID`, `Theatre_ID`, `ProjectionSystemType_ID`, `SeatType_ID`, `DayType_ID`, `TimeSlot_ID`, `Price_Value`) VALUES
('MV-10115', 'TT-013-MEGA', 'PS-LSR', 'ST-HNY', 'DY-WKD', 'TS-AFT', 260),
('MV-10115', 'TT-013-MEGA', 'PS-LSR', 'ST-HNY', 'DY-WKD', 'TS-EVE', 260),
('MV-10115', 'TT-013-MEGA', 'PS-LSR', 'ST-HNY', 'DY-WKD', 'TS-MOR', 260),
('MV-10115', 'TT-013-MEGA', 'PS-LSR', 'ST-NOR', 'DY-WKD', 'TS-AFT', 240),
('MV-10115', 'TT-013-MEGA', 'PS-LSR', 'ST-NOR', 'DY-WKD', 'TS-EVE', 240),
('MV-10115', 'TT-013-MEGA', 'PS-LSR', 'ST-NOR', 'DY-WKD', 'TS-MOR', 240),
('MV-10117', 'TT-002-EGVC', 'PS-2DX', 'ST-HNY', 'DY-WKD', 'TS-AFT', 119),
('MV-10117', 'TT-002-EGVC', 'PS-2DX', 'ST-HNY', 'DY-WKD', 'TS-EVE', 119),
('MV-10117', 'TT-002-EGVC', 'PS-2DX', 'ST-NOR', 'DY-WKD', 'TS-AFT', 99),
('MV-10117', 'TT-002-EGVC', 'PS-2DX', 'ST-NOR', 'DY-WKD', 'TS-EVE', 99),
('MV-10117', 'TT-005-SEAC', 'PS-LSR', 'ST-HNY', 'DY-WKD', 'TS-AFT', 220),
('MV-10117', 'TT-005-SEAC', 'PS-LSR', 'ST-HNY', 'DY-WKD', 'TS-EVE', 220),
('MV-10117', 'TT-005-SEAC', 'PS-LSR', 'ST-HNY', 'DY-WKD', 'TS-MOR', 220),
('MV-10117', 'TT-005-SEAC', 'PS-LSR', 'ST-NOR', 'DY-WKD', 'TS-AFT', 200),
('MV-10117', 'TT-005-SEAC', 'PS-LSR', 'ST-NOR', 'DY-WKD', 'TS-EVE', 200),
('MV-10117', 'TT-005-SEAC', 'PS-LSR', 'ST-NOR', 'DY-WKD', 'TS-MOR', 200),
('MV-10119', 'TT-001-MEGA', 'PS-LSR', 'ST-DSO', 'DY-WKD', 'TS-AFT', 1000),
('MV-10119', 'TT-001-MEGA', 'PS-LSR', 'ST-DSO', 'DY-WKD', 'TS-EVE', 1000),
('MV-10119', 'TT-001-MEGA', 'PS-LSR', 'ST-NOR', 'DY-WKD', 'TS-AFT', 240),
('MV-10119', 'TT-001-MEGA', 'PS-LSR', 'ST-NOR', 'DY-WKD', 'TS-EVE', 240),
('MV-10119', 'TT-004-ICCN', 'PS-LSR', 'ST-DSO', 'DY-WKD', 'TS-EVE', 1000),
('MV-10119', 'TT-004-ICCN', 'PS-LSR', 'ST-DSO', 'DY-WKD', 'TS-NGT', 1000),
('MV-10119', 'TT-004-ICCN', 'PS-LSR', 'ST-HNY', 'DY-WKD', 'TS-EVE', 260),
('MV-10119', 'TT-004-ICCN', 'PS-LSR', 'ST-HNY', 'DY-WKD', 'TS-NGT', 260),
('MV-10119', 'TT-004-ICCN', 'PS-LSR', 'ST-NOR', 'DY-WKD', 'TS-EVE', 240),
('MV-10119', 'TT-004-ICCN', 'PS-LSR', 'ST-NOR', 'DY-WKD', 'TS-NGT', 240),
('MV-10119', 'TT-004-ICCN', 'PS-LSR', 'ST-OPR', 'DY-WKD', 'TS-EVE', 700),
('MV-10119', 'TT-004-ICCN', 'PS-LSR', 'ST-OPR', 'DY-WKD', 'TS-NGT', 700),
('MV-10119', 'TT-006-ESCR', 'PS-LSR', 'ST-NOR', 'DY-WKD', 'TS-AFT', 180),
('MV-10119', 'TT-006-ESCR', 'PS-LSR', 'ST-NOR', 'DY-WKD', 'TS-EVE', 180),
('MV-10119', 'TT-006-ESCR', 'PS-LSR', 'ST-NOR', 'DY-WKD', 'TS-MOR', 180),
('MV-10119', 'TT-006-ESCR', 'PS-LSR', 'ST-PRM', 'DY-WKD', 'TS-AFT', 210),
('MV-10119', 'TT-006-ESCR', 'PS-LSR', 'ST-PRM', 'DY-WKD', 'TS-EVE', 210),
('MV-10119', 'TT-006-ESCR', 'PS-LSR', 'ST-PRM', 'DY-WKD', 'TS-MOR', 210),
('MV-10119', 'TT-007-QTCA', 'PS-LSR', 'ST-DSO', 'DY-WKD', 'TS-AFT', 1300),
('MV-10119', 'TT-007-QTCA', 'PS-LSR', 'ST-DSO', 'DY-WKD', 'TS-EVE', 1300),
('MV-10119', 'TT-007-QTCA', 'PS-LSR', 'ST-NOR', 'DY-WKD', 'TS-AFT', 260),
('MV-10119', 'TT-007-QTCA', 'PS-LSR', 'ST-NOR', 'DY-WKD', 'TS-EVE', 260),
('MV-10119', 'TT-007-QTCA', 'PS-LSR', 'ST-OPR', 'DY-WKD', 'TS-AFT', 900),
('MV-10119', 'TT-007-QTCA', 'PS-LSR', 'ST-OPR', 'DY-WKD', 'TS-EVE', 900),
('MV-10119', 'TT-007-QTCA', 'PS-LSR', 'ST-PRV', 'DY-WKD', 'TS-AFT', 360),
('MV-10119', 'TT-007-QTCA', 'PS-LSR', 'ST-PRV', 'DY-WKD', 'TS-EVE', 360),
('MV-10119', 'TT-010-MEGA', 'PS-LSR', 'ST-HNY', 'DY-WKD', 'TS-AFT', 260),
('MV-10119', 'TT-010-MEGA', 'PS-LSR', 'ST-HNY', 'DY-WKD', 'TS-EVE', 260),
('MV-10119', 'TT-010-MEGA', 'PS-LSR', 'ST-NOR', 'DY-WKD', 'TS-AFT', 240),
('MV-10119', 'TT-010-MEGA', 'PS-LSR', 'ST-NOR', 'DY-WKD', 'TS-EVE', 240),
('MV-10125', 'TT-004-MJRC', 'PS-LSR', 'ST-NOR', 'DY-WKD', 'TS-AFT', 240),
('MV-10125', 'TT-004-MJRC', 'PS-LSR', 'ST-NOR', 'DY-WKD', 'TS-MOR', 240),
('MV-10125', 'TT-004-MJRC', 'PS-LSR', 'ST-NOR', 'DY-WKD', 'TS-NGT', 240),
('MV-10125', 'TT-004-MJRC', 'PS-LSR', 'ST-PRM', 'DY-WKD', 'TS-AFT', 270),
('MV-10125', 'TT-004-MJRC', 'PS-LSR', 'ST-PRM', 'DY-WKD', 'TS-MOR', 270),
('MV-10125', 'TT-004-MJRC', 'PS-LSR', 'ST-PRM', 'DY-WKD', 'TS-NGT', 270);

-- --------------------------------------------------------

--
-- Table structure for table `ProjectionSystemType`
--

CREATE TABLE `ProjectionSystemType` (
  `ProjectionSystemType_ID` varchar(10) NOT NULL,
  `Image_ID` varchar(20) NOT NULL,
  `ProjectionSystemType_Description` varchar(200) NOT NULL
) ENGINE=InnoDB DEFAULT CHARSET=utf8mb4 COLLATE=utf8mb4_general_ci;

--
-- Dumping data for table `ProjectionSystemType`
--

INSERT INTO `ProjectionSystemType` (`ProjectionSystemType_ID`, `Image_ID`, `ProjectionSystemType_Description`) VALUES
('PS-2DA', 'IMG-PS-2DA', 'ระบบการฉาย2 มิติ ในระบบเสียง Dolby ATMOS สามารถอ่านรายละเอียดเพิ่มเติมเกี่ยวกับระบบการฉายดังกล่าวได้ที่ Dolby Atmos'),
('PS-2DX', 'IMG-PS-2DX', 'ระบบการฉายแบบดิจิตอล 2 มิติ '),
('PS-2HFR', 'IMG-PS-2HFR', 'ระบบการฉายแบบ 2 มิติ ในระบบภาพความคมชัดแบบ High Frame Rate(HFR) สามารถอ่านรายละเอียดเพิ่มเติมเกี่ยวกับระบบการฉายดังกล่าวได้ที่ HFR'),
('PS-3DA', 'IMG-PS-3DA', 'ระบบการฉาย3 มิติ ในระบบเสียง Dolby ATMOS สามารถอ่านรายละเอียดเพิ่มเติมเกี่ยวกับระบบการฉายดังกล่าวได้ที่ Dolby Atmos'),
('PS-3HFR', 'IMG-PS-3HFR', 'ระบบการฉายแบบ 3 มิติ ในระบบภาพความคมชัดแบบ High Frame Rate(HFR) สามารถอ่านรายละเอียดเพิ่มเติมเกี่ยวกับระบบการฉายดังกล่าวได้ที่ HFR3D'),
('PS-4DX', 'IMG-PS-4DX', 'ระบบการฉายแบบ 4Dx สามารถอ่านรายละเอียดเพิ่มเติมเกี่ยวกับระบบการฉายดังกล่าวได้ที่ 4DX Theatre'),
('PS-4DX-2D', 'IMG-PS-4DX-2D', 'ระบบการฉายแบบ 4DX แบบ 2 มิติ สามารถอ่านรายละเอียดเพิ่มเติมเกี่ยวกับระบบการฉายดังกล่าวได้ที่ 4DX Theater'),
('PS-4DX-3D', 'IMG-PS-4DX-3D', 'ระบบการฉายแบบ 4DX แบบ 3 มิติ สามารถอ่านรายละเอียดเพิ่มเติมเกี่ยวกับระบบการฉายดังกล่าวได้ที่ 4DX Theater'),
('PS-IMX-2DX', 'IMG-PS-IMX-2DX', 'ระบบการฉายแบบ ดิจิตอล IMAX 2 มิติ สามารถอ่านรายละเอียดเพิ่มเติมเกี่ยวกับระบบการฉายดังกล่าวได้ที่ IMAX \r\n\r\n'),
('PS-IMX-H3', 'IMG-PS-IMX-H3', 'ระบบการฉายแบบIMAX High Frame Rate(HFR) 3 มิติ สามารถอ่านรายละเอียดเพิ่มเติมเกี่ยวกับระบบการฉายดังกล่าวได้ที่ IMAX'),
('PS-IMX-LSR', 'IMG-PS-IMX-LSR', 'ระบบฉายที่สุดของสีสันและความคมชัดบนจอยักษ์\r\n'),
('PS-KID', 'IMG-PS-KID', 'โรงภาพยนตร์สำหรับเด็กและครอบครัว เปิดให้บริการบ่อบอลและสไลเดอร์ ทุกวันเสาร์-อาทิตย์และวันหยุดนักขัตฤกษ์'),
('PS-KID-MP', 'IMG-PS-KID-MP', 'รอบฉายภาพยนตร์ที่เหมาะสำหรับเด็กและครอบครัว ภายในโรงภาพยนตร์มีการเปิดไฟสว่างขึ้น 20% และลดระดับเสียงลง 30%'),
('PS-LED', 'IMG-PS-LED', 'ระบบฉายขั้นสูงสุดของสีสันและความคมชัดผ่านจอภาพแบบ LED สามารถอ่านรายละเอียดเพิ่มเติมเกี่ยวกับระบบการฉายดังกล่าวได้ที่ LED Cinema'),
('PS-LSR', 'IMG-PS-LSR', 'ระบบฉายภาพแบบเลเซอร์คมชัดเพิ่มขึ้น พร้อมสีสันที่สวยงาม'),
('PS-PET', 'IMG-PS-PET', 'รอบฉายนี้สำหรับลูกค้าที่ประสงค์นำสัตว์เลี้ยง(สุนัขและแมว) เข้าใช้บริการในโรงภาพยนตร์'),
('PS-SCX', 'IMG-PS-SCX', 'ระบบฉายที่มาพร้อมจอภาพ 3 ทิศทาง ให้ภาพกว้าง 270 องศา สามารถอ่านรายละเอียดเพิ่มเติมเกี่ยวกับระบบการฉายดังกล่าวได้ที่ ScreenX');

-- --------------------------------------------------------

--
-- Table structure for table `Promotion`
--

CREATE TABLE `Promotion` (
  `Promotion_ID` varchar(20) NOT NULL,
  `Promotion_Title` varchar(100) NOT NULL,
  `Promotion_Description` varchar(200) NOT NULL,
  `Promotion_Discount` double NOT NULL,
  `Promotion_StartDate` date NOT NULL,
  `Promotion_EndDate` date NOT NULL
) ENGINE=InnoDB DEFAULT CHARSET=utf8mb4 COLLATE=utf8mb4_general_ci;

--
-- Dumping data for table `Promotion`
--

INSERT INTO `Promotion` (`Promotion_ID`, `Promotion_Title`, `Promotion_Description`, `Promotion_Discount`, `Promotion_StartDate`, `Promotion_EndDate`) VALUES
('PM-001', '', 'ดู Deadpool & Wolverine รับฟรี! สติกเกอร์ติดรถ เมื่อซื้อบัตรชมภาพยนตร์ Deadpool & Wolverine ที่โรงภาพยนตร์เครือ Major Cineplex รับฟรี! สติกเกอร์ติดรถ 1 แผ่น ที่เคาน์เตอร์จำหน่ายบัตร', 0, '2025-04-17', '2025-05-10'),
('PM-002', '', 'โปรโมชั่น M-Coupon มา 4 จ่าย 3 ซื้อคูปองหนังผ่าน Major App หรือเว็บไซต์ สำหรับที่นั่งปกติทุกเรื่อง ทุกรอบ ทุกสาขา', 25, '2025-04-01', '2025-04-30'),
('PM-003', '', 'ลด 50 บาท เมื่อใช้คะแนน MGEN 50 คะแนน แลกรับส่วนลด 50 บาท ที่โรงภาพยนตร์ Major Cineplex ทุกสาขา', 50, '2025-04-01', '2025-04-30'),
('PM-004', '', 'โปรฯ 1 แถม 1 เมื่อชำระผ่านบัตรเครดิต KBank ทุกวันพุธที่ Major Cineplex สาขาที่ร่วมรายการ', 50, '2025-04-01', '2025-04-30'),
('PM-005', '', 'นักเรียน นักศึกษา ดูหนังราคา 100 บาท ทุกวันจันทร์ถึงศุกร์ ก่อน 18:00 น. ที่โรงภาพยนตร์ในเครือเมเจอร์', 50, '2025-04-01', '2025-06-30'),
('PM-006', '', 'ดูหนังสุดมันส์กับโปรโมชันบัตรนักเรียน นักศึกษา แสดงบัตรรับสิทธิ์ราคาพิเศษทุกเรื่อง ทุกรอบ', 30, '2025-04-01', '2025-06-30'),
('PM-007', '', 'โปรโมชันวันจันทร์ Movie Day ทุกที่นั่งทุกระบบ ราคาเริ่มต้นเพียง 100 บาท', 40, '2025-04-01', '2025-12-31'),
('PM-008', '', 'โปรโมชัน TrueYou ใช้ 100 แต้ม แลกรับส่วนลดตั๋วหนัง 50 บาท 1 ที่นั่ง', 50, '2025-04-01', '2025-12-31'),
('PM-009', '', 'ดูหนังราคาพิเศษเมื่อชำระผ่านบัตรเครดิต KTC รับส่วนลดเพิ่ม 50 บาท เมื่อซื้อบัตรหนัง 2 ที่นั่ง', 50, '2025-04-01', '2025-12-31'),
('PM-010', '', 'สมาชิก M Gen Kids ดูหนังทุกเรื่อง ทุกรอบ ราคาพิเศษ พร้อมรับสิทธิ์แลกของขวัญ', 35, '2025-04-01', '2025-12-31');

-- --------------------------------------------------------

--
-- Table structure for table `Region`
--

CREATE TABLE `Region` (
  `Region_ID` varchar(10) NOT NULL,
  `Region_Name` varchar(20) NOT NULL
) ENGINE=InnoDB DEFAULT CHARSET=utf8mb4 COLLATE=utf8mb4_general_ci;

--
-- Dumping data for table `Region`
--

INSERT INTO `Region` (`Region_ID`, `Region_Name`) VALUES
('R-CEN', 'CENTRAL'),
('R-EST', 'EAST'),
('R-NOE', 'NORTHEAST'),
('R-NRT', 'NORTH'),
('R-STH', 'SOUTH'),
('R-WST', 'WEST');

-- --------------------------------------------------------

--
-- Table structure for table `Role`
--

CREATE TABLE `Role` (
  `Role_ID` varchar(10) NOT NULL,
  `Role_Name` varchar(20) NOT NULL
) ENGINE=InnoDB DEFAULT CHARSET=utf8mb4 COLLATE=utf8mb4_general_ci;

--
-- Dumping data for table `Role`
--

INSERT INTO `Role` (`Role_ID`, `Role_Name`) VALUES
('R-CST', 'Cast'),
('R-DRT', 'Director');

-- --------------------------------------------------------

--
-- Table structure for table `Seat`
--

CREATE TABLE `Seat` (
  `Theatre_ID` varchar(20) NOT NULL,
  `SeatType_ID` varchar(10) NOT NULL,
  `Seat_Row` varchar(10) NOT NULL,
  `Seat_Number` varchar(10) NOT NULL
) ENGINE=InnoDB DEFAULT CHARSET=utf8mb4 COLLATE=utf8mb4_general_ci;

--
-- Dumping data for table `Seat`
--

INSERT INTO `Seat` (`Theatre_ID`, `SeatType_ID`, `Seat_Row`, `Seat_Number`) VALUES
('TT-001-BCSP', 'ST-HNY', 'A', '1'),
('TT-001-BCSP', 'ST-HNY', 'A', '10'),
('TT-001-BCSP', 'ST-HNY', 'A', '11'),
('TT-001-BCSP', 'ST-HNY', 'A', '2'),
('TT-001-BCSP', 'ST-HNY', 'A', '3'),
('TT-001-BCSP', 'ST-HNY', 'A', '4'),
('TT-001-BCSP', 'ST-HNY', 'A', '5'),
('TT-001-BCSP', 'ST-HNY', 'A', '6'),
('TT-001-BCSP', 'ST-HNY', 'A', '7'),
('TT-001-BCSP', 'ST-HNY', 'A', '8'),
('TT-001-BCSP', 'ST-HNY', 'A', '9'),
('TT-001-BCSP', 'ST-HNY', 'B', '1'),
('TT-001-BCSP', 'ST-HNY', 'B', '10'),
('TT-001-BCSP', 'ST-HNY', 'B', '11'),
('TT-001-BCSP', 'ST-HNY', 'B', '12'),
('TT-001-BCSP', 'ST-HNY', 'B', '13'),
('TT-001-BCSP', 'ST-HNY', 'B', '14'),
('TT-001-BCSP', 'ST-HNY', 'B', '15'),
('TT-001-BCSP', 'ST-HNY', 'B', '16'),
('TT-001-BCSP', 'ST-HNY', 'B', '17'),
('TT-001-BCSP', 'ST-HNY', 'B', '2'),
('TT-001-BCSP', 'ST-HNY', 'B', '3'),
('TT-001-BCSP', 'ST-HNY', 'B', '4'),
('TT-001-BCSP', 'ST-HNY', 'B', '5'),
('TT-001-BCSP', 'ST-HNY', 'B', '6'),
('TT-001-BCSP', 'ST-HNY', 'B', '7'),
('TT-001-BCSP', 'ST-HNY', 'B', '8'),
('TT-001-BCSP', 'ST-HNY', 'B', '9'),
('TT-001-BCSP', 'ST-HNY', 'C', '1'),
('TT-001-BCSP', 'ST-HNY', 'C', '10'),
('TT-001-BCSP', 'ST-HNY', 'C', '11'),
('TT-001-BCSP', 'ST-HNY', 'C', '12'),
('TT-001-BCSP', 'ST-HNY', 'C', '13'),
('TT-001-BCSP', 'ST-HNY', 'C', '14'),
('TT-001-BCSP', 'ST-HNY', 'C', '15'),
('TT-001-BCSP', 'ST-HNY', 'C', '16'),
('TT-001-BCSP', 'ST-HNY', 'C', '17'),
('TT-001-BCSP', 'ST-HNY', 'C', '2'),
('TT-001-BCSP', 'ST-HNY', 'C', '3'),
('TT-001-BCSP', 'ST-HNY', 'C', '4'),
('TT-001-BCSP', 'ST-HNY', 'C', '5'),
('TT-001-BCSP', 'ST-HNY', 'C', '6'),
('TT-001-BCSP', 'ST-HNY', 'C', '7'),
('TT-001-BCSP', 'ST-HNY', 'C', '8'),
('TT-001-BCSP', 'ST-HNY', 'C', '9'),
('TT-001-BCSP', 'ST-NOR', 'D', '1'),
('TT-001-BCSP', 'ST-NOR', 'D', '10'),
('TT-001-BCSP', 'ST-NOR', 'D', '11'),
('TT-001-BCSP', 'ST-NOR', 'D', '12'),
('TT-001-BCSP', 'ST-NOR', 'D', '13'),
('TT-001-BCSP', 'ST-NOR', 'D', '14'),
('TT-001-BCSP', 'ST-NOR', 'D', '15'),
('TT-001-BCSP', 'ST-NOR', 'D', '16'),
('TT-001-BCSP', 'ST-NOR', 'D', '17'),
('TT-001-BCSP', 'ST-NOR', 'D', '2'),
('TT-001-BCSP', 'ST-NOR', 'D', '3'),
('TT-001-BCSP', 'ST-NOR', 'D', '4'),
('TT-001-BCSP', 'ST-NOR', 'D', '5'),
('TT-001-BCSP', 'ST-NOR', 'D', '6'),
('TT-001-BCSP', 'ST-NOR', 'D', '7'),
('TT-001-BCSP', 'ST-NOR', 'D', '8'),
('TT-001-BCSP', 'ST-NOR', 'D', '9'),
('TT-001-BCSP', 'ST-NOR', 'E', '1'),
('TT-001-BCSP', 'ST-NOR', 'E', '10'),
('TT-001-BCSP', 'ST-NOR', 'E', '11'),
('TT-001-BCSP', 'ST-NOR', 'E', '12'),
('TT-001-BCSP', 'ST-NOR', 'E', '13'),
('TT-001-BCSP', 'ST-NOR', 'E', '14'),
('TT-001-BCSP', 'ST-NOR', 'E', '15'),
('TT-001-BCSP', 'ST-NOR', 'E', '16'),
('TT-001-BCSP', 'ST-NOR', 'E', '17'),
('TT-001-BCSP', 'ST-NOR', 'E', '2'),
('TT-001-BCSP', 'ST-NOR', 'E', '3'),
('TT-001-BCSP', 'ST-NOR', 'E', '4'),
('TT-001-BCSP', 'ST-NOR', 'E', '5'),
('TT-001-BCSP', 'ST-NOR', 'E', '6'),
('TT-001-BCSP', 'ST-NOR', 'E', '7'),
('TT-001-BCSP', 'ST-NOR', 'E', '8'),
('TT-001-BCSP', 'ST-NOR', 'E', '9'),
('TT-001-BCSP', 'ST-NOR', 'F', '1'),
('TT-001-BCSP', 'ST-NOR', 'F', '10'),
('TT-001-BCSP', 'ST-NOR', 'F', '11'),
('TT-001-BCSP', 'ST-NOR', 'F', '12'),
('TT-001-BCSP', 'ST-NOR', 'F', '13'),
('TT-001-BCSP', 'ST-NOR', 'F', '14'),
('TT-001-BCSP', 'ST-NOR', 'F', '15'),
('TT-001-BCSP', 'ST-NOR', 'F', '16'),
('TT-001-BCSP', 'ST-NOR', 'F', '17'),
('TT-001-BCSP', 'ST-NOR', 'F', '2'),
('TT-001-BCSP', 'ST-NOR', 'F', '3'),
('TT-001-BCSP', 'ST-NOR', 'F', '4'),
('TT-001-BCSP', 'ST-NOR', 'F', '5'),
('TT-001-BCSP', 'ST-NOR', 'F', '6'),
('TT-001-BCSP', 'ST-NOR', 'F', '7'),
('TT-001-BCSP', 'ST-NOR', 'F', '8'),
('TT-001-BCSP', 'ST-NOR', 'F', '9'),
('TT-001-BCSP', 'ST-NOR', 'G', '1'),
('TT-001-BCSP', 'ST-NOR', 'G', '10'),
('TT-001-BCSP', 'ST-NOR', 'G', '11'),
('TT-001-BCSP', 'ST-NOR', 'G', '12'),
('TT-001-BCSP', 'ST-NOR', 'G', '13'),
('TT-001-BCSP', 'ST-NOR', 'G', '14'),
('TT-001-BCSP', 'ST-NOR', 'G', '15'),
('TT-001-BCSP', 'ST-NOR', 'G', '16'),
('TT-001-BCSP', 'ST-NOR', 'G', '17'),
('TT-001-BCSP', 'ST-NOR', 'G', '2'),
('TT-001-BCSP', 'ST-NOR', 'G', '3'),
('TT-001-BCSP', 'ST-NOR', 'G', '4'),
('TT-001-BCSP', 'ST-NOR', 'G', '5'),
('TT-001-BCSP', 'ST-NOR', 'G', '6'),
('TT-001-BCSP', 'ST-NOR', 'G', '7'),
('TT-001-BCSP', 'ST-NOR', 'G', '8'),
('TT-001-BCSP', 'ST-NOR', 'G', '9'),
('TT-001-BCSP', 'ST-NOR', 'H', '1'),
('TT-001-BCSP', 'ST-NOR', 'H', '10'),
('TT-001-BCSP', 'ST-NOR', 'H', '11'),
('TT-001-BCSP', 'ST-NOR', 'H', '12'),
('TT-001-BCSP', 'ST-NOR', 'H', '13'),
('TT-001-BCSP', 'ST-NOR', 'H', '14'),
('TT-001-BCSP', 'ST-NOR', 'H', '15'),
('TT-001-BCSP', 'ST-NOR', 'H', '16'),
('TT-001-BCSP', 'ST-NOR', 'H', '17'),
('TT-001-BCSP', 'ST-NOR', 'H', '2'),
('TT-001-BCSP', 'ST-NOR', 'H', '3'),
('TT-001-BCSP', 'ST-NOR', 'H', '4'),
('TT-001-BCSP', 'ST-NOR', 'H', '5'),
('TT-001-BCSP', 'ST-NOR', 'H', '6'),
('TT-001-BCSP', 'ST-NOR', 'H', '7'),
('TT-001-BCSP', 'ST-NOR', 'H', '8'),
('TT-001-BCSP', 'ST-NOR', 'H', '9'),
('TT-001-BCSP', 'ST-NOR', 'I', '1'),
('TT-001-BCSP', 'ST-NOR', 'I', '10'),
('TT-001-BCSP', 'ST-NOR', 'I', '11'),
('TT-001-BCSP', 'ST-NOR', 'I', '12'),
('TT-001-BCSP', 'ST-NOR', 'I', '13'),
('TT-001-BCSP', 'ST-NOR', 'I', '14'),
('TT-001-BCSP', 'ST-NOR', 'I', '15'),
('TT-001-BCSP', 'ST-NOR', 'I', '16'),
('TT-001-BCSP', 'ST-NOR', 'I', '17'),
('TT-001-BCSP', 'ST-NOR', 'I', '2'),
('TT-001-BCSP', 'ST-NOR', 'I', '3'),
('TT-001-BCSP', 'ST-NOR', 'I', '4'),
('TT-001-BCSP', 'ST-NOR', 'I', '5'),
('TT-001-BCSP', 'ST-NOR', 'I', '6'),
('TT-001-BCSP', 'ST-NOR', 'I', '7'),
('TT-001-BCSP', 'ST-NOR', 'I', '8'),
('TT-001-BCSP', 'ST-NOR', 'I', '9'),
('TT-001-BCSP', 'ST-NOR', 'J', '1'),
('TT-001-BCSP', 'ST-NOR', 'J', '10'),
('TT-001-BCSP', 'ST-NOR', 'J', '11'),
('TT-001-BCSP', 'ST-NOR', 'J', '12'),
('TT-001-BCSP', 'ST-NOR', 'J', '13'),
('TT-001-BCSP', 'ST-NOR', 'J', '14'),
('TT-001-BCSP', 'ST-NOR', 'J', '15'),
('TT-001-BCSP', 'ST-NOR', 'J', '16'),
('TT-001-BCSP', 'ST-NOR', 'J', '17'),
('TT-001-BCSP', 'ST-NOR', 'J', '2'),
('TT-001-BCSP', 'ST-NOR', 'J', '3'),
('TT-001-BCSP', 'ST-NOR', 'J', '4'),
('TT-001-BCSP', 'ST-NOR', 'J', '5'),
('TT-001-BCSP', 'ST-NOR', 'J', '6'),
('TT-001-BCSP', 'ST-NOR', 'J', '7'),
('TT-001-BCSP', 'ST-NOR', 'J', '8'),
('TT-001-BCSP', 'ST-NOR', 'J', '9'),
('TT-001-BCSP', 'ST-NOR', 'K', '1'),
('TT-001-BCSP', 'ST-NOR', 'K', '10'),
('TT-001-BCSP', 'ST-NOR', 'K', '2'),
('TT-001-BCSP', 'ST-NOR', 'K', '3'),
('TT-001-BCSP', 'ST-NOR', 'K', '4'),
('TT-001-BCSP', 'ST-NOR', 'K', '5'),
('TT-001-BCSP', 'ST-NOR', 'K', '6'),
('TT-001-BCSP', 'ST-NOR', 'K', '7'),
('TT-001-BCSP', 'ST-NOR', 'K', '8'),
('TT-001-BCSP', 'ST-NOR', 'K', '9'),
('TT-001-CMAP', 'ST-HNY', 'A', '01'),
('TT-001-CMAP', 'ST-HNY', 'A', '02'),
('TT-001-CMAP', 'ST-HNY', 'A', '03'),
('TT-001-CMAP', 'ST-HNY', 'A', '04'),
('TT-001-CMAP', 'ST-HNY', 'A', '05'),
('TT-001-CMAP', 'ST-HNY', 'A', '06'),
('TT-001-CMAP', 'ST-HNY', 'A', '07'),
('TT-001-CMAP', 'ST-HNY', 'A', '08'),
('TT-001-CMAP', 'ST-HNY', 'A', '09'),
('TT-001-CMAP', 'ST-HNY', 'A', '10'),
('TT-001-CMAP', 'ST-HNY', 'A', '11'),
('TT-001-CMAP', 'ST-HNY', 'A', '12'),
('TT-001-CMAP', 'ST-HNY', 'A', '13'),
('TT-001-CMAP', 'ST-HNY', 'A', '14'),
('TT-001-CMAP', 'ST-HNY', 'A', '15'),
('TT-001-CMAP', 'ST-HNY', 'A', '16'),
('TT-001-CMAP', 'ST-HNY', 'A', '17'),
('TT-001-CMAP', 'ST-HNY', 'B', '01'),
('TT-001-CMAP', 'ST-HNY', 'B', '02'),
('TT-001-CMAP', 'ST-HNY', 'B', '03'),
('TT-001-CMAP', 'ST-HNY', 'B', '04'),
('TT-001-CMAP', 'ST-HNY', 'B', '05'),
('TT-001-CMAP', 'ST-HNY', 'B', '06'),
('TT-001-CMAP', 'ST-HNY', 'B', '07'),
('TT-001-CMAP', 'ST-HNY', 'B', '08'),
('TT-001-CMAP', 'ST-HNY', 'B', '09'),
('TT-001-CMAP', 'ST-HNY', 'B', '10'),
('TT-001-CMAP', 'ST-HNY', 'B', '11'),
('TT-001-CMAP', 'ST-HNY', 'B', '12'),
('TT-001-CMAP', 'ST-HNY', 'B', '13'),
('TT-001-CMAP', 'ST-HNY', 'B', '14'),
('TT-001-CMAP', 'ST-HNY', 'B', '15'),
('TT-001-CMAP', 'ST-HNY', 'B', '16'),
('TT-001-CMAP', 'ST-HNY', 'B', '17'),
('TT-001-CMAP', 'ST-HNY', 'C', '01'),
('TT-001-CMAP', 'ST-HNY', 'C', '02'),
('TT-001-CMAP', 'ST-HNY', 'C', '03'),
('TT-001-CMAP', 'ST-HNY', 'C', '04'),
('TT-001-CMAP', 'ST-HNY', 'C', '05'),
('TT-001-CMAP', 'ST-HNY', 'C', '06'),
('TT-001-CMAP', 'ST-HNY', 'C', '07'),
('TT-001-CMAP', 'ST-HNY', 'C', '08'),
('TT-001-CMAP', 'ST-HNY', 'C', '09'),
('TT-001-CMAP', 'ST-HNY', 'C', '10'),
('TT-001-CMAP', 'ST-HNY', 'C', '11'),
('TT-001-CMAP', 'ST-HNY', 'C', '12'),
('TT-001-CMAP', 'ST-HNY', 'C', '13'),
('TT-001-CMAP', 'ST-HNY', 'C', '14'),
('TT-001-CMAP', 'ST-HNY', 'C', '15'),
('TT-001-CMAP', 'ST-HNY', 'C', '16'),
('TT-001-CMAP', 'ST-HNY', 'C', '17'),
('TT-001-CMAP', 'ST-NOR', 'D', '01'),
('TT-001-CMAP', 'ST-NOR', 'D', '02'),
('TT-001-CMAP', 'ST-NOR', 'D', '03'),
('TT-001-CMAP', 'ST-NOR', 'D', '04'),
('TT-001-CMAP', 'ST-NOR', 'D', '05'),
('TT-001-CMAP', 'ST-NOR', 'D', '06'),
('TT-001-CMAP', 'ST-NOR', 'D', '07'),
('TT-001-CMAP', 'ST-NOR', 'D', '08'),
('TT-001-CMAP', 'ST-NOR', 'D', '09'),
('TT-001-CMAP', 'ST-NOR', 'D', '10'),
('TT-001-CMAP', 'ST-NOR', 'D', '11'),
('TT-001-CMAP', 'ST-NOR', 'D', '12'),
('TT-001-CMAP', 'ST-NOR', 'D', '13'),
('TT-001-CMAP', 'ST-NOR', 'D', '14'),
('TT-001-CMAP', 'ST-NOR', 'D', '15'),
('TT-001-CMAP', 'ST-NOR', 'D', '16'),
('TT-001-CMAP', 'ST-NOR', 'D', '17'),
('TT-001-CMAP', 'ST-NOR', 'E', '01'),
('TT-001-CMAP', 'ST-NOR', 'E', '02'),
('TT-001-CMAP', 'ST-NOR', 'E', '03'),
('TT-001-CMAP', 'ST-NOR', 'E', '04'),
('TT-001-CMAP', 'ST-NOR', 'E', '05'),
('TT-001-CMAP', 'ST-NOR', 'E', '06'),
('TT-001-CMAP', 'ST-NOR', 'E', '07'),
('TT-001-CMAP', 'ST-NOR', 'E', '08'),
('TT-001-CMAP', 'ST-NOR', 'E', '09'),
('TT-001-CMAP', 'ST-NOR', 'E', '10'),
('TT-001-CMAP', 'ST-NOR', 'E', '11'),
('TT-001-CMAP', 'ST-NOR', 'E', '12'),
('TT-001-CMAP', 'ST-NOR', 'E', '13'),
('TT-001-CMAP', 'ST-NOR', 'E', '14'),
('TT-001-CMAP', 'ST-NOR', 'E', '15'),
('TT-001-CMAP', 'ST-NOR', 'E', '16'),
('TT-001-CMAP', 'ST-NOR', 'E', '17'),
('TT-001-CMAP', 'ST-NOR', 'F', '01'),
('TT-001-CMAP', 'ST-NOR', 'F', '02'),
('TT-001-CMAP', 'ST-NOR', 'F', '03'),
('TT-001-CMAP', 'ST-NOR', 'F', '04'),
('TT-001-CMAP', 'ST-NOR', 'F', '05'),
('TT-001-CMAP', 'ST-NOR', 'F', '06'),
('TT-001-CMAP', 'ST-NOR', 'F', '07'),
('TT-001-CMAP', 'ST-NOR', 'F', '08'),
('TT-001-CMAP', 'ST-NOR', 'F', '09'),
('TT-001-CMAP', 'ST-NOR', 'F', '10'),
('TT-001-CMAP', 'ST-NOR', 'F', '11'),
('TT-001-CMAP', 'ST-NOR', 'F', '12'),
('TT-001-CMAP', 'ST-NOR', 'F', '13'),
('TT-001-CMAP', 'ST-NOR', 'F', '14'),
('TT-001-CMAP', 'ST-NOR', 'F', '15'),
('TT-001-CMAP', 'ST-NOR', 'F', '16'),
('TT-001-CMAP', 'ST-NOR', 'F', '17'),
('TT-001-CMAP', 'ST-NOR', 'G', '01'),
('TT-001-CMAP', 'ST-NOR', 'G', '02'),
('TT-001-CMAP', 'ST-NOR', 'G', '03'),
('TT-001-CMAP', 'ST-NOR', 'G', '04'),
('TT-001-CMAP', 'ST-NOR', 'G', '05'),
('TT-001-CMAP', 'ST-NOR', 'G', '06'),
('TT-001-CMAP', 'ST-NOR', 'G', '07'),
('TT-001-CMAP', 'ST-NOR', 'G', '08'),
('TT-001-CMAP', 'ST-NOR', 'G', '09'),
('TT-001-CMAP', 'ST-NOR', 'G', '10'),
('TT-001-CMAP', 'ST-NOR', 'G', '11'),
('TT-001-CMAP', 'ST-NOR', 'G', '12'),
('TT-001-CMAP', 'ST-NOR', 'G', '13'),
('TT-001-CMAP', 'ST-NOR', 'G', '14'),
('TT-001-CMAP', 'ST-NOR', 'G', '15'),
('TT-001-CMAP', 'ST-NOR', 'G', '16'),
('TT-001-CMAP', 'ST-NOR', 'G', '17'),
('TT-001-CMAP', 'ST-NOR', 'H', '01'),
('TT-001-CMAP', 'ST-NOR', 'H', '02'),
('TT-001-CMAP', 'ST-NOR', 'H', '03'),
('TT-001-CMAP', 'ST-NOR', 'H', '04'),
('TT-001-CMAP', 'ST-NOR', 'H', '05'),
('TT-001-CMAP', 'ST-NOR', 'H', '06'),
('TT-001-CMAP', 'ST-NOR', 'H', '07'),
('TT-001-CMAP', 'ST-NOR', 'H', '08'),
('TT-001-CMAP', 'ST-NOR', 'H', '09'),
('TT-001-CMAP', 'ST-NOR', 'H', '10'),
('TT-001-CMAP', 'ST-NOR', 'H', '11'),
('TT-001-CMAP', 'ST-NOR', 'H', '12'),
('TT-001-CMAP', 'ST-NOR', 'H', '13'),
('TT-001-CMAP', 'ST-NOR', 'H', '14'),
('TT-001-CMAP', 'ST-NOR', 'H', '15'),
('TT-001-CMAP', 'ST-NOR', 'H', '16'),
('TT-001-CMAP', 'ST-NOR', 'H', '17'),
('TT-001-CMAP', 'ST-NOR', 'I', '01'),
('TT-001-CMAP', 'ST-NOR', 'I', '02'),
('TT-001-CMAP', 'ST-NOR', 'I', '03'),
('TT-001-CMAP', 'ST-NOR', 'I', '04'),
('TT-001-CMAP', 'ST-NOR', 'I', '05'),
('TT-001-CMAP', 'ST-NOR', 'I', '06'),
('TT-001-CMAP', 'ST-NOR', 'I', '07'),
('TT-001-CMAP', 'ST-NOR', 'I', '08'),
('TT-001-CMAP', 'ST-NOR', 'I', '09'),
('TT-001-CMAP', 'ST-NOR', 'I', '10'),
('TT-001-CMAP', 'ST-NOR', 'I', '11'),
('TT-001-CMAP', 'ST-NOR', 'I', '12'),
('TT-001-CMAP', 'ST-NOR', 'I', '13'),
('TT-001-CMAP', 'ST-NOR', 'I', '14'),
('TT-001-CMAP', 'ST-NOR', 'I', '15'),
('TT-001-CMAP', 'ST-NOR', 'I', '16'),
('TT-001-CMAP', 'ST-NOR', 'I', '17'),
('TT-001-CTCR', 'ST-HNY', 'A', '1'),
('TT-001-CTCR', 'ST-HNY', 'A', '10'),
('TT-001-CTCR', 'ST-HNY', 'A', '11'),
('TT-001-CTCR', 'ST-HNY', 'A', '12'),
('TT-001-CTCR', 'ST-HNY', 'A', '13'),
('TT-001-CTCR', 'ST-HNY', 'A', '14'),
('TT-001-CTCR', 'ST-HNY', 'A', '15'),
('TT-001-CTCR', 'ST-HNY', 'A', '16'),
('TT-001-CTCR', 'ST-HNY', 'A', '2'),
('TT-001-CTCR', 'ST-HNY', 'A', '3'),
('TT-001-CTCR', 'ST-HNY', 'A', '4'),
('TT-001-CTCR', 'ST-HNY', 'A', '5'),
('TT-001-CTCR', 'ST-HNY', 'A', '6'),
('TT-001-CTCR', 'ST-HNY', 'A', '7'),
('TT-001-CTCR', 'ST-HNY', 'A', '8'),
('TT-001-CTCR', 'ST-HNY', 'A', '9'),
('TT-001-CTCR', 'ST-HNY', 'B', '1'),
('TT-001-CTCR', 'ST-HNY', 'B', '10'),
('TT-001-CTCR', 'ST-HNY', 'B', '11'),
('TT-001-CTCR', 'ST-HNY', 'B', '12'),
('TT-001-CTCR', 'ST-HNY', 'B', '13'),
('TT-001-CTCR', 'ST-HNY', 'B', '14'),
('TT-001-CTCR', 'ST-HNY', 'B', '15'),
('TT-001-CTCR', 'ST-HNY', 'B', '16'),
('TT-001-CTCR', 'ST-HNY', 'B', '17'),
('TT-001-CTCR', 'ST-HNY', 'B', '18'),
('TT-001-CTCR', 'ST-HNY', 'B', '19'),
('TT-001-CTCR', 'ST-HNY', 'B', '2'),
('TT-001-CTCR', 'ST-HNY', 'B', '20'),
('TT-001-CTCR', 'ST-HNY', 'B', '21'),
('TT-001-CTCR', 'ST-HNY', 'B', '22'),
('TT-001-CTCR', 'ST-HNY', 'B', '3'),
('TT-001-CTCR', 'ST-HNY', 'B', '4'),
('TT-001-CTCR', 'ST-HNY', 'B', '5'),
('TT-001-CTCR', 'ST-HNY', 'B', '6'),
('TT-001-CTCR', 'ST-HNY', 'B', '7'),
('TT-001-CTCR', 'ST-HNY', 'B', '8'),
('TT-001-CTCR', 'ST-HNY', 'B', '9'),
('TT-001-CTCR', 'ST-HNY', 'C', '1'),
('TT-001-CTCR', 'ST-HNY', 'C', '10'),
('TT-001-CTCR', 'ST-HNY', 'C', '11'),
('TT-001-CTCR', 'ST-HNY', 'C', '12'),
('TT-001-CTCR', 'ST-HNY', 'C', '13'),
('TT-001-CTCR', 'ST-HNY', 'C', '14'),
('TT-001-CTCR', 'ST-HNY', 'C', '15'),
('TT-001-CTCR', 'ST-HNY', 'C', '16'),
('TT-001-CTCR', 'ST-HNY', 'C', '17'),
('TT-001-CTCR', 'ST-HNY', 'C', '18'),
('TT-001-CTCR', 'ST-HNY', 'C', '19'),
('TT-001-CTCR', 'ST-HNY', 'C', '2'),
('TT-001-CTCR', 'ST-HNY', 'C', '20'),
('TT-001-CTCR', 'ST-HNY', 'C', '21'),
('TT-001-CTCR', 'ST-HNY', 'C', '22'),
('TT-001-CTCR', 'ST-HNY', 'C', '3'),
('TT-001-CTCR', 'ST-HNY', 'C', '4'),
('TT-001-CTCR', 'ST-HNY', 'C', '5'),
('TT-001-CTCR', 'ST-HNY', 'C', '6'),
('TT-001-CTCR', 'ST-HNY', 'C', '7'),
('TT-001-CTCR', 'ST-HNY', 'C', '8'),
('TT-001-CTCR', 'ST-HNY', 'C', '9'),
('TT-001-CTCR', 'ST-HNY', 'D', '1'),
('TT-001-CTCR', 'ST-HNY', 'D', '10'),
('TT-001-CTCR', 'ST-HNY', 'D', '11'),
('TT-001-CTCR', 'ST-HNY', 'D', '12'),
('TT-001-CTCR', 'ST-HNY', 'D', '13'),
('TT-001-CTCR', 'ST-HNY', 'D', '14'),
('TT-001-CTCR', 'ST-HNY', 'D', '15'),
('TT-001-CTCR', 'ST-HNY', 'D', '16'),
('TT-001-CTCR', 'ST-HNY', 'D', '17'),
('TT-001-CTCR', 'ST-HNY', 'D', '18'),
('TT-001-CTCR', 'ST-HNY', 'D', '19'),
('TT-001-CTCR', 'ST-HNY', 'D', '2'),
('TT-001-CTCR', 'ST-HNY', 'D', '20'),
('TT-001-CTCR', 'ST-HNY', 'D', '21'),
('TT-001-CTCR', 'ST-HNY', 'D', '22'),
('TT-001-CTCR', 'ST-HNY', 'D', '3'),
('TT-001-CTCR', 'ST-HNY', 'D', '4'),
('TT-001-CTCR', 'ST-HNY', 'D', '5'),
('TT-001-CTCR', 'ST-HNY', 'D', '6'),
('TT-001-CTCR', 'ST-HNY', 'D', '7'),
('TT-001-CTCR', 'ST-HNY', 'D', '8'),
('TT-001-CTCR', 'ST-HNY', 'D', '9'),
('TT-001-CTCR', 'ST-NOR', 'E', '1'),
('TT-001-CTCR', 'ST-NOR', 'E', '10'),
('TT-001-CTCR', 'ST-NOR', 'E', '11'),
('TT-001-CTCR', 'ST-NOR', 'E', '12'),
('TT-001-CTCR', 'ST-NOR', 'E', '13'),
('TT-001-CTCR', 'ST-NOR', 'E', '14'),
('TT-001-CTCR', 'ST-NOR', 'E', '15'),
('TT-001-CTCR', 'ST-NOR', 'E', '16'),
('TT-001-CTCR', 'ST-NOR', 'E', '17'),
('TT-001-CTCR', 'ST-NOR', 'E', '18'),
('TT-001-CTCR', 'ST-NOR', 'E', '19'),
('TT-001-CTCR', 'ST-NOR', 'E', '2'),
('TT-001-CTCR', 'ST-NOR', 'E', '20'),
('TT-001-CTCR', 'ST-NOR', 'E', '21'),
('TT-001-CTCR', 'ST-NOR', 'E', '22'),
('TT-001-CTCR', 'ST-NOR', 'E', '3'),
('TT-001-CTCR', 'ST-NOR', 'E', '4'),
('TT-001-CTCR', 'ST-NOR', 'E', '5'),
('TT-001-CTCR', 'ST-NOR', 'E', '6'),
('TT-001-CTCR', 'ST-NOR', 'E', '7'),
('TT-001-CTCR', 'ST-NOR', 'E', '8'),
('TT-001-CTCR', 'ST-NOR', 'E', '9'),
('TT-001-CTCR', 'ST-NOR', 'F', '1'),
('TT-001-CTCR', 'ST-NOR', 'F', '10'),
('TT-001-CTCR', 'ST-NOR', 'F', '11'),
('TT-001-CTCR', 'ST-NOR', 'F', '12'),
('TT-001-CTCR', 'ST-NOR', 'F', '13'),
('TT-001-CTCR', 'ST-NOR', 'F', '14'),
('TT-001-CTCR', 'ST-NOR', 'F', '15'),
('TT-001-CTCR', 'ST-NOR', 'F', '16'),
('TT-001-CTCR', 'ST-NOR', 'F', '17'),
('TT-001-CTCR', 'ST-NOR', 'F', '18'),
('TT-001-CTCR', 'ST-NOR', 'F', '19'),
('TT-001-CTCR', 'ST-NOR', 'F', '2'),
('TT-001-CTCR', 'ST-NOR', 'F', '20'),
('TT-001-CTCR', 'ST-NOR', 'F', '21'),
('TT-001-CTCR', 'ST-NOR', 'F', '22'),
('TT-001-CTCR', 'ST-NOR', 'F', '3'),
('TT-001-CTCR', 'ST-NOR', 'F', '4'),
('TT-001-CTCR', 'ST-NOR', 'F', '5'),
('TT-001-CTCR', 'ST-NOR', 'F', '6'),
('TT-001-CTCR', 'ST-NOR', 'F', '7'),
('TT-001-CTCR', 'ST-NOR', 'F', '8'),
('TT-001-CTCR', 'ST-NOR', 'F', '9'),
('TT-001-CTCR', 'ST-NOR', 'G', '1'),
('TT-001-CTCR', 'ST-NOR', 'G', '10'),
('TT-001-CTCR', 'ST-NOR', 'G', '11'),
('TT-001-CTCR', 'ST-NOR', 'G', '12'),
('TT-001-CTCR', 'ST-NOR', 'G', '13'),
('TT-001-CTCR', 'ST-NOR', 'G', '14'),
('TT-001-CTCR', 'ST-NOR', 'G', '15'),
('TT-001-CTCR', 'ST-NOR', 'G', '16'),
('TT-001-CTCR', 'ST-NOR', 'G', '17'),
('TT-001-CTCR', 'ST-NOR', 'G', '18'),
('TT-001-CTCR', 'ST-NOR', 'G', '19'),
('TT-001-CTCR', 'ST-NOR', 'G', '2'),
('TT-001-CTCR', 'ST-NOR', 'G', '20'),
('TT-001-CTCR', 'ST-NOR', 'G', '21'),
('TT-001-CTCR', 'ST-NOR', 'G', '22'),
('TT-001-CTCR', 'ST-NOR', 'G', '3'),
('TT-001-CTCR', 'ST-NOR', 'G', '4'),
('TT-001-CTCR', 'ST-NOR', 'G', '5'),
('TT-001-CTCR', 'ST-NOR', 'G', '6'),
('TT-001-CTCR', 'ST-NOR', 'G', '7'),
('TT-001-CTCR', 'ST-NOR', 'G', '8'),
('TT-001-CTCR', 'ST-NOR', 'G', '9'),
('TT-001-CTCR', 'ST-NOR', 'H', '1'),
('TT-001-CTCR', 'ST-NOR', 'H', '10'),
('TT-001-CTCR', 'ST-NOR', 'H', '11'),
('TT-001-CTCR', 'ST-NOR', 'H', '12'),
('TT-001-CTCR', 'ST-NOR', 'H', '13'),
('TT-001-CTCR', 'ST-NOR', 'H', '14'),
('TT-001-CTCR', 'ST-NOR', 'H', '15'),
('TT-001-CTCR', 'ST-NOR', 'H', '16'),
('TT-001-CTCR', 'ST-NOR', 'H', '17'),
('TT-001-CTCR', 'ST-NOR', 'H', '18'),
('TT-001-CTCR', 'ST-NOR', 'H', '19'),
('TT-001-CTCR', 'ST-NOR', 'H', '2'),
('TT-001-CTCR', 'ST-NOR', 'H', '20'),
('TT-001-CTCR', 'ST-NOR', 'H', '21'),
('TT-001-CTCR', 'ST-NOR', 'H', '22'),
('TT-001-CTCR', 'ST-NOR', 'H', '3'),
('TT-001-CTCR', 'ST-NOR', 'H', '4'),
('TT-001-CTCR', 'ST-NOR', 'H', '5'),
('TT-001-CTCR', 'ST-NOR', 'H', '6'),
('TT-001-CTCR', 'ST-NOR', 'H', '7'),
('TT-001-CTCR', 'ST-NOR', 'H', '8'),
('TT-001-CTCR', 'ST-NOR', 'H', '9'),
('TT-001-CTCR', 'ST-NOR', 'I', '1'),
('TT-001-CTCR', 'ST-NOR', 'I', '10'),
('TT-001-CTCR', 'ST-NOR', 'I', '11'),
('TT-001-CTCR', 'ST-NOR', 'I', '12'),
('TT-001-CTCR', 'ST-NOR', 'I', '13'),
('TT-001-CTCR', 'ST-NOR', 'I', '14'),
('TT-001-CTCR', 'ST-NOR', 'I', '15'),
('TT-001-CTCR', 'ST-NOR', 'I', '16'),
('TT-001-CTCR', 'ST-NOR', 'I', '17'),
('TT-001-CTCR', 'ST-NOR', 'I', '18'),
('TT-001-CTCR', 'ST-NOR', 'I', '19'),
('TT-001-CTCR', 'ST-NOR', 'I', '2'),
('TT-001-CTCR', 'ST-NOR', 'I', '20'),
('TT-001-CTCR', 'ST-NOR', 'I', '21'),
('TT-001-CTCR', 'ST-NOR', 'I', '22'),
('TT-001-CTCR', 'ST-NOR', 'I', '3'),
('TT-001-CTCR', 'ST-NOR', 'I', '4'),
('TT-001-CTCR', 'ST-NOR', 'I', '5'),
('TT-001-CTCR', 'ST-NOR', 'I', '6'),
('TT-001-CTCR', 'ST-NOR', 'I', '7'),
('TT-001-CTCR', 'ST-NOR', 'I', '8'),
('TT-001-CTCR', 'ST-NOR', 'I', '9'),
('TT-001-CTCR', 'ST-NOR', 'J', '1'),
('TT-001-CTCR', 'ST-NOR', 'J', '10'),
('TT-001-CTCR', 'ST-NOR', 'J', '11'),
('TT-001-CTCR', 'ST-NOR', 'J', '12'),
('TT-001-CTCR', 'ST-NOR', 'J', '13'),
('TT-001-CTCR', 'ST-NOR', 'J', '14'),
('TT-001-CTCR', 'ST-NOR', 'J', '15'),
('TT-001-CTCR', 'ST-NOR', 'J', '16'),
('TT-001-CTCR', 'ST-NOR', 'J', '17'),
('TT-001-CTCR', 'ST-NOR', 'J', '18'),
('TT-001-CTCR', 'ST-NOR', 'J', '19'),
('TT-001-CTCR', 'ST-NOR', 'J', '2'),
('TT-001-CTCR', 'ST-NOR', 'J', '20'),
('TT-001-CTCR', 'ST-NOR', 'J', '21'),
('TT-001-CTCR', 'ST-NOR', 'J', '22'),
('TT-001-CTCR', 'ST-NOR', 'J', '3'),
('TT-001-CTCR', 'ST-NOR', 'J', '4'),
('TT-001-CTCR', 'ST-NOR', 'J', '5'),
('TT-001-CTCR', 'ST-NOR', 'J', '6'),
('TT-001-CTCR', 'ST-NOR', 'J', '7'),
('TT-001-CTCR', 'ST-NOR', 'J', '8'),
('TT-001-CTCR', 'ST-NOR', 'J', '9'),
('TT-001-CTCR', 'ST-NOR', 'K', '1'),
('TT-001-CTCR', 'ST-NOR', 'K', '10'),
('TT-001-CTCR', 'ST-NOR', 'K', '11'),
('TT-001-CTCR', 'ST-NOR', 'K', '12'),
('TT-001-CTCR', 'ST-NOR', 'K', '13'),
('TT-001-CTCR', 'ST-NOR', 'K', '14'),
('TT-001-CTCR', 'ST-NOR', 'K', '15'),
('TT-001-CTCR', 'ST-NOR', 'K', '16'),
('TT-001-CTCR', 'ST-NOR', 'K', '17'),
('TT-001-CTCR', 'ST-NOR', 'K', '18'),
('TT-001-CTCR', 'ST-NOR', 'K', '19'),
('TT-001-CTCR', 'ST-NOR', 'K', '2'),
('TT-001-CTCR', 'ST-NOR', 'K', '20'),
('TT-001-CTCR', 'ST-NOR', 'K', '21'),
('TT-001-CTCR', 'ST-NOR', 'K', '22'),
('TT-001-CTCR', 'ST-NOR', 'K', '3'),
('TT-001-CTCR', 'ST-NOR', 'K', '4'),
('TT-001-CTCR', 'ST-NOR', 'K', '5'),
('TT-001-CTCR', 'ST-NOR', 'K', '6'),
('TT-001-CTCR', 'ST-NOR', 'K', '7'),
('TT-001-CTCR', 'ST-NOR', 'K', '8'),
('TT-001-CTCR', 'ST-NOR', 'K', '9'),
('TT-001-CTCR', 'ST-NOR', 'L', '1'),
('TT-001-CTCR', 'ST-NOR', 'L', '10'),
('TT-001-CTCR', 'ST-NOR', 'L', '11'),
('TT-001-CTCR', 'ST-NOR', 'L', '12'),
('TT-001-CTCR', 'ST-NOR', 'L', '13'),
('TT-001-CTCR', 'ST-NOR', 'L', '14'),
('TT-001-CTCR', 'ST-NOR', 'L', '15'),
('TT-001-CTCR', 'ST-NOR', 'L', '16'),
('TT-001-CTCR', 'ST-NOR', 'L', '17'),
('TT-001-CTCR', 'ST-NOR', 'L', '18'),
('TT-001-CTCR', 'ST-NOR', 'L', '19'),
('TT-001-CTCR', 'ST-NOR', 'L', '2'),
('TT-001-CTCR', 'ST-NOR', 'L', '20'),
('TT-001-CTCR', 'ST-NOR', 'L', '21'),
('TT-001-CTCR', 'ST-NOR', 'L', '22'),
('TT-001-CTCR', 'ST-NOR', 'L', '3'),
('TT-001-CTCR', 'ST-NOR', 'L', '4'),
('TT-001-CTCR', 'ST-NOR', 'L', '5'),
('TT-001-CTCR', 'ST-NOR', 'L', '6'),
('TT-001-CTCR', 'ST-NOR', 'L', '7'),
('TT-001-CTCR', 'ST-NOR', 'L', '8'),
('TT-001-CTCR', 'ST-NOR', 'L', '9'),
('TT-001-ESCR', 'ST-1ULT', 'A', '1'),
('TT-001-ESCR', 'ST-1ULT', 'A', '2'),
('TT-001-ESCR', 'ST-1ULT', 'A', '3'),
('TT-001-ESCR', 'ST-1ULT', 'A', '4'),
('TT-001-ESCR', 'ST-1ULT', 'A', '5'),
('TT-001-ESCR', 'ST-1ULT', 'A', '6'),
('TT-001-ESCR', 'ST-1ULT', 'A', '7'),
('TT-001-ESCR', 'ST-1ULT', 'A', '8'),
('TT-001-ESCR', 'ST-1ULT', 'B', '1'),
('TT-001-ESCR', 'ST-1ULT', 'B', '2'),
('TT-001-ESCR', 'ST-1ULT', 'B', '3'),
('TT-001-ESCR', 'ST-1ULT', 'B', '4'),
('TT-001-ESCR', 'ST-1ULT', 'B', '5'),
('TT-001-ESCR', 'ST-1ULT', 'B', '6'),
('TT-001-ESCR', 'ST-1ULT', 'B', '7'),
('TT-001-ESCR', 'ST-1ULT', 'B', '8'),
('TT-001-ESCR', 'ST-1ULT', 'C', '1'),
('TT-001-ESCR', 'ST-1ULT', 'C', '2'),
('TT-001-ESCR', 'ST-1ULT', 'C', '3'),
('TT-001-ESCR', 'ST-1ULT', 'C', '4'),
('TT-001-ESCR', 'ST-1ULT', 'C', '5'),
('TT-001-ESCR', 'ST-1ULT', 'C', '6'),
('TT-001-ESCR', 'ST-1ULT', 'C', '7'),
('TT-001-ESCR', 'ST-1ULT', 'C', '8'),
('TT-001-ESCR', 'ST-1ULT', 'D', '1'),
('TT-001-ESCR', 'ST-1ULT', 'D', '2'),
('TT-001-ESCR', 'ST-1ULT', 'D', '3'),
('TT-001-ESCR', 'ST-1ULT', 'D', '4'),
('TT-001-ESCR', 'ST-1ULT', 'D', '5'),
('TT-001-ESCR', 'ST-1ULT', 'D', '6'),
('TT-001-ESCR', 'ST-1ULT', 'D', '7'),
('TT-001-ESCR', 'ST-1ULT', 'D', '8'),
('TT-001-ESCR', 'ST-1ULT', 'E', '1'),
('TT-001-ESCR', 'ST-1ULT', 'E', '2'),
('TT-001-ESCR', 'ST-1ULT', 'E', '3'),
('TT-001-ESCR', 'ST-1ULT', 'E', '4'),
('TT-001-ESCR', 'ST-1ULT', 'E', '5'),
('TT-001-ESCR', 'ST-1ULT', 'E', '6'),
('TT-001-ESCR', 'ST-1ULT', 'E', '7'),
('TT-001-ESCR', 'ST-1ULT', 'E', '8'),
('TT-001-ETVC', 'ST-HNY', 'A', '1'),
('TT-001-ETVC', 'ST-HNY', 'A', '10'),
('TT-001-ETVC', 'ST-HNY', 'A', '11'),
('TT-001-ETVC', 'ST-HNY', 'A', '12'),
('TT-001-ETVC', 'ST-HNY', 'A', '2'),
('TT-001-ETVC', 'ST-HNY', 'A', '3'),
('TT-001-ETVC', 'ST-HNY', 'A', '4'),
('TT-001-ETVC', 'ST-HNY', 'A', '5'),
('TT-001-ETVC', 'ST-HNY', 'A', '6'),
('TT-001-ETVC', 'ST-HNY', 'A', '7'),
('TT-001-ETVC', 'ST-HNY', 'A', '8'),
('TT-001-ETVC', 'ST-HNY', 'A', '9'),
('TT-001-ETVC', 'ST-HNY', 'B', '1'),
('TT-001-ETVC', 'ST-HNY', 'B', '10'),
('TT-001-ETVC', 'ST-HNY', 'B', '11'),
('TT-001-ETVC', 'ST-HNY', 'B', '12'),
('TT-001-ETVC', 'ST-HNY', 'B', '13'),
('TT-001-ETVC', 'ST-HNY', 'B', '2'),
('TT-001-ETVC', 'ST-HNY', 'B', '3'),
('TT-001-ETVC', 'ST-HNY', 'B', '4'),
('TT-001-ETVC', 'ST-HNY', 'B', '5'),
('TT-001-ETVC', 'ST-HNY', 'B', '6'),
('TT-001-ETVC', 'ST-HNY', 'B', '7'),
('TT-001-ETVC', 'ST-HNY', 'B', '8'),
('TT-001-ETVC', 'ST-HNY', 'B', '9'),
('TT-001-ETVC', 'ST-HNY', 'C', '1'),
('TT-001-ETVC', 'ST-HNY', 'C', '10'),
('TT-001-ETVC', 'ST-HNY', 'C', '11'),
('TT-001-ETVC', 'ST-HNY', 'C', '12'),
('TT-001-ETVC', 'ST-HNY', 'C', '13'),
('TT-001-ETVC', 'ST-HNY', 'C', '2'),
('TT-001-ETVC', 'ST-HNY', 'C', '3'),
('TT-001-ETVC', 'ST-HNY', 'C', '4'),
('TT-001-ETVC', 'ST-HNY', 'C', '5'),
('TT-001-ETVC', 'ST-HNY', 'C', '6'),
('TT-001-ETVC', 'ST-HNY', 'C', '7'),
('TT-001-ETVC', 'ST-HNY', 'C', '8'),
('TT-001-ETVC', 'ST-HNY', 'C', '9'),
('TT-001-ETVC', 'ST-NOR', 'D', '1'),
('TT-001-ETVC', 'ST-NOR', 'D', '10'),
('TT-001-ETVC', 'ST-NOR', 'D', '11'),
('TT-001-ETVC', 'ST-NOR', 'D', '12'),
('TT-001-ETVC', 'ST-NOR', 'D', '13'),
('TT-001-ETVC', 'ST-NOR', 'D', '2'),
('TT-001-ETVC', 'ST-NOR', 'D', '3'),
('TT-001-ETVC', 'ST-NOR', 'D', '4'),
('TT-001-ETVC', 'ST-NOR', 'D', '5'),
('TT-001-ETVC', 'ST-NOR', 'D', '6'),
('TT-001-ETVC', 'ST-NOR', 'D', '7'),
('TT-001-ETVC', 'ST-NOR', 'D', '8'),
('TT-001-ETVC', 'ST-NOR', 'D', '9'),
('TT-001-ETVC', 'ST-NOR', 'E', '1'),
('TT-001-ETVC', 'ST-NOR', 'E', '10'),
('TT-001-ETVC', 'ST-NOR', 'E', '11'),
('TT-001-ETVC', 'ST-NOR', 'E', '12'),
('TT-001-ETVC', 'ST-NOR', 'E', '13'),
('TT-001-ETVC', 'ST-NOR', 'E', '2'),
('TT-001-ETVC', 'ST-NOR', 'E', '3'),
('TT-001-ETVC', 'ST-NOR', 'E', '4'),
('TT-001-ETVC', 'ST-NOR', 'E', '5'),
('TT-001-ETVC', 'ST-NOR', 'E', '6'),
('TT-001-ETVC', 'ST-NOR', 'E', '7'),
('TT-001-ETVC', 'ST-NOR', 'E', '8'),
('TT-001-ETVC', 'ST-NOR', 'E', '9'),
('TT-001-ETVC', 'ST-NOR', 'F', '1'),
('TT-001-ETVC', 'ST-NOR', 'F', '10'),
('TT-001-ETVC', 'ST-NOR', 'F', '11'),
('TT-001-ETVC', 'ST-NOR', 'F', '12'),
('TT-001-ETVC', 'ST-NOR', 'F', '13'),
('TT-001-ETVC', 'ST-NOR', 'F', '2'),
('TT-001-ETVC', 'ST-NOR', 'F', '3'),
('TT-001-ETVC', 'ST-NOR', 'F', '4'),
('TT-001-ETVC', 'ST-NOR', 'F', '5'),
('TT-001-ETVC', 'ST-NOR', 'F', '6'),
('TT-001-ETVC', 'ST-NOR', 'F', '7'),
('TT-001-ETVC', 'ST-NOR', 'F', '8'),
('TT-001-ETVC', 'ST-NOR', 'F', '9'),
('TT-001-ETVC', 'ST-NOR', 'G', '1'),
('TT-001-ETVC', 'ST-NOR', 'G', '10'),
('TT-001-ETVC', 'ST-NOR', 'G', '11'),
('TT-001-ETVC', 'ST-NOR', 'G', '12'),
('TT-001-ETVC', 'ST-NOR', 'G', '13'),
('TT-001-ETVC', 'ST-NOR', 'G', '2'),
('TT-001-ETVC', 'ST-NOR', 'G', '3'),
('TT-001-ETVC', 'ST-NOR', 'G', '4'),
('TT-001-ETVC', 'ST-NOR', 'G', '5'),
('TT-001-ETVC', 'ST-NOR', 'G', '6'),
('TT-001-ETVC', 'ST-NOR', 'G', '7'),
('TT-001-ETVC', 'ST-NOR', 'G', '8'),
('TT-001-ETVC', 'ST-NOR', 'G', '9'),
('TT-001-ETVC', 'ST-NOR', 'H', '1'),
('TT-001-ETVC', 'ST-NOR', 'H', '10'),
('TT-001-ETVC', 'ST-NOR', 'H', '11'),
('TT-001-ETVC', 'ST-NOR', 'H', '12'),
('TT-001-ETVC', 'ST-NOR', 'H', '13'),
('TT-001-ETVC', 'ST-NOR', 'H', '2'),
('TT-001-ETVC', 'ST-NOR', 'H', '3'),
('TT-001-ETVC', 'ST-NOR', 'H', '4'),
('TT-001-ETVC', 'ST-NOR', 'H', '5'),
('TT-001-ETVC', 'ST-NOR', 'H', '6'),
('TT-001-ETVC', 'ST-NOR', 'H', '7'),
('TT-001-ETVC', 'ST-NOR', 'H', '8'),
('TT-001-ETVC', 'ST-NOR', 'H', '9'),
('TT-001-ETVC', 'ST-NOR', 'I', '1'),
('TT-001-ETVC', 'ST-NOR', 'I', '10'),
('TT-001-ETVC', 'ST-NOR', 'I', '11'),
('TT-001-ETVC', 'ST-NOR', 'I', '12'),
('TT-001-ETVC', 'ST-NOR', 'I', '13'),
('TT-001-ETVC', 'ST-NOR', 'I', '2'),
('TT-001-ETVC', 'ST-NOR', 'I', '3'),
('TT-001-ETVC', 'ST-NOR', 'I', '4'),
('TT-001-ETVC', 'ST-NOR', 'I', '5'),
('TT-001-ETVC', 'ST-NOR', 'I', '6'),
('TT-001-ETVC', 'ST-NOR', 'I', '7'),
('TT-001-ETVC', 'ST-NOR', 'I', '8'),
('TT-001-ETVC', 'ST-NOR', 'I', '9'),
('TT-001-ETVC', 'ST-NOR', 'J', '1'),
('TT-001-ETVC', 'ST-NOR', 'J', '10'),
('TT-001-ETVC', 'ST-NOR', 'J', '11'),
('TT-001-ETVC', 'ST-NOR', 'J', '12'),
('TT-001-ETVC', 'ST-NOR', 'J', '13'),
('TT-001-ETVC', 'ST-NOR', 'J', '2'),
('TT-001-ETVC', 'ST-NOR', 'J', '3'),
('TT-001-ETVC', 'ST-NOR', 'J', '4'),
('TT-001-ETVC', 'ST-NOR', 'J', '5'),
('TT-001-ETVC', 'ST-NOR', 'J', '6'),
('TT-001-ETVC', 'ST-NOR', 'J', '7'),
('TT-001-ETVC', 'ST-NOR', 'J', '8'),
('TT-001-ETVC', 'ST-NOR', 'J', '9'),
('TT-001-ETVC', 'ST-NOR', 'K', '1'),
('TT-001-ETVC', 'ST-NOR', 'K', '10'),
('TT-001-ETVC', 'ST-NOR', 'K', '11'),
('TT-001-ETVC', 'ST-NOR', 'K', '12'),
('TT-001-ETVC', 'ST-NOR', 'K', '13'),
('TT-001-ETVC', 'ST-NOR', 'K', '2'),
('TT-001-ETVC', 'ST-NOR', 'K', '3'),
('TT-001-ETVC', 'ST-NOR', 'K', '4'),
('TT-001-ETVC', 'ST-NOR', 'K', '5'),
('TT-001-ETVC', 'ST-NOR', 'K', '6'),
('TT-001-ETVC', 'ST-NOR', 'K', '7'),
('TT-001-ETVC', 'ST-NOR', 'K', '8'),
('TT-001-ETVC', 'ST-NOR', 'K', '9'),
('TT-001-ICCN', 'ST-1ULT', 'A', '1'),
('TT-001-ICCN', 'ST-1ULT', 'A', '10'),
('TT-001-ICCN', 'ST-1ULT', 'A', '2'),
('TT-001-ICCN', 'ST-1ULT', 'A', '3'),
('TT-001-ICCN', 'ST-1ULT', 'A', '4'),
('TT-001-ICCN', 'ST-1ULT', 'A', '5'),
('TT-001-ICCN', 'ST-1ULT', 'A', '6'),
('TT-001-ICCN', 'ST-1ULT', 'A', '7'),
('TT-001-ICCN', 'ST-1ULT', 'A', '8'),
('TT-001-ICCN', 'ST-1ULT', 'A', '9'),
('TT-001-ICCN', 'ST-1ULT', 'B', '1'),
('TT-001-ICCN', 'ST-1ULT', 'B', '10'),
('TT-001-ICCN', 'ST-1ULT', 'B', '2'),
('TT-001-ICCN', 'ST-1ULT', 'B', '3'),
('TT-001-ICCN', 'ST-1ULT', 'B', '4'),
('TT-001-ICCN', 'ST-1ULT', 'B', '5'),
('TT-001-ICCN', 'ST-1ULT', 'B', '6'),
('TT-001-ICCN', 'ST-1ULT', 'B', '7'),
('TT-001-ICCN', 'ST-1ULT', 'B', '8'),
('TT-001-ICCN', 'ST-1ULT', 'B', '9'),
('TT-001-ICCN', 'ST-1ULT', 'C', '1'),
('TT-001-ICCN', 'ST-1ULT', 'C', '10'),
('TT-001-ICCN', 'ST-1ULT', 'C', '2'),
('TT-001-ICCN', 'ST-1ULT', 'C', '3'),
('TT-001-ICCN', 'ST-1ULT', 'C', '4'),
('TT-001-ICCN', 'ST-1ULT', 'C', '5'),
('TT-001-ICCN', 'ST-1ULT', 'C', '6'),
('TT-001-ICCN', 'ST-1ULT', 'C', '7'),
('TT-001-ICCN', 'ST-1ULT', 'C', '8'),
('TT-001-ICCN', 'ST-1ULT', 'C', '9'),
('TT-001-ICCN', 'ST-1ULT', 'D', '1'),
('TT-001-ICCN', 'ST-1ULT', 'D', '10'),
('TT-001-ICCN', 'ST-1ULT', 'D', '2'),
('TT-001-ICCN', 'ST-1ULT', 'D', '3'),
('TT-001-ICCN', 'ST-1ULT', 'D', '4'),
('TT-001-ICCN', 'ST-1ULT', 'D', '5'),
('TT-001-ICCN', 'ST-1ULT', 'D', '6'),
('TT-001-ICCN', 'ST-1ULT', 'D', '7'),
('TT-001-ICCN', 'ST-1ULT', 'D', '8'),
('TT-001-ICCN', 'ST-1ULT', 'D', '9'),
('TT-001-IICN', 'ST-NOR', 'D', '1'),
('TT-001-IICN', 'ST-NOR', 'D', '10'),
('TT-001-IICN', 'ST-NOR', 'D', '11'),
('TT-001-IICN', 'ST-NOR', 'D', '12'),
('TT-001-IICN', 'ST-NOR', 'D', '13'),
('TT-001-IICN', 'ST-NOR', 'D', '14'),
('TT-001-IICN', 'ST-NOR', 'D', '15'),
('TT-001-IICN', 'ST-NOR', 'D', '16'),
('TT-001-IICN', 'ST-NOR', 'D', '17'),
('TT-001-IICN', 'ST-NOR', 'D', '18'),
('TT-001-IICN', 'ST-NOR', 'D', '19'),
('TT-001-IICN', 'ST-NOR', 'D', '2'),
('TT-001-IICN', 'ST-NOR', 'D', '20'),
('TT-001-IICN', 'ST-NOR', 'D', '21'),
('TT-001-IICN', 'ST-NOR', 'D', '22'),
('TT-001-IICN', 'ST-NOR', 'D', '23'),
('TT-001-IICN', 'ST-NOR', 'D', '24'),
('TT-001-IICN', 'ST-NOR', 'D', '25'),
('TT-001-IICN', 'ST-NOR', 'D', '26'),
('TT-001-IICN', 'ST-NOR', 'D', '27'),
('TT-001-IICN', 'ST-NOR', 'D', '28'),
('TT-001-IICN', 'ST-NOR', 'D', '29'),
('TT-001-IICN', 'ST-NOR', 'D', '3'),
('TT-001-IICN', 'ST-NOR', 'D', '30'),
('TT-001-IICN', 'ST-NOR', 'D', '31'),
('TT-001-IICN', 'ST-NOR', 'D', '32'),
('TT-001-IICN', 'ST-NOR', 'D', '4'),
('TT-001-IICN', 'ST-NOR', 'D', '5'),
('TT-001-IICN', 'ST-NOR', 'D', '6'),
('TT-001-IICN', 'ST-NOR', 'D', '7'),
('TT-001-IICN', 'ST-NOR', 'D', '8'),
('TT-001-IICN', 'ST-NOR', 'D', '9'),
('TT-001-IICN', 'ST-NOR', 'E', '1'),
('TT-001-IICN', 'ST-NOR', 'E', '10'),
('TT-001-IICN', 'ST-NOR', 'E', '11'),
('TT-001-IICN', 'ST-NOR', 'E', '12'),
('TT-001-IICN', 'ST-NOR', 'E', '13'),
('TT-001-IICN', 'ST-NOR', 'E', '14'),
('TT-001-IICN', 'ST-NOR', 'E', '15'),
('TT-001-IICN', 'ST-NOR', 'E', '16'),
('TT-001-IICN', 'ST-NOR', 'E', '17'),
('TT-001-IICN', 'ST-NOR', 'E', '18'),
('TT-001-IICN', 'ST-NOR', 'E', '19'),
('TT-001-IICN', 'ST-NOR', 'E', '2'),
('TT-001-IICN', 'ST-NOR', 'E', '20'),
('TT-001-IICN', 'ST-NOR', 'E', '21'),
('TT-001-IICN', 'ST-NOR', 'E', '22'),
('TT-001-IICN', 'ST-NOR', 'E', '23'),
('TT-001-IICN', 'ST-NOR', 'E', '24'),
('TT-001-IICN', 'ST-NOR', 'E', '25'),
('TT-001-IICN', 'ST-NOR', 'E', '26'),
('TT-001-IICN', 'ST-NOR', 'E', '27'),
('TT-001-IICN', 'ST-NOR', 'E', '28'),
('TT-001-IICN', 'ST-NOR', 'E', '29'),
('TT-001-IICN', 'ST-NOR', 'E', '3'),
('TT-001-IICN', 'ST-NOR', 'E', '30'),
('TT-001-IICN', 'ST-NOR', 'E', '31'),
('TT-001-IICN', 'ST-NOR', 'E', '32'),
('TT-001-IICN', 'ST-NOR', 'E', '4'),
('TT-001-IICN', 'ST-NOR', 'E', '5'),
('TT-001-IICN', 'ST-NOR', 'E', '6'),
('TT-001-IICN', 'ST-NOR', 'E', '7'),
('TT-001-IICN', 'ST-NOR', 'E', '8'),
('TT-001-IICN', 'ST-NOR', 'E', '9'),
('TT-001-IICN', 'ST-NOR', 'F', '1'),
('TT-001-IICN', 'ST-NOR', 'F', '10'),
('TT-001-IICN', 'ST-NOR', 'F', '11'),
('TT-001-IICN', 'ST-NOR', 'F', '12'),
('TT-001-IICN', 'ST-NOR', 'F', '13'),
('TT-001-IICN', 'ST-NOR', 'F', '14'),
('TT-001-IICN', 'ST-NOR', 'F', '15'),
('TT-001-IICN', 'ST-NOR', 'F', '16'),
('TT-001-IICN', 'ST-NOR', 'F', '17'),
('TT-001-IICN', 'ST-NOR', 'F', '18'),
('TT-001-IICN', 'ST-NOR', 'F', '19'),
('TT-001-IICN', 'ST-NOR', 'F', '2'),
('TT-001-IICN', 'ST-NOR', 'F', '20'),
('TT-001-IICN', 'ST-NOR', 'F', '21'),
('TT-001-IICN', 'ST-NOR', 'F', '22'),
('TT-001-IICN', 'ST-NOR', 'F', '23'),
('TT-001-IICN', 'ST-NOR', 'F', '24'),
('TT-001-IICN', 'ST-NOR', 'F', '25'),
('TT-001-IICN', 'ST-NOR', 'F', '26'),
('TT-001-IICN', 'ST-NOR', 'F', '27'),
('TT-001-IICN', 'ST-NOR', 'F', '28'),
('TT-001-IICN', 'ST-NOR', 'F', '29'),
('TT-001-IICN', 'ST-NOR', 'F', '3'),
('TT-001-IICN', 'ST-NOR', 'F', '30'),
('TT-001-IICN', 'ST-NOR', 'F', '31'),
('TT-001-IICN', 'ST-NOR', 'F', '32'),
('TT-001-IICN', 'ST-NOR', 'F', '4'),
('TT-001-IICN', 'ST-NOR', 'F', '5'),
('TT-001-IICN', 'ST-NOR', 'F', '6'),
('TT-001-IICN', 'ST-NOR', 'F', '7'),
('TT-001-IICN', 'ST-NOR', 'F', '8'),
('TT-001-IICN', 'ST-NOR', 'F', '9'),
('TT-001-IICN', 'ST-NOR', 'G', '1'),
('TT-001-IICN', 'ST-NOR', 'G', '10'),
('TT-001-IICN', 'ST-NOR', 'G', '11'),
('TT-001-IICN', 'ST-NOR', 'G', '12'),
('TT-001-IICN', 'ST-NOR', 'G', '13'),
('TT-001-IICN', 'ST-NOR', 'G', '14'),
('TT-001-IICN', 'ST-NOR', 'G', '15'),
('TT-001-IICN', 'ST-NOR', 'G', '16'),
('TT-001-IICN', 'ST-NOR', 'G', '17'),
('TT-001-IICN', 'ST-NOR', 'G', '18'),
('TT-001-IICN', 'ST-NOR', 'G', '19'),
('TT-001-IICN', 'ST-NOR', 'G', '2'),
('TT-001-IICN', 'ST-NOR', 'G', '20'),
('TT-001-IICN', 'ST-NOR', 'G', '21'),
('TT-001-IICN', 'ST-NOR', 'G', '22'),
('TT-001-IICN', 'ST-NOR', 'G', '23'),
('TT-001-IICN', 'ST-NOR', 'G', '24'),
('TT-001-IICN', 'ST-NOR', 'G', '25'),
('TT-001-IICN', 'ST-NOR', 'G', '26'),
('TT-001-IICN', 'ST-NOR', 'G', '27'),
('TT-001-IICN', 'ST-NOR', 'G', '28'),
('TT-001-IICN', 'ST-NOR', 'G', '29'),
('TT-001-IICN', 'ST-NOR', 'G', '3'),
('TT-001-IICN', 'ST-NOR', 'G', '30'),
('TT-001-IICN', 'ST-NOR', 'G', '31'),
('TT-001-IICN', 'ST-NOR', 'G', '32'),
('TT-001-IICN', 'ST-NOR', 'G', '4'),
('TT-001-IICN', 'ST-NOR', 'G', '5'),
('TT-001-IICN', 'ST-NOR', 'G', '6'),
('TT-001-IICN', 'ST-NOR', 'G', '7'),
('TT-001-IICN', 'ST-NOR', 'G', '8'),
('TT-001-IICN', 'ST-NOR', 'G', '9'),
('TT-001-IICN', 'ST-NOR', 'H', '1'),
('TT-001-IICN', 'ST-NOR', 'H', '10'),
('TT-001-IICN', 'ST-NOR', 'H', '11'),
('TT-001-IICN', 'ST-NOR', 'H', '12'),
('TT-001-IICN', 'ST-NOR', 'H', '13'),
('TT-001-IICN', 'ST-NOR', 'H', '14'),
('TT-001-IICN', 'ST-NOR', 'H', '15'),
('TT-001-IICN', 'ST-NOR', 'H', '16'),
('TT-001-IICN', 'ST-NOR', 'H', '17'),
('TT-001-IICN', 'ST-NOR', 'H', '18'),
('TT-001-IICN', 'ST-NOR', 'H', '19'),
('TT-001-IICN', 'ST-NOR', 'H', '2'),
('TT-001-IICN', 'ST-NOR', 'H', '20'),
('TT-001-IICN', 'ST-NOR', 'H', '21'),
('TT-001-IICN', 'ST-NOR', 'H', '22'),
('TT-001-IICN', 'ST-NOR', 'H', '23'),
('TT-001-IICN', 'ST-NOR', 'H', '24'),
('TT-001-IICN', 'ST-NOR', 'H', '25'),
('TT-001-IICN', 'ST-NOR', 'H', '26'),
('TT-001-IICN', 'ST-NOR', 'H', '27'),
('TT-001-IICN', 'ST-NOR', 'H', '28'),
('TT-001-IICN', 'ST-NOR', 'H', '29'),
('TT-001-IICN', 'ST-NOR', 'H', '3'),
('TT-001-IICN', 'ST-NOR', 'H', '30'),
('TT-001-IICN', 'ST-NOR', 'H', '31'),
('TT-001-IICN', 'ST-NOR', 'H', '32'),
('TT-001-IICN', 'ST-NOR', 'H', '4'),
('TT-001-IICN', 'ST-NOR', 'H', '5'),
('TT-001-IICN', 'ST-NOR', 'H', '6'),
('TT-001-IICN', 'ST-NOR', 'H', '7'),
('TT-001-IICN', 'ST-NOR', 'H', '8'),
('TT-001-IICN', 'ST-NOR', 'H', '9'),
('TT-001-IICN', 'ST-NOR', 'I', '1'),
('TT-001-IICN', 'ST-NOR', 'I', '10'),
('TT-001-IICN', 'ST-NOR', 'I', '11'),
('TT-001-IICN', 'ST-NOR', 'I', '12'),
('TT-001-IICN', 'ST-NOR', 'I', '13'),
('TT-001-IICN', 'ST-NOR', 'I', '14'),
('TT-001-IICN', 'ST-NOR', 'I', '15'),
('TT-001-IICN', 'ST-NOR', 'I', '16'),
('TT-001-IICN', 'ST-NOR', 'I', '17'),
('TT-001-IICN', 'ST-NOR', 'I', '18'),
('TT-001-IICN', 'ST-NOR', 'I', '19'),
('TT-001-IICN', 'ST-NOR', 'I', '2'),
('TT-001-IICN', 'ST-NOR', 'I', '20'),
('TT-001-IICN', 'ST-NOR', 'I', '21'),
('TT-001-IICN', 'ST-NOR', 'I', '22'),
('TT-001-IICN', 'ST-NOR', 'I', '23'),
('TT-001-IICN', 'ST-NOR', 'I', '24'),
('TT-001-IICN', 'ST-NOR', 'I', '25'),
('TT-001-IICN', 'ST-NOR', 'I', '26'),
('TT-001-IICN', 'ST-NOR', 'I', '27'),
('TT-001-IICN', 'ST-NOR', 'I', '28'),
('TT-001-IICN', 'ST-NOR', 'I', '29'),
('TT-001-IICN', 'ST-NOR', 'I', '3'),
('TT-001-IICN', 'ST-NOR', 'I', '30'),
('TT-001-IICN', 'ST-NOR', 'I', '31'),
('TT-001-IICN', 'ST-NOR', 'I', '32'),
('TT-001-IICN', 'ST-NOR', 'I', '4'),
('TT-001-IICN', 'ST-NOR', 'I', '5'),
('TT-001-IICN', 'ST-NOR', 'I', '6'),
('TT-001-IICN', 'ST-NOR', 'I', '7'),
('TT-001-IICN', 'ST-NOR', 'I', '8'),
('TT-001-IICN', 'ST-NOR', 'I', '9'),
('TT-001-IICN', 'ST-NOR', 'J', '1'),
('TT-001-IICN', 'ST-NOR', 'J', '10'),
('TT-001-IICN', 'ST-NOR', 'J', '11'),
('TT-001-IICN', 'ST-NOR', 'J', '12'),
('TT-001-IICN', 'ST-NOR', 'J', '13'),
('TT-001-IICN', 'ST-NOR', 'J', '14'),
('TT-001-IICN', 'ST-NOR', 'J', '15'),
('TT-001-IICN', 'ST-NOR', 'J', '16'),
('TT-001-IICN', 'ST-NOR', 'J', '17'),
('TT-001-IICN', 'ST-NOR', 'J', '18'),
('TT-001-IICN', 'ST-NOR', 'J', '19'),
('TT-001-IICN', 'ST-NOR', 'J', '2'),
('TT-001-IICN', 'ST-NOR', 'J', '20'),
('TT-001-IICN', 'ST-NOR', 'J', '21'),
('TT-001-IICN', 'ST-NOR', 'J', '22'),
('TT-001-IICN', 'ST-NOR', 'J', '23'),
('TT-001-IICN', 'ST-NOR', 'J', '24'),
('TT-001-IICN', 'ST-NOR', 'J', '25'),
('TT-001-IICN', 'ST-NOR', 'J', '26'),
('TT-001-IICN', 'ST-NOR', 'J', '27'),
('TT-001-IICN', 'ST-NOR', 'J', '28'),
('TT-001-IICN', 'ST-NOR', 'J', '3'),
('TT-001-IICN', 'ST-NOR', 'J', '4'),
('TT-001-IICN', 'ST-NOR', 'J', '5'),
('TT-001-IICN', 'ST-NOR', 'J', '6'),
('TT-001-IICN', 'ST-NOR', 'J', '7'),
('TT-001-IICN', 'ST-NOR', 'J', '8'),
('TT-001-IICN', 'ST-NOR', 'J', '9'),
('TT-001-IICN', 'ST-NOR', 'K', '1'),
('TT-001-IICN', 'ST-NOR', 'K', '10'),
('TT-001-IICN', 'ST-NOR', 'K', '11'),
('TT-001-IICN', 'ST-NOR', 'K', '12'),
('TT-001-IICN', 'ST-NOR', 'K', '13'),
('TT-001-IICN', 'ST-NOR', 'K', '14'),
('TT-001-IICN', 'ST-NOR', 'K', '15'),
('TT-001-IICN', 'ST-NOR', 'K', '16'),
('TT-001-IICN', 'ST-NOR', 'K', '17'),
('TT-001-IICN', 'ST-NOR', 'K', '18'),
('TT-001-IICN', 'ST-NOR', 'K', '19'),
('TT-001-IICN', 'ST-NOR', 'K', '2'),
('TT-001-IICN', 'ST-NOR', 'K', '20'),
('TT-001-IICN', 'ST-NOR', 'K', '21'),
('TT-001-IICN', 'ST-NOR', 'K', '22'),
('TT-001-IICN', 'ST-NOR', 'K', '23'),
('TT-001-IICN', 'ST-NOR', 'K', '24'),
('TT-001-IICN', 'ST-NOR', 'K', '3'),
('TT-001-IICN', 'ST-NOR', 'K', '4'),
('TT-001-IICN', 'ST-NOR', 'K', '5'),
('TT-001-IICN', 'ST-NOR', 'K', '6'),
('TT-001-IICN', 'ST-NOR', 'K', '7'),
('TT-001-IICN', 'ST-NOR', 'K', '8'),
('TT-001-IICN', 'ST-NOR', 'K', '9'),
('TT-001-IICN', 'ST-OPR', 'VP', '1'),
('TT-001-IICN', 'ST-OPR', 'VP', '10'),
('TT-001-IICN', 'ST-OPR', 'VP', '11'),
('TT-001-IICN', 'ST-OPR', 'VP', '12'),
('TT-001-IICN', 'ST-OPR', 'VP', '13'),
('TT-001-IICN', 'ST-OPR', 'VP', '14'),
('TT-001-IICN', 'ST-OPR', 'VP', '15'),
('TT-001-IICN', 'ST-OPR', 'VP', '16'),
('TT-001-IICN', 'ST-OPR', 'VP', '17'),
('TT-001-IICN', 'ST-OPR', 'VP', '18'),
('TT-001-IICN', 'ST-OPR', 'VP', '19'),
('TT-001-IICN', 'ST-OPR', 'VP', '2'),
('TT-001-IICN', 'ST-OPR', 'VP', '20'),
('TT-001-IICN', 'ST-OPR', 'VP', '3'),
('TT-001-IICN', 'ST-OPR', 'VP', '4'),
('TT-001-IICN', 'ST-OPR', 'VP', '5'),
('TT-001-IICN', 'ST-OPR', 'VP', '6'),
('TT-001-IICN', 'ST-OPR', 'VP', '7'),
('TT-001-IICN', 'ST-OPR', 'VP', '8'),
('TT-001-IICN', 'ST-OPR', 'VP', '9'),
('TT-001-IICN', 'ST-PRM', 'A', '1'),
('TT-001-IICN', 'ST-PRM', 'A', '10'),
('TT-001-IICN', 'ST-PRM', 'A', '11'),
('TT-001-IICN', 'ST-PRM', 'A', '12'),
('TT-001-IICN', 'ST-PRM', 'A', '13'),
('TT-001-IICN', 'ST-PRM', 'A', '14'),
('TT-001-IICN', 'ST-PRM', 'A', '15'),
('TT-001-IICN', 'ST-PRM', 'A', '16'),
('TT-001-IICN', 'ST-PRM', 'A', '17'),
('TT-001-IICN', 'ST-PRM', 'A', '18'),
('TT-001-IICN', 'ST-PRM', 'A', '19'),
('TT-001-IICN', 'ST-PRM', 'A', '2'),
('TT-001-IICN', 'ST-PRM', 'A', '20'),
('TT-001-IICN', 'ST-PRM', 'A', '21'),
('TT-001-IICN', 'ST-PRM', 'A', '22'),
('TT-001-IICN', 'ST-PRM', 'A', '23'),
('TT-001-IICN', 'ST-PRM', 'A', '24'),
('TT-001-IICN', 'ST-PRM', 'A', '25'),
('TT-001-IICN', 'ST-PRM', 'A', '26'),
('TT-001-IICN', 'ST-PRM', 'A', '27'),
('TT-001-IICN', 'ST-PRM', 'A', '28'),
('TT-001-IICN', 'ST-PRM', 'A', '29'),
('TT-001-IICN', 'ST-PRM', 'A', '3'),
('TT-001-IICN', 'ST-PRM', 'A', '4'),
('TT-001-IICN', 'ST-PRM', 'A', '5'),
('TT-001-IICN', 'ST-PRM', 'A', '6'),
('TT-001-IICN', 'ST-PRM', 'A', '7'),
('TT-001-IICN', 'ST-PRM', 'A', '8'),
('TT-001-IICN', 'ST-PRM', 'A', '9'),
('TT-001-IICN', 'ST-PRM', 'B', '1'),
('TT-001-IICN', 'ST-PRM', 'B', '10'),
('TT-001-IICN', 'ST-PRM', 'B', '11'),
('TT-001-IICN', 'ST-PRM', 'B', '12'),
('TT-001-IICN', 'ST-PRM', 'B', '13'),
('TT-001-IICN', 'ST-PRM', 'B', '14'),
('TT-001-IICN', 'ST-PRM', 'B', '15'),
('TT-001-IICN', 'ST-PRM', 'B', '16'),
('TT-001-IICN', 'ST-PRM', 'B', '17'),
('TT-001-IICN', 'ST-PRM', 'B', '18'),
('TT-001-IICN', 'ST-PRM', 'B', '19'),
('TT-001-IICN', 'ST-PRM', 'B', '2'),
('TT-001-IICN', 'ST-PRM', 'B', '20'),
('TT-001-IICN', 'ST-PRM', 'B', '21'),
('TT-001-IICN', 'ST-PRM', 'B', '22'),
('TT-001-IICN', 'ST-PRM', 'B', '23'),
('TT-001-IICN', 'ST-PRM', 'B', '24'),
('TT-001-IICN', 'ST-PRM', 'B', '25'),
('TT-001-IICN', 'ST-PRM', 'B', '26'),
('TT-001-IICN', 'ST-PRM', 'B', '27'),
('TT-001-IICN', 'ST-PRM', 'B', '28'),
('TT-001-IICN', 'ST-PRM', 'B', '29'),
('TT-001-IICN', 'ST-PRM', 'B', '3'),
('TT-001-IICN', 'ST-PRM', 'B', '4'),
('TT-001-IICN', 'ST-PRM', 'B', '5'),
('TT-001-IICN', 'ST-PRM', 'B', '6'),
('TT-001-IICN', 'ST-PRM', 'B', '7'),
('TT-001-IICN', 'ST-PRM', 'B', '8'),
('TT-001-IICN', 'ST-PRM', 'B', '9'),
('TT-001-IICN', 'ST-PRM', 'C', '1'),
('TT-001-IICN', 'ST-PRM', 'C', '10'),
('TT-001-IICN', 'ST-PRM', 'C', '11'),
('TT-001-IICN', 'ST-PRM', 'C', '12'),
('TT-001-IICN', 'ST-PRM', 'C', '13'),
('TT-001-IICN', 'ST-PRM', 'C', '14'),
('TT-001-IICN', 'ST-PRM', 'C', '15'),
('TT-001-IICN', 'ST-PRM', 'C', '16'),
('TT-001-IICN', 'ST-PRM', 'C', '17'),
('TT-001-IICN', 'ST-PRM', 'C', '18'),
('TT-001-IICN', 'ST-PRM', 'C', '19'),
('TT-001-IICN', 'ST-PRM', 'C', '2'),
('TT-001-IICN', 'ST-PRM', 'C', '20'),
('TT-001-IICN', 'ST-PRM', 'C', '21'),
('TT-001-IICN', 'ST-PRM', 'C', '22'),
('TT-001-IICN', 'ST-PRM', 'C', '23'),
('TT-001-IICN', 'ST-PRM', 'C', '24'),
('TT-001-IICN', 'ST-PRM', 'C', '25'),
('TT-001-IICN', 'ST-PRM', 'C', '26'),
('TT-001-IICN', 'ST-PRM', 'C', '27'),
('TT-001-IICN', 'ST-PRM', 'C', '28'),
('TT-001-IICN', 'ST-PRM', 'C', '29'),
('TT-001-IICN', 'ST-PRM', 'C', '3'),
('TT-001-IICN', 'ST-PRM', 'C', '4'),
('TT-001-IICN', 'ST-PRM', 'C', '5'),
('TT-001-IICN', 'ST-PRM', 'C', '6'),
('TT-001-IICN', 'ST-PRM', 'C', '7'),
('TT-001-IICN', 'ST-PRM', 'C', '8'),
('TT-001-IICN', 'ST-PRM', 'C', '9'),
('TT-001-LTMS', 'ST-HNY', 'A', '1'),
('TT-001-LTMS', 'ST-HNY', 'A', '10'),
('TT-001-LTMS', 'ST-HNY', 'A', '11'),
('TT-001-LTMS', 'ST-HNY', 'A', '12'),
('TT-001-LTMS', 'ST-HNY', 'A', '13'),
('TT-001-LTMS', 'ST-HNY', 'A', '14'),
('TT-001-LTMS', 'ST-HNY', 'A', '15'),
('TT-001-LTMS', 'ST-HNY', 'A', '16'),
('TT-001-LTMS', 'ST-HNY', 'A', '17'),
('TT-001-LTMS', 'ST-HNY', 'A', '18'),
('TT-001-LTMS', 'ST-HNY', 'A', '2'),
('TT-001-LTMS', 'ST-HNY', 'A', '3'),
('TT-001-LTMS', 'ST-HNY', 'A', '4'),
('TT-001-LTMS', 'ST-HNY', 'A', '5'),
('TT-001-LTMS', 'ST-HNY', 'A', '6'),
('TT-001-LTMS', 'ST-HNY', 'A', '7'),
('TT-001-LTMS', 'ST-HNY', 'A', '8'),
('TT-001-LTMS', 'ST-HNY', 'A', '9'),
('TT-001-LTMS', 'ST-HNY', 'B', '1'),
('TT-001-LTMS', 'ST-HNY', 'B', '10'),
('TT-001-LTMS', 'ST-HNY', 'B', '11'),
('TT-001-LTMS', 'ST-HNY', 'B', '12'),
('TT-001-LTMS', 'ST-HNY', 'B', '13'),
('TT-001-LTMS', 'ST-HNY', 'B', '14'),
('TT-001-LTMS', 'ST-HNY', 'B', '15'),
('TT-001-LTMS', 'ST-HNY', 'B', '16'),
('TT-001-LTMS', 'ST-HNY', 'B', '17'),
('TT-001-LTMS', 'ST-HNY', 'B', '18'),
('TT-001-LTMS', 'ST-HNY', 'B', '19'),
('TT-001-LTMS', 'ST-HNY', 'B', '2'),
('TT-001-LTMS', 'ST-HNY', 'B', '3'),
('TT-001-LTMS', 'ST-HNY', 'B', '4'),
('TT-001-LTMS', 'ST-HNY', 'B', '5'),
('TT-001-LTMS', 'ST-HNY', 'B', '6'),
('TT-001-LTMS', 'ST-HNY', 'B', '7'),
('TT-001-LTMS', 'ST-HNY', 'B', '8'),
('TT-001-LTMS', 'ST-HNY', 'B', '9'),
('TT-001-LTMS', 'ST-HNY', 'C', '1'),
('TT-001-LTMS', 'ST-HNY', 'C', '10'),
('TT-001-LTMS', 'ST-HNY', 'C', '11'),
('TT-001-LTMS', 'ST-HNY', 'C', '12'),
('TT-001-LTMS', 'ST-HNY', 'C', '13'),
('TT-001-LTMS', 'ST-HNY', 'C', '14'),
('TT-001-LTMS', 'ST-HNY', 'C', '15'),
('TT-001-LTMS', 'ST-HNY', 'C', '16'),
('TT-001-LTMS', 'ST-HNY', 'C', '17'),
('TT-001-LTMS', 'ST-HNY', 'C', '18'),
('TT-001-LTMS', 'ST-HNY', 'C', '19'),
('TT-001-LTMS', 'ST-HNY', 'C', '2'),
('TT-001-LTMS', 'ST-HNY', 'C', '3'),
('TT-001-LTMS', 'ST-HNY', 'C', '4'),
('TT-001-LTMS', 'ST-HNY', 'C', '5'),
('TT-001-LTMS', 'ST-HNY', 'C', '6'),
('TT-001-LTMS', 'ST-HNY', 'C', '7'),
('TT-001-LTMS', 'ST-HNY', 'C', '8'),
('TT-001-LTMS', 'ST-HNY', 'C', '9'),
('TT-001-LTMS', 'ST-NOR', 'D', '1'),
('TT-001-LTMS', 'ST-NOR', 'D', '10'),
('TT-001-LTMS', 'ST-NOR', 'D', '11'),
('TT-001-LTMS', 'ST-NOR', 'D', '12'),
('TT-001-LTMS', 'ST-NOR', 'D', '13'),
('TT-001-LTMS', 'ST-NOR', 'D', '14'),
('TT-001-LTMS', 'ST-NOR', 'D', '15'),
('TT-001-LTMS', 'ST-NOR', 'D', '16'),
('TT-001-LTMS', 'ST-NOR', 'D', '17'),
('TT-001-LTMS', 'ST-NOR', 'D', '18'),
('TT-001-LTMS', 'ST-NOR', 'D', '19'),
('TT-001-LTMS', 'ST-NOR', 'D', '2'),
('TT-001-LTMS', 'ST-NOR', 'D', '20'),
('TT-001-LTMS', 'ST-NOR', 'D', '3'),
('TT-001-LTMS', 'ST-NOR', 'D', '4'),
('TT-001-LTMS', 'ST-NOR', 'D', '5'),
('TT-001-LTMS', 'ST-NOR', 'D', '6'),
('TT-001-LTMS', 'ST-NOR', 'D', '7'),
('TT-001-LTMS', 'ST-NOR', 'D', '8'),
('TT-001-LTMS', 'ST-NOR', 'D', '9'),
('TT-001-LTMS', 'ST-NOR', 'E', '1'),
('TT-001-LTMS', 'ST-NOR', 'E', '10'),
('TT-001-LTMS', 'ST-NOR', 'E', '11'),
('TT-001-LTMS', 'ST-NOR', 'E', '12'),
('TT-001-LTMS', 'ST-NOR', 'E', '13'),
('TT-001-LTMS', 'ST-NOR', 'E', '14'),
('TT-001-LTMS', 'ST-NOR', 'E', '15'),
('TT-001-LTMS', 'ST-NOR', 'E', '16'),
('TT-001-LTMS', 'ST-NOR', 'E', '17'),
('TT-001-LTMS', 'ST-NOR', 'E', '18'),
('TT-001-LTMS', 'ST-NOR', 'E', '19'),
('TT-001-LTMS', 'ST-NOR', 'E', '2'),
('TT-001-LTMS', 'ST-NOR', 'E', '20'),
('TT-001-LTMS', 'ST-NOR', 'E', '3'),
('TT-001-LTMS', 'ST-NOR', 'E', '4'),
('TT-001-LTMS', 'ST-NOR', 'E', '5'),
('TT-001-LTMS', 'ST-NOR', 'E', '6'),
('TT-001-LTMS', 'ST-NOR', 'E', '7'),
('TT-001-LTMS', 'ST-NOR', 'E', '8'),
('TT-001-LTMS', 'ST-NOR', 'E', '9'),
('TT-001-LTMS', 'ST-NOR', 'F', '1'),
('TT-001-LTMS', 'ST-NOR', 'F', '10'),
('TT-001-LTMS', 'ST-NOR', 'F', '11'),
('TT-001-LTMS', 'ST-NOR', 'F', '12'),
('TT-001-LTMS', 'ST-NOR', 'F', '13'),
('TT-001-LTMS', 'ST-NOR', 'F', '14'),
('TT-001-LTMS', 'ST-NOR', 'F', '15'),
('TT-001-LTMS', 'ST-NOR', 'F', '16'),
('TT-001-LTMS', 'ST-NOR', 'F', '17'),
('TT-001-LTMS', 'ST-NOR', 'F', '18'),
('TT-001-LTMS', 'ST-NOR', 'F', '19'),
('TT-001-LTMS', 'ST-NOR', 'F', '2'),
('TT-001-LTMS', 'ST-NOR', 'F', '20'),
('TT-001-LTMS', 'ST-NOR', 'F', '3'),
('TT-001-LTMS', 'ST-NOR', 'F', '4'),
('TT-001-LTMS', 'ST-NOR', 'F', '5'),
('TT-001-LTMS', 'ST-NOR', 'F', '6'),
('TT-001-LTMS', 'ST-NOR', 'F', '7'),
('TT-001-LTMS', 'ST-NOR', 'F', '8'),
('TT-001-LTMS', 'ST-NOR', 'F', '9'),
('TT-001-LTMS', 'ST-NOR', 'G', '1'),
('TT-001-LTMS', 'ST-NOR', 'G', '10'),
('TT-001-LTMS', 'ST-NOR', 'G', '11'),
('TT-001-LTMS', 'ST-NOR', 'G', '12'),
('TT-001-LTMS', 'ST-NOR', 'G', '13'),
('TT-001-LTMS', 'ST-NOR', 'G', '14'),
('TT-001-LTMS', 'ST-NOR', 'G', '15'),
('TT-001-LTMS', 'ST-NOR', 'G', '16'),
('TT-001-LTMS', 'ST-NOR', 'G', '17'),
('TT-001-LTMS', 'ST-NOR', 'G', '18'),
('TT-001-LTMS', 'ST-NOR', 'G', '19'),
('TT-001-LTMS', 'ST-NOR', 'G', '2'),
('TT-001-LTMS', 'ST-NOR', 'G', '20'),
('TT-001-LTMS', 'ST-NOR', 'G', '3'),
('TT-001-LTMS', 'ST-NOR', 'G', '4'),
('TT-001-LTMS', 'ST-NOR', 'G', '5'),
('TT-001-LTMS', 'ST-NOR', 'G', '6'),
('TT-001-LTMS', 'ST-NOR', 'G', '7'),
('TT-001-LTMS', 'ST-NOR', 'G', '8'),
('TT-001-LTMS', 'ST-NOR', 'G', '9'),
('TT-001-LTMS', 'ST-NOR', 'H', '1'),
('TT-001-LTMS', 'ST-NOR', 'H', '10'),
('TT-001-LTMS', 'ST-NOR', 'H', '11'),
('TT-001-LTMS', 'ST-NOR', 'H', '12'),
('TT-001-LTMS', 'ST-NOR', 'H', '13'),
('TT-001-LTMS', 'ST-NOR', 'H', '14'),
('TT-001-LTMS', 'ST-NOR', 'H', '15'),
('TT-001-LTMS', 'ST-NOR', 'H', '16'),
('TT-001-LTMS', 'ST-NOR', 'H', '17'),
('TT-001-LTMS', 'ST-NOR', 'H', '18'),
('TT-001-LTMS', 'ST-NOR', 'H', '19'),
('TT-001-LTMS', 'ST-NOR', 'H', '2'),
('TT-001-LTMS', 'ST-NOR', 'H', '20'),
('TT-001-LTMS', 'ST-NOR', 'H', '3'),
('TT-001-LTMS', 'ST-NOR', 'H', '4'),
('TT-001-LTMS', 'ST-NOR', 'H', '5'),
('TT-001-LTMS', 'ST-NOR', 'H', '6'),
('TT-001-LTMS', 'ST-NOR', 'H', '7'),
('TT-001-LTMS', 'ST-NOR', 'H', '8'),
('TT-001-LTMS', 'ST-NOR', 'H', '9'),
('TT-001-LTMS', 'ST-NOR', 'I', '1'),
('TT-001-LTMS', 'ST-NOR', 'I', '10'),
('TT-001-LTMS', 'ST-NOR', 'I', '11'),
('TT-001-LTMS', 'ST-NOR', 'I', '12'),
('TT-001-LTMS', 'ST-NOR', 'I', '13'),
('TT-001-LTMS', 'ST-NOR', 'I', '14'),
('TT-001-LTMS', 'ST-NOR', 'I', '15'),
('TT-001-LTMS', 'ST-NOR', 'I', '16'),
('TT-001-LTMS', 'ST-NOR', 'I', '17'),
('TT-001-LTMS', 'ST-NOR', 'I', '18'),
('TT-001-LTMS', 'ST-NOR', 'I', '19'),
('TT-001-LTMS', 'ST-NOR', 'I', '2'),
('TT-001-LTMS', 'ST-NOR', 'I', '20'),
('TT-001-LTMS', 'ST-NOR', 'I', '3'),
('TT-001-LTMS', 'ST-NOR', 'I', '4'),
('TT-001-LTMS', 'ST-NOR', 'I', '5'),
('TT-001-LTMS', 'ST-NOR', 'I', '6'),
('TT-001-LTMS', 'ST-NOR', 'I', '7'),
('TT-001-LTMS', 'ST-NOR', 'I', '8'),
('TT-001-LTMS', 'ST-NOR', 'I', '9'),
('TT-001-LTMS', 'ST-NOR', 'J', '1'),
('TT-001-LTMS', 'ST-NOR', 'J', '10'),
('TT-001-LTMS', 'ST-NOR', 'J', '11'),
('TT-001-LTMS', 'ST-NOR', 'J', '12'),
('TT-001-LTMS', 'ST-NOR', 'J', '13'),
('TT-001-LTMS', 'ST-NOR', 'J', '14'),
('TT-001-LTMS', 'ST-NOR', 'J', '15'),
('TT-001-LTMS', 'ST-NOR', 'J', '16'),
('TT-001-LTMS', 'ST-NOR', 'J', '17'),
('TT-001-LTMS', 'ST-NOR', 'J', '18'),
('TT-001-LTMS', 'ST-NOR', 'J', '19'),
('TT-001-LTMS', 'ST-NOR', 'J', '2'),
('TT-001-LTMS', 'ST-NOR', 'J', '20'),
('TT-001-LTMS', 'ST-NOR', 'J', '3'),
('TT-001-LTMS', 'ST-NOR', 'J', '4'),
('TT-001-LTMS', 'ST-NOR', 'J', '5'),
('TT-001-LTMS', 'ST-NOR', 'J', '6'),
('TT-001-LTMS', 'ST-NOR', 'J', '7'),
('TT-001-LTMS', 'ST-NOR', 'J', '8'),
('TT-001-LTMS', 'ST-NOR', 'J', '9'),
('TT-001-LTMS', 'ST-NOR', 'K', '1'),
('TT-001-LTMS', 'ST-NOR', 'K', '10'),
('TT-001-LTMS', 'ST-NOR', 'K', '11'),
('TT-001-LTMS', 'ST-NOR', 'K', '12'),
('TT-001-LTMS', 'ST-NOR', 'K', '13'),
('TT-001-LTMS', 'ST-NOR', 'K', '14'),
('TT-001-LTMS', 'ST-NOR', 'K', '15'),
('TT-001-LTMS', 'ST-NOR', 'K', '16'),
('TT-001-LTMS', 'ST-NOR', 'K', '17'),
('TT-001-LTMS', 'ST-NOR', 'K', '18'),
('TT-001-LTMS', 'ST-NOR', 'K', '19'),
('TT-001-LTMS', 'ST-NOR', 'K', '2'),
('TT-001-LTMS', 'ST-NOR', 'K', '20'),
('TT-001-LTMS', 'ST-NOR', 'K', '3'),
('TT-001-LTMS', 'ST-NOR', 'K', '4'),
('TT-001-LTMS', 'ST-NOR', 'K', '5'),
('TT-001-LTMS', 'ST-NOR', 'K', '6'),
('TT-001-LTMS', 'ST-NOR', 'K', '7'),
('TT-001-LTMS', 'ST-NOR', 'K', '8'),
('TT-001-LTMS', 'ST-NOR', 'K', '9'),
('TT-001-LTMS', 'ST-NOR', 'L', '1'),
('TT-001-LTMS', 'ST-NOR', 'L', '10'),
('TT-001-LTMS', 'ST-NOR', 'L', '11'),
('TT-001-LTMS', 'ST-NOR', 'L', '12'),
('TT-001-LTMS', 'ST-NOR', 'L', '13'),
('TT-001-LTMS', 'ST-NOR', 'L', '14'),
('TT-001-LTMS', 'ST-NOR', 'L', '15'),
('TT-001-LTMS', 'ST-NOR', 'L', '16'),
('TT-001-LTMS', 'ST-NOR', 'L', '17'),
('TT-001-LTMS', 'ST-NOR', 'L', '18'),
('TT-001-LTMS', 'ST-NOR', 'L', '19'),
('TT-001-LTMS', 'ST-NOR', 'L', '2'),
('TT-001-LTMS', 'ST-NOR', 'L', '20'),
('TT-001-LTMS', 'ST-NOR', 'L', '3'),
('TT-001-LTMS', 'ST-NOR', 'L', '4'),
('TT-001-LTMS', 'ST-NOR', 'L', '5'),
('TT-001-LTMS', 'ST-NOR', 'L', '6'),
('TT-001-LTMS', 'ST-NOR', 'L', '7'),
('TT-001-LTMS', 'ST-NOR', 'L', '8'),
('TT-001-LTMS', 'ST-NOR', 'L', '9'),
('TT-001-LTMS', 'ST-NOR', 'M', '1'),
('TT-001-LTMS', 'ST-NOR', 'M', '10'),
('TT-001-LTMS', 'ST-NOR', 'M', '11'),
('TT-001-LTMS', 'ST-NOR', 'M', '12'),
('TT-001-LTMS', 'ST-NOR', 'M', '13'),
('TT-001-LTMS', 'ST-NOR', 'M', '14');
INSERT INTO `Seat` (`Theatre_ID`, `SeatType_ID`, `Seat_Row`, `Seat_Number`) VALUES
('TT-001-LTMS', 'ST-NOR', 'M', '15'),
('TT-001-LTMS', 'ST-NOR', 'M', '16'),
('TT-001-LTMS', 'ST-NOR', 'M', '17'),
('TT-001-LTMS', 'ST-NOR', 'M', '18'),
('TT-001-LTMS', 'ST-NOR', 'M', '19'),
('TT-001-LTMS', 'ST-NOR', 'M', '2'),
('TT-001-LTMS', 'ST-NOR', 'M', '20'),
('TT-001-LTMS', 'ST-NOR', 'M', '3'),
('TT-001-LTMS', 'ST-NOR', 'M', '4'),
('TT-001-LTMS', 'ST-NOR', 'M', '5'),
('TT-001-LTMS', 'ST-NOR', 'M', '6'),
('TT-001-LTMS', 'ST-NOR', 'M', '7'),
('TT-001-LTMS', 'ST-NOR', 'M', '8'),
('TT-001-LTMS', 'ST-NOR', 'M', '9'),
('TT-001-LTMS', 'ST-NOR', 'N', '1'),
('TT-001-LTMS', 'ST-NOR', 'N', '10'),
('TT-001-LTMS', 'ST-NOR', 'N', '11'),
('TT-001-LTMS', 'ST-NOR', 'N', '12'),
('TT-001-LTMS', 'ST-NOR', 'N', '13'),
('TT-001-LTMS', 'ST-NOR', 'N', '14'),
('TT-001-LTMS', 'ST-NOR', 'N', '15'),
('TT-001-LTMS', 'ST-NOR', 'N', '16'),
('TT-001-LTMS', 'ST-NOR', 'N', '17'),
('TT-001-LTMS', 'ST-NOR', 'N', '18'),
('TT-001-LTMS', 'ST-NOR', 'N', '19'),
('TT-001-LTMS', 'ST-NOR', 'N', '2'),
('TT-001-LTMS', 'ST-NOR', 'N', '20'),
('TT-001-LTMS', 'ST-NOR', 'N', '3'),
('TT-001-LTMS', 'ST-NOR', 'N', '4'),
('TT-001-LTMS', 'ST-NOR', 'N', '5'),
('TT-001-LTMS', 'ST-NOR', 'N', '6'),
('TT-001-LTMS', 'ST-NOR', 'N', '7'),
('TT-001-LTMS', 'ST-NOR', 'N', '8'),
('TT-001-LTMS', 'ST-NOR', 'N', '9'),
('TT-001-LTMS', 'ST-NOR', 'O', '1'),
('TT-001-LTMS', 'ST-NOR', 'O', '10'),
('TT-001-LTMS', 'ST-NOR', 'O', '11'),
('TT-001-LTMS', 'ST-NOR', 'O', '12'),
('TT-001-LTMS', 'ST-NOR', 'O', '13'),
('TT-001-LTMS', 'ST-NOR', 'O', '14'),
('TT-001-LTMS', 'ST-NOR', 'O', '15'),
('TT-001-LTMS', 'ST-NOR', 'O', '16'),
('TT-001-LTMS', 'ST-NOR', 'O', '17'),
('TT-001-LTMS', 'ST-NOR', 'O', '18'),
('TT-001-LTMS', 'ST-NOR', 'O', '19'),
('TT-001-LTMS', 'ST-NOR', 'O', '2'),
('TT-001-LTMS', 'ST-NOR', 'O', '20'),
('TT-001-LTMS', 'ST-NOR', 'O', '3'),
('TT-001-LTMS', 'ST-NOR', 'O', '4'),
('TT-001-LTMS', 'ST-NOR', 'O', '5'),
('TT-001-LTMS', 'ST-NOR', 'O', '6'),
('TT-001-LTMS', 'ST-NOR', 'O', '7'),
('TT-001-LTMS', 'ST-NOR', 'O', '8'),
('TT-001-LTMS', 'ST-NOR', 'O', '9'),
('TT-001-MEGA', 'ST-DSO', 'F', '1'),
('TT-001-MEGA', 'ST-DSO', 'F', '10'),
('TT-001-MEGA', 'ST-DSO', 'F', '2'),
('TT-001-MEGA', 'ST-DSO', 'F', '3'),
('TT-001-MEGA', 'ST-DSO', 'F', '4'),
('TT-001-MEGA', 'ST-DSO', 'F', '5'),
('TT-001-MEGA', 'ST-DSO', 'F', '6'),
('TT-001-MEGA', 'ST-DSO', 'F', '7'),
('TT-001-MEGA', 'ST-DSO', 'F', '8'),
('TT-001-MEGA', 'ST-DSO', 'F', '9'),
('TT-001-MEGA', 'ST-DSO', 'G', '1'),
('TT-001-MEGA', 'ST-DSO', 'G', '2'),
('TT-001-MEGA', 'ST-DSO', 'G', '3'),
('TT-001-MEGA', 'ST-DSO', 'G', '4'),
('TT-001-MEGA', 'ST-DSO', 'G', '5'),
('TT-001-MEGA', 'ST-DSO', 'G', '6'),
('TT-001-MEGA', 'ST-DSO', 'G', '7'),
('TT-001-MEGA', 'ST-DSO', 'G', '8'),
('TT-001-MEGA', 'ST-NOR', 'A', '1'),
('TT-001-MEGA', 'ST-NOR', 'A', '10'),
('TT-001-MEGA', 'ST-NOR', 'A', '11'),
('TT-001-MEGA', 'ST-NOR', 'A', '12'),
('TT-001-MEGA', 'ST-NOR', 'A', '13'),
('TT-001-MEGA', 'ST-NOR', 'A', '2'),
('TT-001-MEGA', 'ST-NOR', 'A', '3'),
('TT-001-MEGA', 'ST-NOR', 'A', '4'),
('TT-001-MEGA', 'ST-NOR', 'A', '5'),
('TT-001-MEGA', 'ST-NOR', 'A', '6'),
('TT-001-MEGA', 'ST-NOR', 'A', '7'),
('TT-001-MEGA', 'ST-NOR', 'A', '8'),
('TT-001-MEGA', 'ST-NOR', 'A', '9'),
('TT-001-MEGA', 'ST-NOR', 'B', '1'),
('TT-001-MEGA', 'ST-NOR', 'B', '10'),
('TT-001-MEGA', 'ST-NOR', 'B', '11'),
('TT-001-MEGA', 'ST-NOR', 'B', '12'),
('TT-001-MEGA', 'ST-NOR', 'B', '13'),
('TT-001-MEGA', 'ST-NOR', 'B', '2'),
('TT-001-MEGA', 'ST-NOR', 'B', '3'),
('TT-001-MEGA', 'ST-NOR', 'B', '4'),
('TT-001-MEGA', 'ST-NOR', 'B', '5'),
('TT-001-MEGA', 'ST-NOR', 'B', '6'),
('TT-001-MEGA', 'ST-NOR', 'B', '7'),
('TT-001-MEGA', 'ST-NOR', 'B', '8'),
('TT-001-MEGA', 'ST-NOR', 'B', '9'),
('TT-001-MEGA', 'ST-NOR', 'C', '1'),
('TT-001-MEGA', 'ST-NOR', 'C', '10'),
('TT-001-MEGA', 'ST-NOR', 'C', '11'),
('TT-001-MEGA', 'ST-NOR', 'C', '12'),
('TT-001-MEGA', 'ST-NOR', 'C', '13'),
('TT-001-MEGA', 'ST-NOR', 'C', '2'),
('TT-001-MEGA', 'ST-NOR', 'C', '3'),
('TT-001-MEGA', 'ST-NOR', 'C', '4'),
('TT-001-MEGA', 'ST-NOR', 'C', '5'),
('TT-001-MEGA', 'ST-NOR', 'C', '6'),
('TT-001-MEGA', 'ST-NOR', 'C', '7'),
('TT-001-MEGA', 'ST-NOR', 'C', '8'),
('TT-001-MEGA', 'ST-NOR', 'C', '9'),
('TT-001-MEGA', 'ST-NOR', 'D', '1'),
('TT-001-MEGA', 'ST-NOR', 'D', '10'),
('TT-001-MEGA', 'ST-NOR', 'D', '11'),
('TT-001-MEGA', 'ST-NOR', 'D', '12'),
('TT-001-MEGA', 'ST-NOR', 'D', '13'),
('TT-001-MEGA', 'ST-NOR', 'D', '2'),
('TT-001-MEGA', 'ST-NOR', 'D', '3'),
('TT-001-MEGA', 'ST-NOR', 'D', '4'),
('TT-001-MEGA', 'ST-NOR', 'D', '5'),
('TT-001-MEGA', 'ST-NOR', 'D', '6'),
('TT-001-MEGA', 'ST-NOR', 'D', '7'),
('TT-001-MEGA', 'ST-NOR', 'D', '8'),
('TT-001-MEGA', 'ST-NOR', 'D', '9'),
('TT-001-MEGA', 'ST-NOR', 'E', '1'),
('TT-001-MEGA', 'ST-NOR', 'E', '10'),
('TT-001-MEGA', 'ST-NOR', 'E', '11'),
('TT-001-MEGA', 'ST-NOR', 'E', '12'),
('TT-001-MEGA', 'ST-NOR', 'E', '13'),
('TT-001-MEGA', 'ST-NOR', 'E', '2'),
('TT-001-MEGA', 'ST-NOR', 'E', '3'),
('TT-001-MEGA', 'ST-NOR', 'E', '4'),
('TT-001-MEGA', 'ST-NOR', 'E', '5'),
('TT-001-MEGA', 'ST-NOR', 'E', '6'),
('TT-001-MEGA', 'ST-NOR', 'E', '7'),
('TT-001-MEGA', 'ST-NOR', 'E', '8'),
('TT-001-MEGA', 'ST-NOR', 'E', '9'),
('TT-001-PRGC', 'ST-1ULT', 'A', '1'),
('TT-001-PRGC', 'ST-1ULT', 'A', '10'),
('TT-001-PRGC', 'ST-1ULT', 'A', '11'),
('TT-001-PRGC', 'ST-1ULT', 'A', '12'),
('TT-001-PRGC', 'ST-1ULT', 'A', '2'),
('TT-001-PRGC', 'ST-1ULT', 'A', '3'),
('TT-001-PRGC', 'ST-1ULT', 'A', '4'),
('TT-001-PRGC', 'ST-1ULT', 'A', '5'),
('TT-001-PRGC', 'ST-1ULT', 'A', '6'),
('TT-001-PRGC', 'ST-1ULT', 'A', '7'),
('TT-001-PRGC', 'ST-1ULT', 'A', '8'),
('TT-001-PRGC', 'ST-1ULT', 'A', '9'),
('TT-001-PRGC', 'ST-1ULT', 'B', '1'),
('TT-001-PRGC', 'ST-1ULT', 'B', '10'),
('TT-001-PRGC', 'ST-1ULT', 'B', '11'),
('TT-001-PRGC', 'ST-1ULT', 'B', '12'),
('TT-001-PRGC', 'ST-1ULT', 'B', '2'),
('TT-001-PRGC', 'ST-1ULT', 'B', '3'),
('TT-001-PRGC', 'ST-1ULT', 'B', '4'),
('TT-001-PRGC', 'ST-1ULT', 'B', '5'),
('TT-001-PRGC', 'ST-1ULT', 'B', '6'),
('TT-001-PRGC', 'ST-1ULT', 'B', '7'),
('TT-001-PRGC', 'ST-1ULT', 'B', '8'),
('TT-001-PRGC', 'ST-1ULT', 'B', '9'),
('TT-001-PRGC', 'ST-1ULT', 'C', '1'),
('TT-001-PRGC', 'ST-1ULT', 'C', '10'),
('TT-001-PRGC', 'ST-1ULT', 'C', '11'),
('TT-001-PRGC', 'ST-1ULT', 'C', '12'),
('TT-001-PRGC', 'ST-1ULT', 'C', '2'),
('TT-001-PRGC', 'ST-1ULT', 'C', '3'),
('TT-001-PRGC', 'ST-1ULT', 'C', '4'),
('TT-001-PRGC', 'ST-1ULT', 'C', '5'),
('TT-001-PRGC', 'ST-1ULT', 'C', '6'),
('TT-001-PRGC', 'ST-1ULT', 'C', '7'),
('TT-001-PRGC', 'ST-1ULT', 'C', '8'),
('TT-001-PRGC', 'ST-1ULT', 'C', '9'),
('TT-001-PRGC', 'ST-1ULT', 'D', '1'),
('TT-001-PRGC', 'ST-1ULT', 'D', '10'),
('TT-001-PRGC', 'ST-1ULT', 'D', '11'),
('TT-001-PRGC', 'ST-1ULT', 'D', '12'),
('TT-001-PRGC', 'ST-1ULT', 'D', '2'),
('TT-001-PRGC', 'ST-1ULT', 'D', '3'),
('TT-001-PRGC', 'ST-1ULT', 'D', '4'),
('TT-001-PRGC', 'ST-1ULT', 'D', '5'),
('TT-001-PRGC', 'ST-1ULT', 'D', '6'),
('TT-001-PRGC', 'ST-1ULT', 'D', '7'),
('TT-001-PRGC', 'ST-1ULT', 'D', '8'),
('TT-001-PRGC', 'ST-1ULT', 'D', '9'),
('TT-001-PRGC', 'ST-1ULT', 'E', '1'),
('TT-001-PRGC', 'ST-1ULT', 'E', '10'),
('TT-001-PRGC', 'ST-1ULT', 'E', '11'),
('TT-001-PRGC', 'ST-1ULT', 'E', '12'),
('TT-001-PRGC', 'ST-1ULT', 'E', '2'),
('TT-001-PRGC', 'ST-1ULT', 'E', '3'),
('TT-001-PRGC', 'ST-1ULT', 'E', '4'),
('TT-001-PRGC', 'ST-1ULT', 'E', '5'),
('TT-001-PRGC', 'ST-1ULT', 'E', '6'),
('TT-001-PRGC', 'ST-1ULT', 'E', '7'),
('TT-001-PRGC', 'ST-1ULT', 'E', '8'),
('TT-001-PRGC', 'ST-1ULT', 'E', '9'),
('TT-001-PRGC', 'ST-1ULT', 'F', '1'),
('TT-001-PRGC', 'ST-1ULT', 'F', '10'),
('TT-001-PRGC', 'ST-1ULT', 'F', '11'),
('TT-001-PRGC', 'ST-1ULT', 'F', '12'),
('TT-001-PRGC', 'ST-1ULT', 'F', '2'),
('TT-001-PRGC', 'ST-1ULT', 'F', '3'),
('TT-001-PRGC', 'ST-1ULT', 'F', '4'),
('TT-001-PRGC', 'ST-1ULT', 'F', '5'),
('TT-001-PRGC', 'ST-1ULT', 'F', '6'),
('TT-001-PRGC', 'ST-1ULT', 'F', '7'),
('TT-001-PRGC', 'ST-1ULT', 'F', '8'),
('TT-001-PRGC', 'ST-1ULT', 'F', '9'),
('TT-001-SEAC', 'ST-HNY', 'D', '1'),
('TT-001-SEAC', 'ST-HNY', 'D', '10'),
('TT-001-SEAC', 'ST-HNY', 'D', '11'),
('TT-001-SEAC', 'ST-HNY', 'D', '12'),
('TT-001-SEAC', 'ST-HNY', 'D', '13'),
('TT-001-SEAC', 'ST-HNY', 'D', '14'),
('TT-001-SEAC', 'ST-HNY', 'D', '15'),
('TT-001-SEAC', 'ST-HNY', 'D', '16'),
('TT-001-SEAC', 'ST-HNY', 'D', '17'),
('TT-001-SEAC', 'ST-HNY', 'D', '18'),
('TT-001-SEAC', 'ST-HNY', 'D', '19'),
('TT-001-SEAC', 'ST-HNY', 'D', '2'),
('TT-001-SEAC', 'ST-HNY', 'D', '20'),
('TT-001-SEAC', 'ST-HNY', 'D', '21'),
('TT-001-SEAC', 'ST-HNY', 'D', '3'),
('TT-001-SEAC', 'ST-HNY', 'D', '4'),
('TT-001-SEAC', 'ST-HNY', 'D', '5'),
('TT-001-SEAC', 'ST-HNY', 'D', '6'),
('TT-001-SEAC', 'ST-HNY', 'D', '7'),
('TT-001-SEAC', 'ST-HNY', 'D', '8'),
('TT-001-SEAC', 'ST-HNY', 'D', '9'),
('TT-001-SEAC', 'ST-NOR', 'E', '1'),
('TT-001-SEAC', 'ST-NOR', 'E', '10'),
('TT-001-SEAC', 'ST-NOR', 'E', '11'),
('TT-001-SEAC', 'ST-NOR', 'E', '12'),
('TT-001-SEAC', 'ST-NOR', 'E', '13'),
('TT-001-SEAC', 'ST-NOR', 'E', '14'),
('TT-001-SEAC', 'ST-NOR', 'E', '15'),
('TT-001-SEAC', 'ST-NOR', 'E', '16'),
('TT-001-SEAC', 'ST-NOR', 'E', '17'),
('TT-001-SEAC', 'ST-NOR', 'E', '18'),
('TT-001-SEAC', 'ST-NOR', 'E', '19'),
('TT-001-SEAC', 'ST-NOR', 'E', '2'),
('TT-001-SEAC', 'ST-NOR', 'E', '20'),
('TT-001-SEAC', 'ST-NOR', 'E', '21'),
('TT-001-SEAC', 'ST-NOR', 'E', '22'),
('TT-001-SEAC', 'ST-NOR', 'E', '3'),
('TT-001-SEAC', 'ST-NOR', 'E', '4'),
('TT-001-SEAC', 'ST-NOR', 'E', '5'),
('TT-001-SEAC', 'ST-NOR', 'E', '6'),
('TT-001-SEAC', 'ST-NOR', 'E', '7'),
('TT-001-SEAC', 'ST-NOR', 'E', '8'),
('TT-001-SEAC', 'ST-NOR', 'E', '9'),
('TT-001-SEAC', 'ST-NOR', 'F', '1'),
('TT-001-SEAC', 'ST-NOR', 'F', '10'),
('TT-001-SEAC', 'ST-NOR', 'F', '11'),
('TT-001-SEAC', 'ST-NOR', 'F', '12'),
('TT-001-SEAC', 'ST-NOR', 'F', '13'),
('TT-001-SEAC', 'ST-NOR', 'F', '14'),
('TT-001-SEAC', 'ST-NOR', 'F', '15'),
('TT-001-SEAC', 'ST-NOR', 'F', '16'),
('TT-001-SEAC', 'ST-NOR', 'F', '17'),
('TT-001-SEAC', 'ST-NOR', 'F', '18'),
('TT-001-SEAC', 'ST-NOR', 'F', '19'),
('TT-001-SEAC', 'ST-NOR', 'F', '2'),
('TT-001-SEAC', 'ST-NOR', 'F', '20'),
('TT-001-SEAC', 'ST-NOR', 'F', '21'),
('TT-001-SEAC', 'ST-NOR', 'F', '22'),
('TT-001-SEAC', 'ST-NOR', 'F', '3'),
('TT-001-SEAC', 'ST-NOR', 'F', '4'),
('TT-001-SEAC', 'ST-NOR', 'F', '5'),
('TT-001-SEAC', 'ST-NOR', 'F', '6'),
('TT-001-SEAC', 'ST-NOR', 'F', '7'),
('TT-001-SEAC', 'ST-NOR', 'F', '8'),
('TT-001-SEAC', 'ST-NOR', 'F', '9'),
('TT-001-SEAC', 'ST-NOR', 'G', '1'),
('TT-001-SEAC', 'ST-NOR', 'G', '10'),
('TT-001-SEAC', 'ST-NOR', 'G', '11'),
('TT-001-SEAC', 'ST-NOR', 'G', '12'),
('TT-001-SEAC', 'ST-NOR', 'G', '13'),
('TT-001-SEAC', 'ST-NOR', 'G', '14'),
('TT-001-SEAC', 'ST-NOR', 'G', '15'),
('TT-001-SEAC', 'ST-NOR', 'G', '16'),
('TT-001-SEAC', 'ST-NOR', 'G', '17'),
('TT-001-SEAC', 'ST-NOR', 'G', '18'),
('TT-001-SEAC', 'ST-NOR', 'G', '19'),
('TT-001-SEAC', 'ST-NOR', 'G', '2'),
('TT-001-SEAC', 'ST-NOR', 'G', '20'),
('TT-001-SEAC', 'ST-NOR', 'G', '21'),
('TT-001-SEAC', 'ST-NOR', 'G', '22'),
('TT-001-SEAC', 'ST-NOR', 'G', '3'),
('TT-001-SEAC', 'ST-NOR', 'G', '4'),
('TT-001-SEAC', 'ST-NOR', 'G', '5'),
('TT-001-SEAC', 'ST-NOR', 'G', '6'),
('TT-001-SEAC', 'ST-NOR', 'G', '7'),
('TT-001-SEAC', 'ST-NOR', 'G', '8'),
('TT-001-SEAC', 'ST-NOR', 'G', '9'),
('TT-001-SEAC', 'ST-NOR', 'H', '1'),
('TT-001-SEAC', 'ST-NOR', 'H', '10'),
('TT-001-SEAC', 'ST-NOR', 'H', '11'),
('TT-001-SEAC', 'ST-NOR', 'H', '12'),
('TT-001-SEAC', 'ST-NOR', 'H', '13'),
('TT-001-SEAC', 'ST-NOR', 'H', '14'),
('TT-001-SEAC', 'ST-NOR', 'H', '15'),
('TT-001-SEAC', 'ST-NOR', 'H', '16'),
('TT-001-SEAC', 'ST-NOR', 'H', '17'),
('TT-001-SEAC', 'ST-NOR', 'H', '18'),
('TT-001-SEAC', 'ST-NOR', 'H', '19'),
('TT-001-SEAC', 'ST-NOR', 'H', '2'),
('TT-001-SEAC', 'ST-NOR', 'H', '20'),
('TT-001-SEAC', 'ST-NOR', 'H', '21'),
('TT-001-SEAC', 'ST-NOR', 'H', '22'),
('TT-001-SEAC', 'ST-NOR', 'H', '3'),
('TT-001-SEAC', 'ST-NOR', 'H', '4'),
('TT-001-SEAC', 'ST-NOR', 'H', '5'),
('TT-001-SEAC', 'ST-NOR', 'H', '6'),
('TT-001-SEAC', 'ST-NOR', 'H', '7'),
('TT-001-SEAC', 'ST-NOR', 'H', '8'),
('TT-001-SEAC', 'ST-NOR', 'H', '9'),
('TT-001-SEAC', 'ST-NOR', 'I', '1'),
('TT-001-SEAC', 'ST-NOR', 'I', '10'),
('TT-001-SEAC', 'ST-NOR', 'I', '11'),
('TT-001-SEAC', 'ST-NOR', 'I', '12'),
('TT-001-SEAC', 'ST-NOR', 'I', '13'),
('TT-001-SEAC', 'ST-NOR', 'I', '14'),
('TT-001-SEAC', 'ST-NOR', 'I', '15'),
('TT-001-SEAC', 'ST-NOR', 'I', '16'),
('TT-001-SEAC', 'ST-NOR', 'I', '17'),
('TT-001-SEAC', 'ST-NOR', 'I', '18'),
('TT-001-SEAC', 'ST-NOR', 'I', '19'),
('TT-001-SEAC', 'ST-NOR', 'I', '2'),
('TT-001-SEAC', 'ST-NOR', 'I', '20'),
('TT-001-SEAC', 'ST-NOR', 'I', '21'),
('TT-001-SEAC', 'ST-NOR', 'I', '22'),
('TT-001-SEAC', 'ST-NOR', 'I', '3'),
('TT-001-SEAC', 'ST-NOR', 'I', '4'),
('TT-001-SEAC', 'ST-NOR', 'I', '5'),
('TT-001-SEAC', 'ST-NOR', 'I', '6'),
('TT-001-SEAC', 'ST-NOR', 'I', '7'),
('TT-001-SEAC', 'ST-NOR', 'I', '8'),
('TT-001-SEAC', 'ST-NOR', 'I', '9'),
('TT-001-SEAC', 'ST-NOR', 'J', '1'),
('TT-001-SEAC', 'ST-NOR', 'J', '10'),
('TT-001-SEAC', 'ST-NOR', 'J', '11'),
('TT-001-SEAC', 'ST-NOR', 'J', '12'),
('TT-001-SEAC', 'ST-NOR', 'J', '13'),
('TT-001-SEAC', 'ST-NOR', 'J', '14'),
('TT-001-SEAC', 'ST-NOR', 'J', '15'),
('TT-001-SEAC', 'ST-NOR', 'J', '16'),
('TT-001-SEAC', 'ST-NOR', 'J', '17'),
('TT-001-SEAC', 'ST-NOR', 'J', '18'),
('TT-001-SEAC', 'ST-NOR', 'J', '19'),
('TT-001-SEAC', 'ST-NOR', 'J', '2'),
('TT-001-SEAC', 'ST-NOR', 'J', '20'),
('TT-001-SEAC', 'ST-NOR', 'J', '21'),
('TT-001-SEAC', 'ST-NOR', 'J', '22'),
('TT-001-SEAC', 'ST-NOR', 'J', '3'),
('TT-001-SEAC', 'ST-NOR', 'J', '4'),
('TT-001-SEAC', 'ST-NOR', 'J', '5'),
('TT-001-SEAC', 'ST-NOR', 'J', '6'),
('TT-001-SEAC', 'ST-NOR', 'J', '7'),
('TT-001-SEAC', 'ST-NOR', 'J', '8'),
('TT-001-SEAC', 'ST-NOR', 'J', '9'),
('TT-001-SEAC', 'ST-NOR', 'K', '1'),
('TT-001-SEAC', 'ST-NOR', 'K', '10'),
('TT-001-SEAC', 'ST-NOR', 'K', '11'),
('TT-001-SEAC', 'ST-NOR', 'K', '12'),
('TT-001-SEAC', 'ST-NOR', 'K', '13'),
('TT-001-SEAC', 'ST-NOR', 'K', '14'),
('TT-001-SEAC', 'ST-NOR', 'K', '15'),
('TT-001-SEAC', 'ST-NOR', 'K', '16'),
('TT-001-SEAC', 'ST-NOR', 'K', '17'),
('TT-001-SEAC', 'ST-NOR', 'K', '18'),
('TT-001-SEAC', 'ST-NOR', 'K', '19'),
('TT-001-SEAC', 'ST-NOR', 'K', '2'),
('TT-001-SEAC', 'ST-NOR', 'K', '20'),
('TT-001-SEAC', 'ST-NOR', 'K', '21'),
('TT-001-SEAC', 'ST-NOR', 'K', '22'),
('TT-001-SEAC', 'ST-NOR', 'K', '3'),
('TT-001-SEAC', 'ST-NOR', 'K', '4'),
('TT-001-SEAC', 'ST-NOR', 'K', '5'),
('TT-001-SEAC', 'ST-NOR', 'K', '6'),
('TT-001-SEAC', 'ST-NOR', 'K', '7'),
('TT-001-SEAC', 'ST-NOR', 'K', '8'),
('TT-001-SEAC', 'ST-NOR', 'K', '9'),
('TT-001-SEAC', 'ST-NOR', 'L', '1'),
('TT-001-SEAC', 'ST-NOR', 'L', '10'),
('TT-001-SEAC', 'ST-NOR', 'L', '11'),
('TT-001-SEAC', 'ST-NOR', 'L', '12'),
('TT-001-SEAC', 'ST-NOR', 'L', '13'),
('TT-001-SEAC', 'ST-NOR', 'L', '14'),
('TT-001-SEAC', 'ST-NOR', 'L', '15'),
('TT-001-SEAC', 'ST-NOR', 'L', '16'),
('TT-001-SEAC', 'ST-NOR', 'L', '17'),
('TT-001-SEAC', 'ST-NOR', 'L', '18'),
('TT-001-SEAC', 'ST-NOR', 'L', '19'),
('TT-001-SEAC', 'ST-NOR', 'L', '2'),
('TT-001-SEAC', 'ST-NOR', 'L', '20'),
('TT-001-SEAC', 'ST-NOR', 'L', '21'),
('TT-001-SEAC', 'ST-NOR', 'L', '22'),
('TT-001-SEAC', 'ST-NOR', 'L', '3'),
('TT-001-SEAC', 'ST-NOR', 'L', '4'),
('TT-001-SEAC', 'ST-NOR', 'L', '5'),
('TT-001-SEAC', 'ST-NOR', 'L', '6'),
('TT-001-SEAC', 'ST-NOR', 'L', '7'),
('TT-001-SEAC', 'ST-NOR', 'L', '8'),
('TT-001-SEAC', 'ST-NOR', 'L', '9'),
('TT-001-SEAC', 'ST-NOR', 'M', '1'),
('TT-001-SEAC', 'ST-NOR', 'M', '10'),
('TT-001-SEAC', 'ST-NOR', 'M', '11'),
('TT-001-SEAC', 'ST-NOR', 'M', '12'),
('TT-001-SEAC', 'ST-NOR', 'M', '13'),
('TT-001-SEAC', 'ST-NOR', 'M', '14'),
('TT-001-SEAC', 'ST-NOR', 'M', '15'),
('TT-001-SEAC', 'ST-NOR', 'M', '16'),
('TT-001-SEAC', 'ST-NOR', 'M', '17'),
('TT-001-SEAC', 'ST-NOR', 'M', '18'),
('TT-001-SEAC', 'ST-NOR', 'M', '19'),
('TT-001-SEAC', 'ST-NOR', 'M', '2'),
('TT-001-SEAC', 'ST-NOR', 'M', '20'),
('TT-001-SEAC', 'ST-NOR', 'M', '21'),
('TT-001-SEAC', 'ST-NOR', 'M', '22'),
('TT-001-SEAC', 'ST-NOR', 'M', '3'),
('TT-001-SEAC', 'ST-NOR', 'M', '4'),
('TT-001-SEAC', 'ST-NOR', 'M', '5'),
('TT-001-SEAC', 'ST-NOR', 'M', '6'),
('TT-001-SEAC', 'ST-NOR', 'M', '7'),
('TT-001-SEAC', 'ST-NOR', 'M', '8'),
('TT-001-SEAC', 'ST-NOR', 'M', '9'),
('TT-001-SEAC', 'ST-PRM', 'A', '1'),
('TT-001-SEAC', 'ST-PRM', 'A', '10'),
('TT-001-SEAC', 'ST-PRM', 'A', '11'),
('TT-001-SEAC', 'ST-PRM', 'A', '12'),
('TT-001-SEAC', 'ST-PRM', 'A', '13'),
('TT-001-SEAC', 'ST-PRM', 'A', '14'),
('TT-001-SEAC', 'ST-PRM', 'A', '15'),
('TT-001-SEAC', 'ST-PRM', 'A', '2'),
('TT-001-SEAC', 'ST-PRM', 'A', '3'),
('TT-001-SEAC', 'ST-PRM', 'A', '4'),
('TT-001-SEAC', 'ST-PRM', 'A', '5'),
('TT-001-SEAC', 'ST-PRM', 'A', '6'),
('TT-001-SEAC', 'ST-PRM', 'A', '7'),
('TT-001-SEAC', 'ST-PRM', 'A', '8'),
('TT-001-SEAC', 'ST-PRM', 'A', '9'),
('TT-001-SEAC', 'ST-PRM', 'B', '1'),
('TT-001-SEAC', 'ST-PRM', 'B', '10'),
('TT-001-SEAC', 'ST-PRM', 'B', '11'),
('TT-001-SEAC', 'ST-PRM', 'B', '12'),
('TT-001-SEAC', 'ST-PRM', 'B', '13'),
('TT-001-SEAC', 'ST-PRM', 'B', '14'),
('TT-001-SEAC', 'ST-PRM', 'B', '15'),
('TT-001-SEAC', 'ST-PRM', 'B', '2'),
('TT-001-SEAC', 'ST-PRM', 'B', '3'),
('TT-001-SEAC', 'ST-PRM', 'B', '4'),
('TT-001-SEAC', 'ST-PRM', 'B', '5'),
('TT-001-SEAC', 'ST-PRM', 'B', '6'),
('TT-001-SEAC', 'ST-PRM', 'B', '7'),
('TT-001-SEAC', 'ST-PRM', 'B', '8'),
('TT-001-SEAC', 'ST-PRM', 'B', '9'),
('TT-001-SEAC', 'ST-PRM', 'C', '1'),
('TT-001-SEAC', 'ST-PRM', 'C', '10'),
('TT-001-SEAC', 'ST-PRM', 'C', '11'),
('TT-001-SEAC', 'ST-PRM', 'C', '12'),
('TT-001-SEAC', 'ST-PRM', 'C', '13'),
('TT-001-SEAC', 'ST-PRM', 'C', '14'),
('TT-001-SEAC', 'ST-PRM', 'C', '15'),
('TT-001-SEAC', 'ST-PRM', 'C', '2'),
('TT-001-SEAC', 'ST-PRM', 'C', '3'),
('TT-001-SEAC', 'ST-PRM', 'C', '4'),
('TT-001-SEAC', 'ST-PRM', 'C', '5'),
('TT-001-SEAC', 'ST-PRM', 'C', '6'),
('TT-001-SEAC', 'ST-PRM', 'C', '7'),
('TT-001-SEAC', 'ST-PRM', 'C', '8'),
('TT-001-SEAC', 'ST-PRM', 'C', '9'),
('TT-002-BCSP', 'ST-HNY', 'A', '1'),
('TT-002-BCSP', 'ST-HNY', 'A', '10'),
('TT-002-BCSP', 'ST-HNY', 'A', '11'),
('TT-002-BCSP', 'ST-HNY', 'A', '2'),
('TT-002-BCSP', 'ST-HNY', 'A', '3'),
('TT-002-BCSP', 'ST-HNY', 'A', '4'),
('TT-002-BCSP', 'ST-HNY', 'A', '5'),
('TT-002-BCSP', 'ST-HNY', 'A', '6'),
('TT-002-BCSP', 'ST-HNY', 'A', '7'),
('TT-002-BCSP', 'ST-HNY', 'A', '8'),
('TT-002-BCSP', 'ST-HNY', 'A', '9'),
('TT-002-BCSP', 'ST-HNY', 'B', '1'),
('TT-002-BCSP', 'ST-HNY', 'B', '10'),
('TT-002-BCSP', 'ST-HNY', 'B', '11'),
('TT-002-BCSP', 'ST-HNY', 'B', '12'),
('TT-002-BCSP', 'ST-HNY', 'B', '13'),
('TT-002-BCSP', 'ST-HNY', 'B', '14'),
('TT-002-BCSP', 'ST-HNY', 'B', '15'),
('TT-002-BCSP', 'ST-HNY', 'B', '16'),
('TT-002-BCSP', 'ST-HNY', 'B', '17'),
('TT-002-BCSP', 'ST-HNY', 'B', '2'),
('TT-002-BCSP', 'ST-HNY', 'B', '3'),
('TT-002-BCSP', 'ST-HNY', 'B', '4'),
('TT-002-BCSP', 'ST-HNY', 'B', '5'),
('TT-002-BCSP', 'ST-HNY', 'B', '6'),
('TT-002-BCSP', 'ST-HNY', 'B', '7'),
('TT-002-BCSP', 'ST-HNY', 'B', '8'),
('TT-002-BCSP', 'ST-HNY', 'B', '9'),
('TT-002-BCSP', 'ST-HNY', 'C', '1'),
('TT-002-BCSP', 'ST-HNY', 'C', '10'),
('TT-002-BCSP', 'ST-HNY', 'C', '11'),
('TT-002-BCSP', 'ST-HNY', 'C', '12'),
('TT-002-BCSP', 'ST-HNY', 'C', '13'),
('TT-002-BCSP', 'ST-HNY', 'C', '14'),
('TT-002-BCSP', 'ST-HNY', 'C', '15'),
('TT-002-BCSP', 'ST-HNY', 'C', '16'),
('TT-002-BCSP', 'ST-HNY', 'C', '17'),
('TT-002-BCSP', 'ST-HNY', 'C', '2'),
('TT-002-BCSP', 'ST-HNY', 'C', '3'),
('TT-002-BCSP', 'ST-HNY', 'C', '4'),
('TT-002-BCSP', 'ST-HNY', 'C', '5'),
('TT-002-BCSP', 'ST-HNY', 'C', '6'),
('TT-002-BCSP', 'ST-HNY', 'C', '7'),
('TT-002-BCSP', 'ST-HNY', 'C', '8'),
('TT-002-BCSP', 'ST-HNY', 'C', '9'),
('TT-002-BCSP', 'ST-NOR', 'D', '1'),
('TT-002-BCSP', 'ST-NOR', 'D', '10'),
('TT-002-BCSP', 'ST-NOR', 'D', '11'),
('TT-002-BCSP', 'ST-NOR', 'D', '12'),
('TT-002-BCSP', 'ST-NOR', 'D', '13'),
('TT-002-BCSP', 'ST-NOR', 'D', '14'),
('TT-002-BCSP', 'ST-NOR', 'D', '15'),
('TT-002-BCSP', 'ST-NOR', 'D', '16'),
('TT-002-BCSP', 'ST-NOR', 'D', '17'),
('TT-002-BCSP', 'ST-NOR', 'D', '2'),
('TT-002-BCSP', 'ST-NOR', 'D', '3'),
('TT-002-BCSP', 'ST-NOR', 'D', '4'),
('TT-002-BCSP', 'ST-NOR', 'D', '5'),
('TT-002-BCSP', 'ST-NOR', 'D', '6'),
('TT-002-BCSP', 'ST-NOR', 'D', '7'),
('TT-002-BCSP', 'ST-NOR', 'D', '8'),
('TT-002-BCSP', 'ST-NOR', 'D', '9'),
('TT-002-BCSP', 'ST-NOR', 'E', '1'),
('TT-002-BCSP', 'ST-NOR', 'E', '10'),
('TT-002-BCSP', 'ST-NOR', 'E', '11'),
('TT-002-BCSP', 'ST-NOR', 'E', '12'),
('TT-002-BCSP', 'ST-NOR', 'E', '13'),
('TT-002-BCSP', 'ST-NOR', 'E', '14'),
('TT-002-BCSP', 'ST-NOR', 'E', '15'),
('TT-002-BCSP', 'ST-NOR', 'E', '16'),
('TT-002-BCSP', 'ST-NOR', 'E', '17'),
('TT-002-BCSP', 'ST-NOR', 'E', '2'),
('TT-002-BCSP', 'ST-NOR', 'E', '3'),
('TT-002-BCSP', 'ST-NOR', 'E', '4'),
('TT-002-BCSP', 'ST-NOR', 'E', '5'),
('TT-002-BCSP', 'ST-NOR', 'E', '6'),
('TT-002-BCSP', 'ST-NOR', 'E', '7'),
('TT-002-BCSP', 'ST-NOR', 'E', '8'),
('TT-002-BCSP', 'ST-NOR', 'E', '9'),
('TT-002-BCSP', 'ST-NOR', 'F', '1'),
('TT-002-BCSP', 'ST-NOR', 'F', '10'),
('TT-002-BCSP', 'ST-NOR', 'F', '11'),
('TT-002-BCSP', 'ST-NOR', 'F', '12'),
('TT-002-BCSP', 'ST-NOR', 'F', '13'),
('TT-002-BCSP', 'ST-NOR', 'F', '14'),
('TT-002-BCSP', 'ST-NOR', 'F', '15'),
('TT-002-BCSP', 'ST-NOR', 'F', '16'),
('TT-002-BCSP', 'ST-NOR', 'F', '17'),
('TT-002-BCSP', 'ST-NOR', 'F', '2'),
('TT-002-BCSP', 'ST-NOR', 'F', '3'),
('TT-002-BCSP', 'ST-NOR', 'F', '4'),
('TT-002-BCSP', 'ST-NOR', 'F', '5'),
('TT-002-BCSP', 'ST-NOR', 'F', '6'),
('TT-002-BCSP', 'ST-NOR', 'F', '7'),
('TT-002-BCSP', 'ST-NOR', 'F', '8'),
('TT-002-BCSP', 'ST-NOR', 'F', '9'),
('TT-002-BCSP', 'ST-NOR', 'G', '1'),
('TT-002-BCSP', 'ST-NOR', 'G', '10'),
('TT-002-BCSP', 'ST-NOR', 'G', '11'),
('TT-002-BCSP', 'ST-NOR', 'G', '12'),
('TT-002-BCSP', 'ST-NOR', 'G', '13'),
('TT-002-BCSP', 'ST-NOR', 'G', '14'),
('TT-002-BCSP', 'ST-NOR', 'G', '15'),
('TT-002-BCSP', 'ST-NOR', 'G', '16'),
('TT-002-BCSP', 'ST-NOR', 'G', '17'),
('TT-002-BCSP', 'ST-NOR', 'G', '2'),
('TT-002-BCSP', 'ST-NOR', 'G', '3'),
('TT-002-BCSP', 'ST-NOR', 'G', '4'),
('TT-002-BCSP', 'ST-NOR', 'G', '5'),
('TT-002-BCSP', 'ST-NOR', 'G', '6'),
('TT-002-BCSP', 'ST-NOR', 'G', '7'),
('TT-002-BCSP', 'ST-NOR', 'G', '8'),
('TT-002-BCSP', 'ST-NOR', 'G', '9'),
('TT-002-BCSP', 'ST-NOR', 'H', '1'),
('TT-002-BCSP', 'ST-NOR', 'H', '10'),
('TT-002-BCSP', 'ST-NOR', 'H', '11'),
('TT-002-BCSP', 'ST-NOR', 'H', '12'),
('TT-002-BCSP', 'ST-NOR', 'H', '13'),
('TT-002-BCSP', 'ST-NOR', 'H', '14'),
('TT-002-BCSP', 'ST-NOR', 'H', '15'),
('TT-002-BCSP', 'ST-NOR', 'H', '16'),
('TT-002-BCSP', 'ST-NOR', 'H', '17'),
('TT-002-BCSP', 'ST-NOR', 'H', '2'),
('TT-002-BCSP', 'ST-NOR', 'H', '3'),
('TT-002-BCSP', 'ST-NOR', 'H', '4'),
('TT-002-BCSP', 'ST-NOR', 'H', '5'),
('TT-002-BCSP', 'ST-NOR', 'H', '6'),
('TT-002-BCSP', 'ST-NOR', 'H', '7'),
('TT-002-BCSP', 'ST-NOR', 'H', '8'),
('TT-002-BCSP', 'ST-NOR', 'H', '9'),
('TT-002-BCSP', 'ST-NOR', 'I', '1'),
('TT-002-BCSP', 'ST-NOR', 'I', '10'),
('TT-002-BCSP', 'ST-NOR', 'I', '11'),
('TT-002-BCSP', 'ST-NOR', 'I', '12'),
('TT-002-BCSP', 'ST-NOR', 'I', '13'),
('TT-002-BCSP', 'ST-NOR', 'I', '14'),
('TT-002-BCSP', 'ST-NOR', 'I', '15'),
('TT-002-BCSP', 'ST-NOR', 'I', '16'),
('TT-002-BCSP', 'ST-NOR', 'I', '17'),
('TT-002-BCSP', 'ST-NOR', 'I', '2'),
('TT-002-BCSP', 'ST-NOR', 'I', '3'),
('TT-002-BCSP', 'ST-NOR', 'I', '4'),
('TT-002-BCSP', 'ST-NOR', 'I', '5'),
('TT-002-BCSP', 'ST-NOR', 'I', '6'),
('TT-002-BCSP', 'ST-NOR', 'I', '7'),
('TT-002-BCSP', 'ST-NOR', 'I', '8'),
('TT-002-BCSP', 'ST-NOR', 'I', '9'),
('TT-002-BCSP', 'ST-NOR', 'J', '1'),
('TT-002-BCSP', 'ST-NOR', 'J', '10'),
('TT-002-BCSP', 'ST-NOR', 'J', '11'),
('TT-002-BCSP', 'ST-NOR', 'J', '12'),
('TT-002-BCSP', 'ST-NOR', 'J', '13'),
('TT-002-BCSP', 'ST-NOR', 'J', '14'),
('TT-002-BCSP', 'ST-NOR', 'J', '15'),
('TT-002-BCSP', 'ST-NOR', 'J', '16'),
('TT-002-BCSP', 'ST-NOR', 'J', '17'),
('TT-002-BCSP', 'ST-NOR', 'J', '2'),
('TT-002-BCSP', 'ST-NOR', 'J', '3'),
('TT-002-BCSP', 'ST-NOR', 'J', '4'),
('TT-002-BCSP', 'ST-NOR', 'J', '5'),
('TT-002-BCSP', 'ST-NOR', 'J', '6'),
('TT-002-BCSP', 'ST-NOR', 'J', '7'),
('TT-002-BCSP', 'ST-NOR', 'J', '8'),
('TT-002-BCSP', 'ST-NOR', 'J', '9'),
('TT-002-BCSP', 'ST-NOR', 'K', '1'),
('TT-002-BCSP', 'ST-NOR', 'K', '10'),
('TT-002-BCSP', 'ST-NOR', 'K', '2'),
('TT-002-BCSP', 'ST-NOR', 'K', '3'),
('TT-002-BCSP', 'ST-NOR', 'K', '4'),
('TT-002-BCSP', 'ST-NOR', 'K', '5'),
('TT-002-BCSP', 'ST-NOR', 'K', '6'),
('TT-002-BCSP', 'ST-NOR', 'K', '7'),
('TT-002-BCSP', 'ST-NOR', 'K', '8'),
('TT-002-BCSP', 'ST-NOR', 'K', '9'),
('TT-002-CMAP', 'ST-HNY', 'A', '01'),
('TT-002-CMAP', 'ST-HNY', 'A', '02'),
('TT-002-CMAP', 'ST-HNY', 'A', '03'),
('TT-002-CMAP', 'ST-HNY', 'A', '04'),
('TT-002-CMAP', 'ST-HNY', 'A', '05'),
('TT-002-CMAP', 'ST-HNY', 'A', '06'),
('TT-002-CMAP', 'ST-HNY', 'A', '07'),
('TT-002-CMAP', 'ST-HNY', 'A', '08'),
('TT-002-CMAP', 'ST-HNY', 'A', '09'),
('TT-002-CMAP', 'ST-HNY', 'A', '10'),
('TT-002-CMAP', 'ST-HNY', 'A', '11'),
('TT-002-CMAP', 'ST-HNY', 'A', '12'),
('TT-002-CMAP', 'ST-HNY', 'A', '13'),
('TT-002-CMAP', 'ST-HNY', 'A', '14'),
('TT-002-CMAP', 'ST-HNY', 'A', '15'),
('TT-002-CMAP', 'ST-HNY', 'A', '16'),
('TT-002-CMAP', 'ST-HNY', 'A', '17'),
('TT-002-CMAP', 'ST-HNY', 'B', '01'),
('TT-002-CMAP', 'ST-HNY', 'B', '02'),
('TT-002-CMAP', 'ST-HNY', 'B', '03'),
('TT-002-CMAP', 'ST-HNY', 'B', '04'),
('TT-002-CMAP', 'ST-HNY', 'B', '05'),
('TT-002-CMAP', 'ST-HNY', 'B', '06'),
('TT-002-CMAP', 'ST-HNY', 'B', '07'),
('TT-002-CMAP', 'ST-HNY', 'B', '08'),
('TT-002-CMAP', 'ST-HNY', 'B', '09'),
('TT-002-CMAP', 'ST-HNY', 'B', '10'),
('TT-002-CMAP', 'ST-HNY', 'B', '11'),
('TT-002-CMAP', 'ST-HNY', 'B', '12'),
('TT-002-CMAP', 'ST-HNY', 'B', '13'),
('TT-002-CMAP', 'ST-HNY', 'B', '14'),
('TT-002-CMAP', 'ST-HNY', 'B', '15'),
('TT-002-CMAP', 'ST-HNY', 'B', '16'),
('TT-002-CMAP', 'ST-HNY', 'B', '17'),
('TT-002-CMAP', 'ST-HNY', 'C', '01'),
('TT-002-CMAP', 'ST-HNY', 'C', '02'),
('TT-002-CMAP', 'ST-HNY', 'C', '03'),
('TT-002-CMAP', 'ST-HNY', 'C', '04'),
('TT-002-CMAP', 'ST-HNY', 'C', '05'),
('TT-002-CMAP', 'ST-HNY', 'C', '06'),
('TT-002-CMAP', 'ST-HNY', 'C', '07'),
('TT-002-CMAP', 'ST-HNY', 'C', '08'),
('TT-002-CMAP', 'ST-HNY', 'C', '09'),
('TT-002-CMAP', 'ST-HNY', 'C', '10'),
('TT-002-CMAP', 'ST-HNY', 'C', '11'),
('TT-002-CMAP', 'ST-HNY', 'C', '12'),
('TT-002-CMAP', 'ST-HNY', 'C', '13'),
('TT-002-CMAP', 'ST-HNY', 'C', '14'),
('TT-002-CMAP', 'ST-HNY', 'C', '15'),
('TT-002-CMAP', 'ST-HNY', 'C', '16'),
('TT-002-CMAP', 'ST-HNY', 'C', '17'),
('TT-002-CMAP', 'ST-NOR', 'D', '01'),
('TT-002-CMAP', 'ST-NOR', 'D', '02'),
('TT-002-CMAP', 'ST-NOR', 'D', '03'),
('TT-002-CMAP', 'ST-NOR', 'D', '04'),
('TT-002-CMAP', 'ST-NOR', 'D', '05'),
('TT-002-CMAP', 'ST-NOR', 'D', '06'),
('TT-002-CMAP', 'ST-NOR', 'D', '07'),
('TT-002-CMAP', 'ST-NOR', 'D', '08'),
('TT-002-CMAP', 'ST-NOR', 'D', '09'),
('TT-002-CMAP', 'ST-NOR', 'D', '10'),
('TT-002-CMAP', 'ST-NOR', 'D', '11'),
('TT-002-CMAP', 'ST-NOR', 'D', '12'),
('TT-002-CMAP', 'ST-NOR', 'D', '13'),
('TT-002-CMAP', 'ST-NOR', 'D', '14'),
('TT-002-CMAP', 'ST-NOR', 'D', '15'),
('TT-002-CMAP', 'ST-NOR', 'D', '16'),
('TT-002-CMAP', 'ST-NOR', 'D', '17'),
('TT-002-CMAP', 'ST-NOR', 'E', '01'),
('TT-002-CMAP', 'ST-NOR', 'E', '02'),
('TT-002-CMAP', 'ST-NOR', 'E', '03'),
('TT-002-CMAP', 'ST-NOR', 'E', '04'),
('TT-002-CMAP', 'ST-NOR', 'E', '05'),
('TT-002-CMAP', 'ST-NOR', 'E', '06'),
('TT-002-CMAP', 'ST-NOR', 'E', '07'),
('TT-002-CMAP', 'ST-NOR', 'E', '08'),
('TT-002-CMAP', 'ST-NOR', 'E', '09'),
('TT-002-CMAP', 'ST-NOR', 'E', '10'),
('TT-002-CMAP', 'ST-NOR', 'E', '11'),
('TT-002-CMAP', 'ST-NOR', 'E', '12'),
('TT-002-CMAP', 'ST-NOR', 'E', '13'),
('TT-002-CMAP', 'ST-NOR', 'E', '14'),
('TT-002-CMAP', 'ST-NOR', 'E', '15'),
('TT-002-CMAP', 'ST-NOR', 'E', '16'),
('TT-002-CMAP', 'ST-NOR', 'E', '17'),
('TT-002-CMAP', 'ST-NOR', 'F', '01'),
('TT-002-CMAP', 'ST-NOR', 'F', '02'),
('TT-002-CMAP', 'ST-NOR', 'F', '03'),
('TT-002-CMAP', 'ST-NOR', 'F', '04'),
('TT-002-CMAP', 'ST-NOR', 'F', '05'),
('TT-002-CMAP', 'ST-NOR', 'F', '06'),
('TT-002-CMAP', 'ST-NOR', 'F', '07'),
('TT-002-CMAP', 'ST-NOR', 'F', '08'),
('TT-002-CMAP', 'ST-NOR', 'F', '09'),
('TT-002-CMAP', 'ST-NOR', 'F', '10'),
('TT-002-CMAP', 'ST-NOR', 'F', '11'),
('TT-002-CMAP', 'ST-NOR', 'F', '12'),
('TT-002-CMAP', 'ST-NOR', 'F', '13'),
('TT-002-CMAP', 'ST-NOR', 'F', '14'),
('TT-002-CMAP', 'ST-NOR', 'F', '15'),
('TT-002-CMAP', 'ST-NOR', 'F', '16'),
('TT-002-CMAP', 'ST-NOR', 'F', '17'),
('TT-002-CMAP', 'ST-NOR', 'G', '01'),
('TT-002-CMAP', 'ST-NOR', 'G', '02'),
('TT-002-CMAP', 'ST-NOR', 'G', '03'),
('TT-002-CMAP', 'ST-NOR', 'G', '04'),
('TT-002-CMAP', 'ST-NOR', 'G', '05'),
('TT-002-CMAP', 'ST-NOR', 'G', '06'),
('TT-002-CMAP', 'ST-NOR', 'G', '07'),
('TT-002-CMAP', 'ST-NOR', 'G', '08'),
('TT-002-CMAP', 'ST-NOR', 'G', '09'),
('TT-002-CMAP', 'ST-NOR', 'G', '10'),
('TT-002-CMAP', 'ST-NOR', 'G', '11'),
('TT-002-CMAP', 'ST-NOR', 'G', '12'),
('TT-002-CMAP', 'ST-NOR', 'G', '13'),
('TT-002-CMAP', 'ST-NOR', 'G', '14'),
('TT-002-CMAP', 'ST-NOR', 'G', '15'),
('TT-002-CMAP', 'ST-NOR', 'G', '16'),
('TT-002-CMAP', 'ST-NOR', 'G', '17'),
('TT-002-CMAP', 'ST-NOR', 'H', '01'),
('TT-002-CMAP', 'ST-NOR', 'H', '02'),
('TT-002-CMAP', 'ST-NOR', 'H', '03'),
('TT-002-CMAP', 'ST-NOR', 'H', '04'),
('TT-002-CMAP', 'ST-NOR', 'H', '05'),
('TT-002-CMAP', 'ST-NOR', 'H', '06'),
('TT-002-CMAP', 'ST-NOR', 'H', '07'),
('TT-002-CMAP', 'ST-NOR', 'H', '08'),
('TT-002-CMAP', 'ST-NOR', 'H', '09'),
('TT-002-CMAP', 'ST-NOR', 'H', '10'),
('TT-002-CMAP', 'ST-NOR', 'H', '11'),
('TT-002-CMAP', 'ST-NOR', 'H', '12'),
('TT-002-CMAP', 'ST-NOR', 'H', '13'),
('TT-002-CMAP', 'ST-NOR', 'H', '14'),
('TT-002-CMAP', 'ST-NOR', 'H', '15'),
('TT-002-CMAP', 'ST-NOR', 'H', '16'),
('TT-002-CMAP', 'ST-NOR', 'H', '17'),
('TT-002-CMAP', 'ST-NOR', 'I', '01'),
('TT-002-CMAP', 'ST-NOR', 'I', '02'),
('TT-002-CMAP', 'ST-NOR', 'I', '03'),
('TT-002-CMAP', 'ST-NOR', 'I', '04'),
('TT-002-CMAP', 'ST-NOR', 'I', '05'),
('TT-002-CMAP', 'ST-NOR', 'I', '06'),
('TT-002-CMAP', 'ST-NOR', 'I', '07'),
('TT-002-CMAP', 'ST-NOR', 'I', '08'),
('TT-002-CMAP', 'ST-NOR', 'I', '09'),
('TT-002-CMAP', 'ST-NOR', 'I', '10'),
('TT-002-CMAP', 'ST-NOR', 'I', '11'),
('TT-002-CMAP', 'ST-NOR', 'I', '12'),
('TT-002-CMAP', 'ST-NOR', 'I', '13'),
('TT-002-CMAP', 'ST-NOR', 'I', '14'),
('TT-002-CMAP', 'ST-NOR', 'I', '15'),
('TT-002-CMAP', 'ST-NOR', 'I', '16'),
('TT-002-CMAP', 'ST-NOR', 'I', '17'),
('TT-002-CTCR', 'ST-HNY', 'A', '1'),
('TT-002-CTCR', 'ST-HNY', 'A', '10'),
('TT-002-CTCR', 'ST-HNY', 'A', '11'),
('TT-002-CTCR', 'ST-HNY', 'A', '12'),
('TT-002-CTCR', 'ST-HNY', 'A', '13'),
('TT-002-CTCR', 'ST-HNY', 'A', '14'),
('TT-002-CTCR', 'ST-HNY', 'A', '15'),
('TT-002-CTCR', 'ST-HNY', 'A', '16'),
('TT-002-CTCR', 'ST-HNY', 'A', '17'),
('TT-002-CTCR', 'ST-HNY', 'A', '18'),
('TT-002-CTCR', 'ST-HNY', 'A', '19'),
('TT-002-CTCR', 'ST-HNY', 'A', '2'),
('TT-002-CTCR', 'ST-HNY', 'A', '20'),
('TT-002-CTCR', 'ST-HNY', 'A', '21'),
('TT-002-CTCR', 'ST-HNY', 'A', '22'),
('TT-002-CTCR', 'ST-HNY', 'A', '3'),
('TT-002-CTCR', 'ST-HNY', 'A', '4'),
('TT-002-CTCR', 'ST-HNY', 'A', '5'),
('TT-002-CTCR', 'ST-HNY', 'A', '6'),
('TT-002-CTCR', 'ST-HNY', 'A', '7'),
('TT-002-CTCR', 'ST-HNY', 'A', '8'),
('TT-002-CTCR', 'ST-HNY', 'A', '9'),
('TT-002-CTCR', 'ST-HNY', 'B', '1'),
('TT-002-CTCR', 'ST-HNY', 'B', '10'),
('TT-002-CTCR', 'ST-HNY', 'B', '11'),
('TT-002-CTCR', 'ST-HNY', 'B', '12'),
('TT-002-CTCR', 'ST-HNY', 'B', '13'),
('TT-002-CTCR', 'ST-HNY', 'B', '14'),
('TT-002-CTCR', 'ST-HNY', 'B', '15'),
('TT-002-CTCR', 'ST-HNY', 'B', '16'),
('TT-002-CTCR', 'ST-HNY', 'B', '17'),
('TT-002-CTCR', 'ST-HNY', 'B', '18'),
('TT-002-CTCR', 'ST-HNY', 'B', '19'),
('TT-002-CTCR', 'ST-HNY', 'B', '2'),
('TT-002-CTCR', 'ST-HNY', 'B', '20'),
('TT-002-CTCR', 'ST-HNY', 'B', '21'),
('TT-002-CTCR', 'ST-HNY', 'B', '22'),
('TT-002-CTCR', 'ST-HNY', 'B', '3'),
('TT-002-CTCR', 'ST-HNY', 'B', '4'),
('TT-002-CTCR', 'ST-HNY', 'B', '5'),
('TT-002-CTCR', 'ST-HNY', 'B', '6'),
('TT-002-CTCR', 'ST-HNY', 'B', '7'),
('TT-002-CTCR', 'ST-HNY', 'B', '8'),
('TT-002-CTCR', 'ST-HNY', 'B', '9'),
('TT-002-CTCR', 'ST-HNY', 'C', '1'),
('TT-002-CTCR', 'ST-HNY', 'C', '10'),
('TT-002-CTCR', 'ST-HNY', 'C', '11'),
('TT-002-CTCR', 'ST-HNY', 'C', '12'),
('TT-002-CTCR', 'ST-HNY', 'C', '13'),
('TT-002-CTCR', 'ST-HNY', 'C', '14'),
('TT-002-CTCR', 'ST-HNY', 'C', '15'),
('TT-002-CTCR', 'ST-HNY', 'C', '16'),
('TT-002-CTCR', 'ST-HNY', 'C', '17'),
('TT-002-CTCR', 'ST-HNY', 'C', '18'),
('TT-002-CTCR', 'ST-HNY', 'C', '19'),
('TT-002-CTCR', 'ST-HNY', 'C', '2'),
('TT-002-CTCR', 'ST-HNY', 'C', '20'),
('TT-002-CTCR', 'ST-HNY', 'C', '21'),
('TT-002-CTCR', 'ST-HNY', 'C', '22'),
('TT-002-CTCR', 'ST-HNY', 'C', '3'),
('TT-002-CTCR', 'ST-HNY', 'C', '4'),
('TT-002-CTCR', 'ST-HNY', 'C', '5'),
('TT-002-CTCR', 'ST-HNY', 'C', '6'),
('TT-002-CTCR', 'ST-HNY', 'C', '7'),
('TT-002-CTCR', 'ST-HNY', 'C', '8'),
('TT-002-CTCR', 'ST-HNY', 'C', '9'),
('TT-002-CTCR', 'ST-NOR', 'D', '1'),
('TT-002-CTCR', 'ST-NOR', 'D', '10'),
('TT-002-CTCR', 'ST-NOR', 'D', '11'),
('TT-002-CTCR', 'ST-NOR', 'D', '12'),
('TT-002-CTCR', 'ST-NOR', 'D', '13'),
('TT-002-CTCR', 'ST-NOR', 'D', '14'),
('TT-002-CTCR', 'ST-NOR', 'D', '15'),
('TT-002-CTCR', 'ST-NOR', 'D', '16'),
('TT-002-CTCR', 'ST-NOR', 'D', '17'),
('TT-002-CTCR', 'ST-NOR', 'D', '18'),
('TT-002-CTCR', 'ST-NOR', 'D', '19'),
('TT-002-CTCR', 'ST-NOR', 'D', '2'),
('TT-002-CTCR', 'ST-NOR', 'D', '20'),
('TT-002-CTCR', 'ST-NOR', 'D', '21'),
('TT-002-CTCR', 'ST-NOR', 'D', '22'),
('TT-002-CTCR', 'ST-NOR', 'D', '3'),
('TT-002-CTCR', 'ST-NOR', 'D', '4'),
('TT-002-CTCR', 'ST-NOR', 'D', '5'),
('TT-002-CTCR', 'ST-NOR', 'D', '6'),
('TT-002-CTCR', 'ST-NOR', 'D', '7'),
('TT-002-CTCR', 'ST-NOR', 'D', '8'),
('TT-002-CTCR', 'ST-NOR', 'D', '9'),
('TT-002-CTCR', 'ST-NOR', 'E', '1'),
('TT-002-CTCR', 'ST-NOR', 'E', '10'),
('TT-002-CTCR', 'ST-NOR', 'E', '11'),
('TT-002-CTCR', 'ST-NOR', 'E', '12'),
('TT-002-CTCR', 'ST-NOR', 'E', '13'),
('TT-002-CTCR', 'ST-NOR', 'E', '14'),
('TT-002-CTCR', 'ST-NOR', 'E', '15'),
('TT-002-CTCR', 'ST-NOR', 'E', '16'),
('TT-002-CTCR', 'ST-NOR', 'E', '17'),
('TT-002-CTCR', 'ST-NOR', 'E', '18'),
('TT-002-CTCR', 'ST-NOR', 'E', '19'),
('TT-002-CTCR', 'ST-NOR', 'E', '2'),
('TT-002-CTCR', 'ST-NOR', 'E', '20'),
('TT-002-CTCR', 'ST-NOR', 'E', '21'),
('TT-002-CTCR', 'ST-NOR', 'E', '22'),
('TT-002-CTCR', 'ST-NOR', 'E', '3'),
('TT-002-CTCR', 'ST-NOR', 'E', '4'),
('TT-002-CTCR', 'ST-NOR', 'E', '5'),
('TT-002-CTCR', 'ST-NOR', 'E', '6'),
('TT-002-CTCR', 'ST-NOR', 'E', '7'),
('TT-002-CTCR', 'ST-NOR', 'E', '8'),
('TT-002-CTCR', 'ST-NOR', 'E', '9'),
('TT-002-CTCR', 'ST-NOR', 'F', '1'),
('TT-002-CTCR', 'ST-NOR', 'F', '10'),
('TT-002-CTCR', 'ST-NOR', 'F', '11'),
('TT-002-CTCR', 'ST-NOR', 'F', '12'),
('TT-002-CTCR', 'ST-NOR', 'F', '13'),
('TT-002-CTCR', 'ST-NOR', 'F', '14'),
('TT-002-CTCR', 'ST-NOR', 'F', '15'),
('TT-002-CTCR', 'ST-NOR', 'F', '16'),
('TT-002-CTCR', 'ST-NOR', 'F', '17'),
('TT-002-CTCR', 'ST-NOR', 'F', '18'),
('TT-002-CTCR', 'ST-NOR', 'F', '19'),
('TT-002-CTCR', 'ST-NOR', 'F', '2'),
('TT-002-CTCR', 'ST-NOR', 'F', '20'),
('TT-002-CTCR', 'ST-NOR', 'F', '21'),
('TT-002-CTCR', 'ST-NOR', 'F', '22'),
('TT-002-CTCR', 'ST-NOR', 'F', '3'),
('TT-002-CTCR', 'ST-NOR', 'F', '4'),
('TT-002-CTCR', 'ST-NOR', 'F', '5'),
('TT-002-CTCR', 'ST-NOR', 'F', '6'),
('TT-002-CTCR', 'ST-NOR', 'F', '7'),
('TT-002-CTCR', 'ST-NOR', 'F', '8'),
('TT-002-CTCR', 'ST-NOR', 'F', '9'),
('TT-002-CTCR', 'ST-NOR', 'G', '1'),
('TT-002-CTCR', 'ST-NOR', 'G', '10'),
('TT-002-CTCR', 'ST-NOR', 'G', '11'),
('TT-002-CTCR', 'ST-NOR', 'G', '12'),
('TT-002-CTCR', 'ST-NOR', 'G', '13'),
('TT-002-CTCR', 'ST-NOR', 'G', '14'),
('TT-002-CTCR', 'ST-NOR', 'G', '15'),
('TT-002-CTCR', 'ST-NOR', 'G', '16'),
('TT-002-CTCR', 'ST-NOR', 'G', '17'),
('TT-002-CTCR', 'ST-NOR', 'G', '18'),
('TT-002-CTCR', 'ST-NOR', 'G', '19'),
('TT-002-CTCR', 'ST-NOR', 'G', '2'),
('TT-002-CTCR', 'ST-NOR', 'G', '20'),
('TT-002-CTCR', 'ST-NOR', 'G', '21'),
('TT-002-CTCR', 'ST-NOR', 'G', '22'),
('TT-002-CTCR', 'ST-NOR', 'G', '3'),
('TT-002-CTCR', 'ST-NOR', 'G', '4'),
('TT-002-CTCR', 'ST-NOR', 'G', '5'),
('TT-002-CTCR', 'ST-NOR', 'G', '6'),
('TT-002-CTCR', 'ST-NOR', 'G', '7'),
('TT-002-CTCR', 'ST-NOR', 'G', '8'),
('TT-002-CTCR', 'ST-NOR', 'G', '9'),
('TT-002-CTCR', 'ST-NOR', 'H', '1'),
('TT-002-CTCR', 'ST-NOR', 'H', '10'),
('TT-002-CTCR', 'ST-NOR', 'H', '11'),
('TT-002-CTCR', 'ST-NOR', 'H', '12'),
('TT-002-CTCR', 'ST-NOR', 'H', '13'),
('TT-002-CTCR', 'ST-NOR', 'H', '14'),
('TT-002-CTCR', 'ST-NOR', 'H', '15'),
('TT-002-CTCR', 'ST-NOR', 'H', '16'),
('TT-002-CTCR', 'ST-NOR', 'H', '17'),
('TT-002-CTCR', 'ST-NOR', 'H', '18'),
('TT-002-CTCR', 'ST-NOR', 'H', '19'),
('TT-002-CTCR', 'ST-NOR', 'H', '2'),
('TT-002-CTCR', 'ST-NOR', 'H', '20'),
('TT-002-CTCR', 'ST-NOR', 'H', '21'),
('TT-002-CTCR', 'ST-NOR', 'H', '22'),
('TT-002-CTCR', 'ST-NOR', 'H', '3'),
('TT-002-CTCR', 'ST-NOR', 'H', '4'),
('TT-002-CTCR', 'ST-NOR', 'H', '5'),
('TT-002-CTCR', 'ST-NOR', 'H', '6'),
('TT-002-CTCR', 'ST-NOR', 'H', '7'),
('TT-002-CTCR', 'ST-NOR', 'H', '8'),
('TT-002-CTCR', 'ST-NOR', 'H', '9'),
('TT-002-CTCR', 'ST-NOR', 'I', '1'),
('TT-002-CTCR', 'ST-NOR', 'I', '10'),
('TT-002-CTCR', 'ST-NOR', 'I', '11'),
('TT-002-CTCR', 'ST-NOR', 'I', '12'),
('TT-002-CTCR', 'ST-NOR', 'I', '13'),
('TT-002-CTCR', 'ST-NOR', 'I', '14'),
('TT-002-CTCR', 'ST-NOR', 'I', '15'),
('TT-002-CTCR', 'ST-NOR', 'I', '16'),
('TT-002-CTCR', 'ST-NOR', 'I', '17'),
('TT-002-CTCR', 'ST-NOR', 'I', '18'),
('TT-002-CTCR', 'ST-NOR', 'I', '19'),
('TT-002-CTCR', 'ST-NOR', 'I', '2'),
('TT-002-CTCR', 'ST-NOR', 'I', '20'),
('TT-002-CTCR', 'ST-NOR', 'I', '21'),
('TT-002-CTCR', 'ST-NOR', 'I', '22'),
('TT-002-CTCR', 'ST-NOR', 'I', '3'),
('TT-002-CTCR', 'ST-NOR', 'I', '4'),
('TT-002-CTCR', 'ST-NOR', 'I', '5'),
('TT-002-CTCR', 'ST-NOR', 'I', '6'),
('TT-002-CTCR', 'ST-NOR', 'I', '7'),
('TT-002-CTCR', 'ST-NOR', 'I', '8'),
('TT-002-CTCR', 'ST-NOR', 'I', '9'),
('TT-002-CTCR', 'ST-NOR', 'J', '1'),
('TT-002-CTCR', 'ST-NOR', 'J', '10'),
('TT-002-CTCR', 'ST-NOR', 'J', '11'),
('TT-002-CTCR', 'ST-NOR', 'J', '12'),
('TT-002-CTCR', 'ST-NOR', 'J', '13'),
('TT-002-CTCR', 'ST-NOR', 'J', '14'),
('TT-002-CTCR', 'ST-NOR', 'J', '15'),
('TT-002-CTCR', 'ST-NOR', 'J', '16'),
('TT-002-CTCR', 'ST-NOR', 'J', '17'),
('TT-002-CTCR', 'ST-NOR', 'J', '18'),
('TT-002-CTCR', 'ST-NOR', 'J', '19'),
('TT-002-CTCR', 'ST-NOR', 'J', '2'),
('TT-002-CTCR', 'ST-NOR', 'J', '20'),
('TT-002-CTCR', 'ST-NOR', 'J', '21'),
('TT-002-CTCR', 'ST-NOR', 'J', '22'),
('TT-002-CTCR', 'ST-NOR', 'J', '3'),
('TT-002-CTCR', 'ST-NOR', 'J', '4'),
('TT-002-CTCR', 'ST-NOR', 'J', '5'),
('TT-002-CTCR', 'ST-NOR', 'J', '6'),
('TT-002-CTCR', 'ST-NOR', 'J', '7'),
('TT-002-CTCR', 'ST-NOR', 'J', '8'),
('TT-002-CTCR', 'ST-NOR', 'J', '9'),
('TT-002-CTCR', 'ST-NOR', 'K', '1'),
('TT-002-CTCR', 'ST-NOR', 'K', '10'),
('TT-002-CTCR', 'ST-NOR', 'K', '11'),
('TT-002-CTCR', 'ST-NOR', 'K', '12'),
('TT-002-CTCR', 'ST-NOR', 'K', '13'),
('TT-002-CTCR', 'ST-NOR', 'K', '14'),
('TT-002-CTCR', 'ST-NOR', 'K', '15'),
('TT-002-CTCR', 'ST-NOR', 'K', '16'),
('TT-002-CTCR', 'ST-NOR', 'K', '17'),
('TT-002-CTCR', 'ST-NOR', 'K', '18'),
('TT-002-CTCR', 'ST-NOR', 'K', '19'),
('TT-002-CTCR', 'ST-NOR', 'K', '2'),
('TT-002-CTCR', 'ST-NOR', 'K', '20'),
('TT-002-CTCR', 'ST-NOR', 'K', '21'),
('TT-002-CTCR', 'ST-NOR', 'K', '22'),
('TT-002-CTCR', 'ST-NOR', 'K', '3'),
('TT-002-CTCR', 'ST-NOR', 'K', '4'),
('TT-002-CTCR', 'ST-NOR', 'K', '5'),
('TT-002-CTCR', 'ST-NOR', 'K', '6'),
('TT-002-CTCR', 'ST-NOR', 'K', '7'),
('TT-002-CTCR', 'ST-NOR', 'K', '8'),
('TT-002-CTCR', 'ST-NOR', 'K', '9'),
('TT-002-CTCR', 'ST-NOR', 'L', '1'),
('TT-002-CTCR', 'ST-NOR', 'L', '10'),
('TT-002-CTCR', 'ST-NOR', 'L', '11'),
('TT-002-CTCR', 'ST-NOR', 'L', '12'),
('TT-002-CTCR', 'ST-NOR', 'L', '13'),
('TT-002-CTCR', 'ST-NOR', 'L', '14'),
('TT-002-CTCR', 'ST-NOR', 'L', '15'),
('TT-002-CTCR', 'ST-NOR', 'L', '16'),
('TT-002-CTCR', 'ST-NOR', 'L', '17'),
('TT-002-CTCR', 'ST-NOR', 'L', '18'),
('TT-002-CTCR', 'ST-NOR', 'L', '19'),
('TT-002-CTCR', 'ST-NOR', 'L', '2'),
('TT-002-CTCR', 'ST-NOR', 'L', '20'),
('TT-002-CTCR', 'ST-NOR', 'L', '21'),
('TT-002-CTCR', 'ST-NOR', 'L', '22'),
('TT-002-CTCR', 'ST-NOR', 'L', '3'),
('TT-002-CTCR', 'ST-NOR', 'L', '4'),
('TT-002-CTCR', 'ST-NOR', 'L', '5'),
('TT-002-CTCR', 'ST-NOR', 'L', '6'),
('TT-002-CTCR', 'ST-NOR', 'L', '7'),
('TT-002-CTCR', 'ST-NOR', 'L', '8'),
('TT-002-CTCR', 'ST-NOR', 'L', '9'),
('TT-002-CTCR', 'ST-OPR', 'AA', '1'),
('TT-002-CTCR', 'ST-OPR', 'AA', '10'),
('TT-002-CTCR', 'ST-OPR', 'AA', '2'),
('TT-002-CTCR', 'ST-OPR', 'AA', '3'),
('TT-002-CTCR', 'ST-OPR', 'AA', '4'),
('TT-002-CTCR', 'ST-OPR', 'AA', '5'),
('TT-002-CTCR', 'ST-OPR', 'AA', '6'),
('TT-002-CTCR', 'ST-OPR', 'AA', '7'),
('TT-002-CTCR', 'ST-OPR', 'AA', '8'),
('TT-002-CTCR', 'ST-OPR', 'AA', '9'),
('TT-002-ESCR', 'ST-ULT', 'A', '1'),
('TT-002-ESCR', 'ST-ULT', 'A', '2'),
('TT-002-ESCR', 'ST-ULT', 'A', '3'),
('TT-002-ESCR', 'ST-ULT', 'A', '4'),
('TT-002-ESCR', 'ST-ULT', 'A', '5'),
('TT-002-ESCR', 'ST-ULT', 'A', '6'),
('TT-002-ESCR', 'ST-ULT', 'B', '1'),
('TT-002-ESCR', 'ST-ULT', 'B', '2'),
('TT-002-ESCR', 'ST-ULT', 'B', '3'),
('TT-002-ESCR', 'ST-ULT', 'B', '4'),
('TT-002-ESCR', 'ST-ULT', 'B', '5'),
('TT-002-ESCR', 'ST-ULT', 'B', '6'),
('TT-002-ESCR', 'ST-ULT', 'B', '7'),
('TT-002-ESCR', 'ST-ULT', 'B', '8'),
('TT-002-ESCR', 'ST-ULT', 'C', '1'),
('TT-002-ESCR', 'ST-ULT', 'C', '2'),
('TT-002-ESCR', 'ST-ULT', 'C', '3'),
('TT-002-ESCR', 'ST-ULT', 'C', '4'),
('TT-002-ESCR', 'ST-ULT', 'C', '5'),
('TT-002-ESCR', 'ST-ULT', 'C', '6'),
('TT-002-ESCR', 'ST-ULT', 'C', '7'),
('TT-002-ESCR', 'ST-ULT', 'C', '8'),
('TT-002-ESCR', 'ST-ULT', 'D', '1'),
('TT-002-ESCR', 'ST-ULT', 'D', '2'),
('TT-002-ESCR', 'ST-ULT', 'D', '3'),
('TT-002-ESCR', 'ST-ULT', 'D', '4'),
('TT-002-ESCR', 'ST-ULT', 'D', '5'),
('TT-002-ESCR', 'ST-ULT', 'D', '6'),
('TT-002-ESCR', 'ST-ULT', 'D', '7'),
('TT-002-ESCR', 'ST-ULT', 'D', '8'),
('TT-002-ESCR', 'ST-ULT', 'E', '1'),
('TT-002-ESCR', 'ST-ULT', 'E', '2'),
('TT-002-ESCR', 'ST-ULT', 'E', '3'),
('TT-002-ESCR', 'ST-ULT', 'E', '4'),
('TT-002-ESCR', 'ST-ULT', 'E', '5'),
('TT-002-ESCR', 'ST-ULT', 'E', '6'),
('TT-002-ESCR', 'ST-ULT', 'E', '7'),
('TT-002-ESCR', 'ST-ULT', 'E', '8'),
('TT-002-ETVC', 'ST-HNY', 'A', '1'),
('TT-002-ETVC', 'ST-HNY', 'A', '10'),
('TT-002-ETVC', 'ST-HNY', 'A', '11'),
('TT-002-ETVC', 'ST-HNY', 'A', '12'),
('TT-002-ETVC', 'ST-HNY', 'A', '13'),
('TT-002-ETVC', 'ST-HNY', 'A', '14'),
('TT-002-ETVC', 'ST-HNY', 'A', '15'),
('TT-002-ETVC', 'ST-HNY', 'A', '16'),
('TT-002-ETVC', 'ST-HNY', 'A', '17'),
('TT-002-ETVC', 'ST-HNY', 'A', '2'),
('TT-002-ETVC', 'ST-HNY', 'A', '3'),
('TT-002-ETVC', 'ST-HNY', 'A', '4'),
('TT-002-ETVC', 'ST-HNY', 'A', '5'),
('TT-002-ETVC', 'ST-HNY', 'A', '6'),
('TT-002-ETVC', 'ST-HNY', 'A', '7'),
('TT-002-ETVC', 'ST-HNY', 'A', '8'),
('TT-002-ETVC', 'ST-HNY', 'A', '9'),
('TT-002-ETVC', 'ST-HNY', 'B', '1'),
('TT-002-ETVC', 'ST-HNY', 'B', '10'),
('TT-002-ETVC', 'ST-HNY', 'B', '11'),
('TT-002-ETVC', 'ST-HNY', 'B', '12'),
('TT-002-ETVC', 'ST-HNY', 'B', '2'),
('TT-002-ETVC', 'ST-HNY', 'B', '3'),
('TT-002-ETVC', 'ST-HNY', 'B', '4'),
('TT-002-ETVC', 'ST-HNY', 'B', '5'),
('TT-002-ETVC', 'ST-HNY', 'B', '6'),
('TT-002-ETVC', 'ST-HNY', 'B', '7'),
('TT-002-ETVC', 'ST-HNY', 'B', '8'),
('TT-002-ETVC', 'ST-HNY', 'B', '9'),
('TT-002-ETVC', 'ST-HNY', 'C', '1'),
('TT-002-ETVC', 'ST-HNY', 'C', '10'),
('TT-002-ETVC', 'ST-HNY', 'C', '11'),
('TT-002-ETVC', 'ST-HNY', 'C', '12'),
('TT-002-ETVC', 'ST-HNY', 'C', '2'),
('TT-002-ETVC', 'ST-HNY', 'C', '3'),
('TT-002-ETVC', 'ST-HNY', 'C', '4'),
('TT-002-ETVC', 'ST-HNY', 'C', '5'),
('TT-002-ETVC', 'ST-HNY', 'C', '6'),
('TT-002-ETVC', 'ST-HNY', 'C', '7'),
('TT-002-ETVC', 'ST-HNY', 'C', '8'),
('TT-002-ETVC', 'ST-HNY', 'C', '9'),
('TT-002-ETVC', 'ST-HNY', 'D', '1'),
('TT-002-ETVC', 'ST-HNY', 'D', '10'),
('TT-002-ETVC', 'ST-HNY', 'D', '11'),
('TT-002-ETVC', 'ST-HNY', 'D', '12'),
('TT-002-ETVC', 'ST-HNY', 'D', '2'),
('TT-002-ETVC', 'ST-HNY', 'D', '3'),
('TT-002-ETVC', 'ST-HNY', 'D', '4'),
('TT-002-ETVC', 'ST-HNY', 'D', '5'),
('TT-002-ETVC', 'ST-HNY', 'D', '6'),
('TT-002-ETVC', 'ST-HNY', 'D', '7'),
('TT-002-ETVC', 'ST-HNY', 'D', '8'),
('TT-002-ETVC', 'ST-HNY', 'D', '9'),
('TT-002-ETVC', 'ST-NOR', 'E', '1'),
('TT-002-ETVC', 'ST-NOR', 'E', '10'),
('TT-002-ETVC', 'ST-NOR', 'E', '11'),
('TT-002-ETVC', 'ST-NOR', 'E', '12'),
('TT-002-ETVC', 'ST-NOR', 'E', '13'),
('TT-002-ETVC', 'ST-NOR', 'E', '14'),
('TT-002-ETVC', 'ST-NOR', 'E', '15'),
('TT-002-ETVC', 'ST-NOR', 'E', '16'),
('TT-002-ETVC', 'ST-NOR', 'E', '17'),
('TT-002-ETVC', 'ST-NOR', 'E', '18'),
('TT-002-ETVC', 'ST-NOR', 'E', '2'),
('TT-002-ETVC', 'ST-NOR', 'E', '3'),
('TT-002-ETVC', 'ST-NOR', 'E', '4'),
('TT-002-ETVC', 'ST-NOR', 'E', '5'),
('TT-002-ETVC', 'ST-NOR', 'E', '6'),
('TT-002-ETVC', 'ST-NOR', 'E', '7'),
('TT-002-ETVC', 'ST-NOR', 'E', '8'),
('TT-002-ETVC', 'ST-NOR', 'E', '9'),
('TT-002-ETVC', 'ST-NOR', 'F', '1'),
('TT-002-ETVC', 'ST-NOR', 'F', '10'),
('TT-002-ETVC', 'ST-NOR', 'F', '11'),
('TT-002-ETVC', 'ST-NOR', 'F', '12'),
('TT-002-ETVC', 'ST-NOR', 'F', '13'),
('TT-002-ETVC', 'ST-NOR', 'F', '14'),
('TT-002-ETVC', 'ST-NOR', 'F', '15'),
('TT-002-ETVC', 'ST-NOR', 'F', '16'),
('TT-002-ETVC', 'ST-NOR', 'F', '17'),
('TT-002-ETVC', 'ST-NOR', 'F', '18'),
('TT-002-ETVC', 'ST-NOR', 'F', '2'),
('TT-002-ETVC', 'ST-NOR', 'F', '3'),
('TT-002-ETVC', 'ST-NOR', 'F', '4'),
('TT-002-ETVC', 'ST-NOR', 'F', '5'),
('TT-002-ETVC', 'ST-NOR', 'F', '6'),
('TT-002-ETVC', 'ST-NOR', 'F', '7'),
('TT-002-ETVC', 'ST-NOR', 'F', '8'),
('TT-002-ETVC', 'ST-NOR', 'F', '9'),
('TT-002-ETVC', 'ST-NOR', 'G', '1'),
('TT-002-ETVC', 'ST-NOR', 'G', '10'),
('TT-002-ETVC', 'ST-NOR', 'G', '11'),
('TT-002-ETVC', 'ST-NOR', 'G', '12'),
('TT-002-ETVC', 'ST-NOR', 'G', '13'),
('TT-002-ETVC', 'ST-NOR', 'G', '14'),
('TT-002-ETVC', 'ST-NOR', 'G', '15'),
('TT-002-ETVC', 'ST-NOR', 'G', '16'),
('TT-002-ETVC', 'ST-NOR', 'G', '17'),
('TT-002-ETVC', 'ST-NOR', 'G', '18'),
('TT-002-ETVC', 'ST-NOR', 'G', '2'),
('TT-002-ETVC', 'ST-NOR', 'G', '3'),
('TT-002-ETVC', 'ST-NOR', 'G', '4'),
('TT-002-ETVC', 'ST-NOR', 'G', '5'),
('TT-002-ETVC', 'ST-NOR', 'G', '6'),
('TT-002-ETVC', 'ST-NOR', 'G', '7'),
('TT-002-ETVC', 'ST-NOR', 'G', '8'),
('TT-002-ETVC', 'ST-NOR', 'G', '9'),
('TT-002-ETVC', 'ST-NOR', 'H', '1'),
('TT-002-ETVC', 'ST-NOR', 'H', '10'),
('TT-002-ETVC', 'ST-NOR', 'H', '11'),
('TT-002-ETVC', 'ST-NOR', 'H', '12'),
('TT-002-ETVC', 'ST-NOR', 'H', '13'),
('TT-002-ETVC', 'ST-NOR', 'H', '14'),
('TT-002-ETVC', 'ST-NOR', 'H', '15'),
('TT-002-ETVC', 'ST-NOR', 'H', '16'),
('TT-002-ETVC', 'ST-NOR', 'H', '17'),
('TT-002-ETVC', 'ST-NOR', 'H', '18'),
('TT-002-ETVC', 'ST-NOR', 'H', '2'),
('TT-002-ETVC', 'ST-NOR', 'H', '3'),
('TT-002-ETVC', 'ST-NOR', 'H', '4'),
('TT-002-ETVC', 'ST-NOR', 'H', '5'),
('TT-002-ETVC', 'ST-NOR', 'H', '6'),
('TT-002-ETVC', 'ST-NOR', 'H', '7'),
('TT-002-ETVC', 'ST-NOR', 'H', '8'),
('TT-002-ETVC', 'ST-NOR', 'H', '9'),
('TT-002-ETVC', 'ST-NOR', 'I', '1'),
('TT-002-ETVC', 'ST-NOR', 'I', '10'),
('TT-002-ETVC', 'ST-NOR', 'I', '11'),
('TT-002-ETVC', 'ST-NOR', 'I', '12'),
('TT-002-ETVC', 'ST-NOR', 'I', '13'),
('TT-002-ETVC', 'ST-NOR', 'I', '14'),
('TT-002-ETVC', 'ST-NOR', 'I', '15'),
('TT-002-ETVC', 'ST-NOR', 'I', '16'),
('TT-002-ETVC', 'ST-NOR', 'I', '17'),
('TT-002-ETVC', 'ST-NOR', 'I', '18'),
('TT-002-ETVC', 'ST-NOR', 'I', '2'),
('TT-002-ETVC', 'ST-NOR', 'I', '3'),
('TT-002-ETVC', 'ST-NOR', 'I', '4'),
('TT-002-ETVC', 'ST-NOR', 'I', '5'),
('TT-002-ETVC', 'ST-NOR', 'I', '6'),
('TT-002-ETVC', 'ST-NOR', 'I', '7'),
('TT-002-ETVC', 'ST-NOR', 'I', '8'),
('TT-002-ETVC', 'ST-NOR', 'I', '9'),
('TT-002-ETVC', 'ST-NOR', 'J', '1'),
('TT-002-ETVC', 'ST-NOR', 'J', '10'),
('TT-002-ETVC', 'ST-NOR', 'J', '11'),
('TT-002-ETVC', 'ST-NOR', 'J', '12'),
('TT-002-ETVC', 'ST-NOR', 'J', '13'),
('TT-002-ETVC', 'ST-NOR', 'J', '14'),
('TT-002-ETVC', 'ST-NOR', 'J', '15'),
('TT-002-ETVC', 'ST-NOR', 'J', '16'),
('TT-002-ETVC', 'ST-NOR', 'J', '17'),
('TT-002-ETVC', 'ST-NOR', 'J', '18'),
('TT-002-ETVC', 'ST-NOR', 'J', '2'),
('TT-002-ETVC', 'ST-NOR', 'J', '3'),
('TT-002-ETVC', 'ST-NOR', 'J', '4'),
('TT-002-ETVC', 'ST-NOR', 'J', '5'),
('TT-002-ETVC', 'ST-NOR', 'J', '6'),
('TT-002-ETVC', 'ST-NOR', 'J', '7'),
('TT-002-ETVC', 'ST-NOR', 'J', '8'),
('TT-002-ETVC', 'ST-NOR', 'J', '9'),
('TT-002-ETVC', 'ST-NOR', 'K', '1'),
('TT-002-ETVC', 'ST-NOR', 'K', '10'),
('TT-002-ETVC', 'ST-NOR', 'K', '11'),
('TT-002-ETVC', 'ST-NOR', 'K', '12'),
('TT-002-ETVC', 'ST-NOR', 'K', '13'),
('TT-002-ETVC', 'ST-NOR', 'K', '14'),
('TT-002-ETVC', 'ST-NOR', 'K', '15'),
('TT-002-ETVC', 'ST-NOR', 'K', '16'),
('TT-002-ETVC', 'ST-NOR', 'K', '17'),
('TT-002-ETVC', 'ST-NOR', 'K', '18'),
('TT-002-ETVC', 'ST-NOR', 'K', '2'),
('TT-002-ETVC', 'ST-NOR', 'K', '3'),
('TT-002-ETVC', 'ST-NOR', 'K', '4'),
('TT-002-ETVC', 'ST-NOR', 'K', '5'),
('TT-002-ETVC', 'ST-NOR', 'K', '6'),
('TT-002-ETVC', 'ST-NOR', 'K', '7'),
('TT-002-ETVC', 'ST-NOR', 'K', '8'),
('TT-002-ETVC', 'ST-NOR', 'K', '9'),
('TT-002-ETVC', 'ST-NOR', 'L', '1'),
('TT-002-ETVC', 'ST-NOR', 'L', '10'),
('TT-002-ETVC', 'ST-NOR', 'L', '11'),
('TT-002-ETVC', 'ST-NOR', 'L', '12'),
('TT-002-ETVC', 'ST-NOR', 'L', '13'),
('TT-002-ETVC', 'ST-NOR', 'L', '14'),
('TT-002-ETVC', 'ST-NOR', 'L', '15'),
('TT-002-ETVC', 'ST-NOR', 'L', '16'),
('TT-002-ETVC', 'ST-NOR', 'L', '17'),
('TT-002-ETVC', 'ST-NOR', 'L', '18'),
('TT-002-ETVC', 'ST-NOR', 'L', '2'),
('TT-002-ETVC', 'ST-NOR', 'L', '3'),
('TT-002-ETVC', 'ST-NOR', 'L', '4'),
('TT-002-ETVC', 'ST-NOR', 'L', '5'),
('TT-002-ETVC', 'ST-NOR', 'L', '6'),
('TT-002-ETVC', 'ST-NOR', 'L', '7'),
('TT-002-ETVC', 'ST-NOR', 'L', '8'),
('TT-002-ETVC', 'ST-NOR', 'L', '9'),
('TT-002-ETVC', 'ST-NOR', 'M', '1'),
('TT-002-ETVC', 'ST-NOR', 'M', '10'),
('TT-002-ETVC', 'ST-NOR', 'M', '11'),
('TT-002-ETVC', 'ST-NOR', 'M', '12'),
('TT-002-ETVC', 'ST-NOR', 'M', '13'),
('TT-002-ETVC', 'ST-NOR', 'M', '14'),
('TT-002-ETVC', 'ST-NOR', 'M', '15'),
('TT-002-ETVC', 'ST-NOR', 'M', '16'),
('TT-002-ETVC', 'ST-NOR', 'M', '17'),
('TT-002-ETVC', 'ST-NOR', 'M', '18'),
('TT-002-ETVC', 'ST-NOR', 'M', '2'),
('TT-002-ETVC', 'ST-NOR', 'M', '3'),
('TT-002-ETVC', 'ST-NOR', 'M', '4'),
('TT-002-ETVC', 'ST-NOR', 'M', '5'),
('TT-002-ETVC', 'ST-NOR', 'M', '6'),
('TT-002-ETVC', 'ST-NOR', 'M', '7'),
('TT-002-ETVC', 'ST-NOR', 'M', '8'),
('TT-002-ETVC', 'ST-NOR', 'M', '9'),
('TT-002-LTMS', 'ST-HNY', 'A', '1'),
('TT-002-LTMS', 'ST-HNY', 'A', '10'),
('TT-002-LTMS', 'ST-HNY', 'A', '11'),
('TT-002-LTMS', 'ST-HNY', 'A', '12'),
('TT-002-LTMS', 'ST-HNY', 'A', '13'),
('TT-002-LTMS', 'ST-HNY', 'A', '14'),
('TT-002-LTMS', 'ST-HNY', 'A', '15'),
('TT-002-LTMS', 'ST-HNY', 'A', '16'),
('TT-002-LTMS', 'ST-HNY', 'A', '17'),
('TT-002-LTMS', 'ST-HNY', 'A', '18'),
('TT-002-LTMS', 'ST-HNY', 'A', '2'),
('TT-002-LTMS', 'ST-HNY', 'A', '3'),
('TT-002-LTMS', 'ST-HNY', 'A', '4'),
('TT-002-LTMS', 'ST-HNY', 'A', '5'),
('TT-002-LTMS', 'ST-HNY', 'A', '6'),
('TT-002-LTMS', 'ST-HNY', 'A', '7'),
('TT-002-LTMS', 'ST-HNY', 'A', '8'),
('TT-002-LTMS', 'ST-HNY', 'A', '9'),
('TT-002-LTMS', 'ST-HNY', 'B', '1'),
('TT-002-LTMS', 'ST-HNY', 'B', '10'),
('TT-002-LTMS', 'ST-HNY', 'B', '11'),
('TT-002-LTMS', 'ST-HNY', 'B', '12'),
('TT-002-LTMS', 'ST-HNY', 'B', '13'),
('TT-002-LTMS', 'ST-HNY', 'B', '14'),
('TT-002-LTMS', 'ST-HNY', 'B', '15'),
('TT-002-LTMS', 'ST-HNY', 'B', '16'),
('TT-002-LTMS', 'ST-HNY', 'B', '17'),
('TT-002-LTMS', 'ST-HNY', 'B', '18'),
('TT-002-LTMS', 'ST-HNY', 'B', '19'),
('TT-002-LTMS', 'ST-HNY', 'B', '2'),
('TT-002-LTMS', 'ST-HNY', 'B', '3'),
('TT-002-LTMS', 'ST-HNY', 'B', '4'),
('TT-002-LTMS', 'ST-HNY', 'B', '5'),
('TT-002-LTMS', 'ST-HNY', 'B', '6'),
('TT-002-LTMS', 'ST-HNY', 'B', '7'),
('TT-002-LTMS', 'ST-HNY', 'B', '8'),
('TT-002-LTMS', 'ST-HNY', 'B', '9'),
('TT-002-LTMS', 'ST-HNY', 'C', '1'),
('TT-002-LTMS', 'ST-HNY', 'C', '10'),
('TT-002-LTMS', 'ST-HNY', 'C', '11'),
('TT-002-LTMS', 'ST-HNY', 'C', '12'),
('TT-002-LTMS', 'ST-HNY', 'C', '13'),
('TT-002-LTMS', 'ST-HNY', 'C', '14'),
('TT-002-LTMS', 'ST-HNY', 'C', '15'),
('TT-002-LTMS', 'ST-HNY', 'C', '16'),
('TT-002-LTMS', 'ST-HNY', 'C', '17'),
('TT-002-LTMS', 'ST-HNY', 'C', '18'),
('TT-002-LTMS', 'ST-HNY', 'C', '19'),
('TT-002-LTMS', 'ST-HNY', 'C', '2'),
('TT-002-LTMS', 'ST-HNY', 'C', '3'),
('TT-002-LTMS', 'ST-HNY', 'C', '4'),
('TT-002-LTMS', 'ST-HNY', 'C', '5'),
('TT-002-LTMS', 'ST-HNY', 'C', '6'),
('TT-002-LTMS', 'ST-HNY', 'C', '7'),
('TT-002-LTMS', 'ST-HNY', 'C', '8'),
('TT-002-LTMS', 'ST-HNY', 'C', '9'),
('TT-002-LTMS', 'ST-NOR', 'D', '1'),
('TT-002-LTMS', 'ST-NOR', 'D', '10'),
('TT-002-LTMS', 'ST-NOR', 'D', '11'),
('TT-002-LTMS', 'ST-NOR', 'D', '12'),
('TT-002-LTMS', 'ST-NOR', 'D', '13'),
('TT-002-LTMS', 'ST-NOR', 'D', '14'),
('TT-002-LTMS', 'ST-NOR', 'D', '15'),
('TT-002-LTMS', 'ST-NOR', 'D', '16'),
('TT-002-LTMS', 'ST-NOR', 'D', '17'),
('TT-002-LTMS', 'ST-NOR', 'D', '18'),
('TT-002-LTMS', 'ST-NOR', 'D', '19'),
('TT-002-LTMS', 'ST-NOR', 'D', '2'),
('TT-002-LTMS', 'ST-NOR', 'D', '20'),
('TT-002-LTMS', 'ST-NOR', 'D', '3'),
('TT-002-LTMS', 'ST-NOR', 'D', '4'),
('TT-002-LTMS', 'ST-NOR', 'D', '5'),
('TT-002-LTMS', 'ST-NOR', 'D', '6'),
('TT-002-LTMS', 'ST-NOR', 'D', '7'),
('TT-002-LTMS', 'ST-NOR', 'D', '8');
INSERT INTO `Seat` (`Theatre_ID`, `SeatType_ID`, `Seat_Row`, `Seat_Number`) VALUES
('TT-002-LTMS', 'ST-NOR', 'D', '9'),
('TT-002-LTMS', 'ST-NOR', 'E', '1'),
('TT-002-LTMS', 'ST-NOR', 'E', '10'),
('TT-002-LTMS', 'ST-NOR', 'E', '11'),
('TT-002-LTMS', 'ST-NOR', 'E', '12'),
('TT-002-LTMS', 'ST-NOR', 'E', '13'),
('TT-002-LTMS', 'ST-NOR', 'E', '14'),
('TT-002-LTMS', 'ST-NOR', 'E', '15'),
('TT-002-LTMS', 'ST-NOR', 'E', '16'),
('TT-002-LTMS', 'ST-NOR', 'E', '17'),
('TT-002-LTMS', 'ST-NOR', 'E', '18'),
('TT-002-LTMS', 'ST-NOR', 'E', '19'),
('TT-002-LTMS', 'ST-NOR', 'E', '2'),
('TT-002-LTMS', 'ST-NOR', 'E', '20'),
('TT-002-LTMS', 'ST-NOR', 'E', '3'),
('TT-002-LTMS', 'ST-NOR', 'E', '4'),
('TT-002-LTMS', 'ST-NOR', 'E', '5'),
('TT-002-LTMS', 'ST-NOR', 'E', '6'),
('TT-002-LTMS', 'ST-NOR', 'E', '7'),
('TT-002-LTMS', 'ST-NOR', 'E', '8'),
('TT-002-LTMS', 'ST-NOR', 'E', '9'),
('TT-002-LTMS', 'ST-NOR', 'F', '1'),
('TT-002-LTMS', 'ST-NOR', 'F', '10'),
('TT-002-LTMS', 'ST-NOR', 'F', '11'),
('TT-002-LTMS', 'ST-NOR', 'F', '12'),
('TT-002-LTMS', 'ST-NOR', 'F', '13'),
('TT-002-LTMS', 'ST-NOR', 'F', '14'),
('TT-002-LTMS', 'ST-NOR', 'F', '15'),
('TT-002-LTMS', 'ST-NOR', 'F', '16'),
('TT-002-LTMS', 'ST-NOR', 'F', '17'),
('TT-002-LTMS', 'ST-NOR', 'F', '18'),
('TT-002-LTMS', 'ST-NOR', 'F', '19'),
('TT-002-LTMS', 'ST-NOR', 'F', '2'),
('TT-002-LTMS', 'ST-NOR', 'F', '20'),
('TT-002-LTMS', 'ST-NOR', 'F', '3'),
('TT-002-LTMS', 'ST-NOR', 'F', '4'),
('TT-002-LTMS', 'ST-NOR', 'F', '5'),
('TT-002-LTMS', 'ST-NOR', 'F', '6'),
('TT-002-LTMS', 'ST-NOR', 'F', '7'),
('TT-002-LTMS', 'ST-NOR', 'F', '8'),
('TT-002-LTMS', 'ST-NOR', 'F', '9'),
('TT-002-LTMS', 'ST-NOR', 'G', '1'),
('TT-002-LTMS', 'ST-NOR', 'G', '10'),
('TT-002-LTMS', 'ST-NOR', 'G', '11'),
('TT-002-LTMS', 'ST-NOR', 'G', '12'),
('TT-002-LTMS', 'ST-NOR', 'G', '13'),
('TT-002-LTMS', 'ST-NOR', 'G', '14'),
('TT-002-LTMS', 'ST-NOR', 'G', '15'),
('TT-002-LTMS', 'ST-NOR', 'G', '16'),
('TT-002-LTMS', 'ST-NOR', 'G', '17'),
('TT-002-LTMS', 'ST-NOR', 'G', '18'),
('TT-002-LTMS', 'ST-NOR', 'G', '19'),
('TT-002-LTMS', 'ST-NOR', 'G', '2'),
('TT-002-LTMS', 'ST-NOR', 'G', '20'),
('TT-002-LTMS', 'ST-NOR', 'G', '3'),
('TT-002-LTMS', 'ST-NOR', 'G', '4'),
('TT-002-LTMS', 'ST-NOR', 'G', '5'),
('TT-002-LTMS', 'ST-NOR', 'G', '6'),
('TT-002-LTMS', 'ST-NOR', 'G', '7'),
('TT-002-LTMS', 'ST-NOR', 'G', '8'),
('TT-002-LTMS', 'ST-NOR', 'G', '9'),
('TT-002-LTMS', 'ST-NOR', 'H', '1'),
('TT-002-LTMS', 'ST-NOR', 'H', '10'),
('TT-002-LTMS', 'ST-NOR', 'H', '11'),
('TT-002-LTMS', 'ST-NOR', 'H', '12'),
('TT-002-LTMS', 'ST-NOR', 'H', '13'),
('TT-002-LTMS', 'ST-NOR', 'H', '14'),
('TT-002-LTMS', 'ST-NOR', 'H', '15'),
('TT-002-LTMS', 'ST-NOR', 'H', '16'),
('TT-002-LTMS', 'ST-NOR', 'H', '17'),
('TT-002-LTMS', 'ST-NOR', 'H', '18'),
('TT-002-LTMS', 'ST-NOR', 'H', '19'),
('TT-002-LTMS', 'ST-NOR', 'H', '2'),
('TT-002-LTMS', 'ST-NOR', 'H', '20'),
('TT-002-LTMS', 'ST-NOR', 'H', '3'),
('TT-002-LTMS', 'ST-NOR', 'H', '4'),
('TT-002-LTMS', 'ST-NOR', 'H', '5'),
('TT-002-LTMS', 'ST-NOR', 'H', '6'),
('TT-002-LTMS', 'ST-NOR', 'H', '7'),
('TT-002-LTMS', 'ST-NOR', 'H', '8'),
('TT-002-LTMS', 'ST-NOR', 'H', '9'),
('TT-002-LTMS', 'ST-NOR', 'I', '1'),
('TT-002-LTMS', 'ST-NOR', 'I', '10'),
('TT-002-LTMS', 'ST-NOR', 'I', '11'),
('TT-002-LTMS', 'ST-NOR', 'I', '12'),
('TT-002-LTMS', 'ST-NOR', 'I', '13'),
('TT-002-LTMS', 'ST-NOR', 'I', '14'),
('TT-002-LTMS', 'ST-NOR', 'I', '15'),
('TT-002-LTMS', 'ST-NOR', 'I', '16'),
('TT-002-LTMS', 'ST-NOR', 'I', '17'),
('TT-002-LTMS', 'ST-NOR', 'I', '18'),
('TT-002-LTMS', 'ST-NOR', 'I', '19'),
('TT-002-LTMS', 'ST-NOR', 'I', '2'),
('TT-002-LTMS', 'ST-NOR', 'I', '20'),
('TT-002-LTMS', 'ST-NOR', 'I', '3'),
('TT-002-LTMS', 'ST-NOR', 'I', '4'),
('TT-002-LTMS', 'ST-NOR', 'I', '5'),
('TT-002-LTMS', 'ST-NOR', 'I', '6'),
('TT-002-LTMS', 'ST-NOR', 'I', '7'),
('TT-002-LTMS', 'ST-NOR', 'I', '8'),
('TT-002-LTMS', 'ST-NOR', 'I', '9'),
('TT-002-LTMS', 'ST-NOR', 'J', '1'),
('TT-002-LTMS', 'ST-NOR', 'J', '10'),
('TT-002-LTMS', 'ST-NOR', 'J', '11'),
('TT-002-LTMS', 'ST-NOR', 'J', '12'),
('TT-002-LTMS', 'ST-NOR', 'J', '13'),
('TT-002-LTMS', 'ST-NOR', 'J', '14'),
('TT-002-LTMS', 'ST-NOR', 'J', '15'),
('TT-002-LTMS', 'ST-NOR', 'J', '16'),
('TT-002-LTMS', 'ST-NOR', 'J', '17'),
('TT-002-LTMS', 'ST-NOR', 'J', '18'),
('TT-002-LTMS', 'ST-NOR', 'J', '19'),
('TT-002-LTMS', 'ST-NOR', 'J', '2'),
('TT-002-LTMS', 'ST-NOR', 'J', '20'),
('TT-002-LTMS', 'ST-NOR', 'J', '3'),
('TT-002-LTMS', 'ST-NOR', 'J', '4'),
('TT-002-LTMS', 'ST-NOR', 'J', '5'),
('TT-002-LTMS', 'ST-NOR', 'J', '6'),
('TT-002-LTMS', 'ST-NOR', 'J', '7'),
('TT-002-LTMS', 'ST-NOR', 'J', '8'),
('TT-002-LTMS', 'ST-NOR', 'J', '9'),
('TT-002-LTMS', 'ST-NOR', 'K', '1'),
('TT-002-LTMS', 'ST-NOR', 'K', '10'),
('TT-002-LTMS', 'ST-NOR', 'K', '11'),
('TT-002-LTMS', 'ST-NOR', 'K', '12'),
('TT-002-LTMS', 'ST-NOR', 'K', '13'),
('TT-002-LTMS', 'ST-NOR', 'K', '14'),
('TT-002-LTMS', 'ST-NOR', 'K', '15'),
('TT-002-LTMS', 'ST-NOR', 'K', '16'),
('TT-002-LTMS', 'ST-NOR', 'K', '17'),
('TT-002-LTMS', 'ST-NOR', 'K', '18'),
('TT-002-LTMS', 'ST-NOR', 'K', '19'),
('TT-002-LTMS', 'ST-NOR', 'K', '2'),
('TT-002-LTMS', 'ST-NOR', 'K', '20'),
('TT-002-LTMS', 'ST-NOR', 'K', '3'),
('TT-002-LTMS', 'ST-NOR', 'K', '4'),
('TT-002-LTMS', 'ST-NOR', 'K', '5'),
('TT-002-LTMS', 'ST-NOR', 'K', '6'),
('TT-002-LTMS', 'ST-NOR', 'K', '7'),
('TT-002-LTMS', 'ST-NOR', 'K', '8'),
('TT-002-LTMS', 'ST-NOR', 'K', '9'),
('TT-002-LTMS', 'ST-NOR', 'L', '1'),
('TT-002-LTMS', 'ST-NOR', 'L', '10'),
('TT-002-LTMS', 'ST-NOR', 'L', '11'),
('TT-002-LTMS', 'ST-NOR', 'L', '12'),
('TT-002-LTMS', 'ST-NOR', 'L', '13'),
('TT-002-LTMS', 'ST-NOR', 'L', '14'),
('TT-002-LTMS', 'ST-NOR', 'L', '15'),
('TT-002-LTMS', 'ST-NOR', 'L', '16'),
('TT-002-LTMS', 'ST-NOR', 'L', '17'),
('TT-002-LTMS', 'ST-NOR', 'L', '18'),
('TT-002-LTMS', 'ST-NOR', 'L', '19'),
('TT-002-LTMS', 'ST-NOR', 'L', '2'),
('TT-002-LTMS', 'ST-NOR', 'L', '20'),
('TT-002-LTMS', 'ST-NOR', 'L', '3'),
('TT-002-LTMS', 'ST-NOR', 'L', '4'),
('TT-002-LTMS', 'ST-NOR', 'L', '5'),
('TT-002-LTMS', 'ST-NOR', 'L', '6'),
('TT-002-LTMS', 'ST-NOR', 'L', '7'),
('TT-002-LTMS', 'ST-NOR', 'L', '8'),
('TT-002-LTMS', 'ST-NOR', 'L', '9'),
('TT-002-LTMS', 'ST-NOR', 'M', '1'),
('TT-002-LTMS', 'ST-NOR', 'M', '10'),
('TT-002-LTMS', 'ST-NOR', 'M', '11'),
('TT-002-LTMS', 'ST-NOR', 'M', '12'),
('TT-002-LTMS', 'ST-NOR', 'M', '13'),
('TT-002-LTMS', 'ST-NOR', 'M', '14'),
('TT-002-LTMS', 'ST-NOR', 'M', '15'),
('TT-002-LTMS', 'ST-NOR', 'M', '16'),
('TT-002-LTMS', 'ST-NOR', 'M', '17'),
('TT-002-LTMS', 'ST-NOR', 'M', '18'),
('TT-002-LTMS', 'ST-NOR', 'M', '19'),
('TT-002-LTMS', 'ST-NOR', 'M', '2'),
('TT-002-LTMS', 'ST-NOR', 'M', '20'),
('TT-002-LTMS', 'ST-NOR', 'M', '3'),
('TT-002-LTMS', 'ST-NOR', 'M', '4'),
('TT-002-LTMS', 'ST-NOR', 'M', '5'),
('TT-002-LTMS', 'ST-NOR', 'M', '6'),
('TT-002-LTMS', 'ST-NOR', 'M', '7'),
('TT-002-LTMS', 'ST-NOR', 'M', '8'),
('TT-002-LTMS', 'ST-NOR', 'M', '9'),
('TT-002-LTMS', 'ST-NOR', 'N', '1'),
('TT-002-LTMS', 'ST-NOR', 'N', '10'),
('TT-002-LTMS', 'ST-NOR', 'N', '11'),
('TT-002-LTMS', 'ST-NOR', 'N', '12'),
('TT-002-LTMS', 'ST-NOR', 'N', '13'),
('TT-002-LTMS', 'ST-NOR', 'N', '14'),
('TT-002-LTMS', 'ST-NOR', 'N', '15'),
('TT-002-LTMS', 'ST-NOR', 'N', '16'),
('TT-002-LTMS', 'ST-NOR', 'N', '17'),
('TT-002-LTMS', 'ST-NOR', 'N', '18'),
('TT-002-LTMS', 'ST-NOR', 'N', '19'),
('TT-002-LTMS', 'ST-NOR', 'N', '2'),
('TT-002-LTMS', 'ST-NOR', 'N', '20'),
('TT-002-LTMS', 'ST-NOR', 'N', '3'),
('TT-002-LTMS', 'ST-NOR', 'N', '4'),
('TT-002-LTMS', 'ST-NOR', 'N', '5'),
('TT-002-LTMS', 'ST-NOR', 'N', '6'),
('TT-002-LTMS', 'ST-NOR', 'N', '7'),
('TT-002-LTMS', 'ST-NOR', 'N', '8'),
('TT-002-LTMS', 'ST-NOR', 'N', '9'),
('TT-002-LTMS', 'ST-NOR', 'O', '1'),
('TT-002-LTMS', 'ST-NOR', 'O', '10'),
('TT-002-LTMS', 'ST-NOR', 'O', '11'),
('TT-002-LTMS', 'ST-NOR', 'O', '12'),
('TT-002-LTMS', 'ST-NOR', 'O', '13'),
('TT-002-LTMS', 'ST-NOR', 'O', '14'),
('TT-002-LTMS', 'ST-NOR', 'O', '15'),
('TT-002-LTMS', 'ST-NOR', 'O', '16'),
('TT-002-LTMS', 'ST-NOR', 'O', '17'),
('TT-002-LTMS', 'ST-NOR', 'O', '18'),
('TT-002-LTMS', 'ST-NOR', 'O', '19'),
('TT-002-LTMS', 'ST-NOR', 'O', '2'),
('TT-002-LTMS', 'ST-NOR', 'O', '20'),
('TT-002-LTMS', 'ST-NOR', 'O', '3'),
('TT-002-LTMS', 'ST-NOR', 'O', '4'),
('TT-002-LTMS', 'ST-NOR', 'O', '5'),
('TT-002-LTMS', 'ST-NOR', 'O', '6'),
('TT-002-LTMS', 'ST-NOR', 'O', '7'),
('TT-002-LTMS', 'ST-NOR', 'O', '8'),
('TT-002-LTMS', 'ST-NOR', 'O', '9'),
('TT-002-MJRC', 'ST-NOR', 'D', '1'),
('TT-002-MJRC', 'ST-NOR', 'D', '10'),
('TT-002-MJRC', 'ST-NOR', 'D', '2'),
('TT-002-MJRC', 'ST-NOR', 'D', '3'),
('TT-002-MJRC', 'ST-NOR', 'D', '4'),
('TT-002-MJRC', 'ST-NOR', 'D', '5'),
('TT-002-MJRC', 'ST-NOR', 'D', '6'),
('TT-002-MJRC', 'ST-NOR', 'D', '7'),
('TT-002-MJRC', 'ST-NOR', 'D', '8'),
('TT-002-MJRC', 'ST-NOR', 'D', '9'),
('TT-002-MJRC', 'ST-NOR', 'E', '1'),
('TT-002-MJRC', 'ST-NOR', 'E', '10'),
('TT-002-MJRC', 'ST-NOR', 'E', '2'),
('TT-002-MJRC', 'ST-NOR', 'E', '3'),
('TT-002-MJRC', 'ST-NOR', 'E', '4'),
('TT-002-MJRC', 'ST-NOR', 'E', '5'),
('TT-002-MJRC', 'ST-NOR', 'E', '6'),
('TT-002-MJRC', 'ST-NOR', 'E', '7'),
('TT-002-MJRC', 'ST-NOR', 'E', '8'),
('TT-002-MJRC', 'ST-NOR', 'E', '9'),
('TT-002-MJRC', 'ST-NOR', 'F', '1'),
('TT-002-MJRC', 'ST-NOR', 'F', '10'),
('TT-002-MJRC', 'ST-NOR', 'F', '2'),
('TT-002-MJRC', 'ST-NOR', 'F', '3'),
('TT-002-MJRC', 'ST-NOR', 'F', '4'),
('TT-002-MJRC', 'ST-NOR', 'F', '5'),
('TT-002-MJRC', 'ST-NOR', 'F', '6'),
('TT-002-MJRC', 'ST-NOR', 'F', '7'),
('TT-002-MJRC', 'ST-NOR', 'F', '8'),
('TT-002-MJRC', 'ST-NOR', 'F', '9'),
('TT-002-MJRC', 'ST-NOR', 'G', '1'),
('TT-002-MJRC', 'ST-NOR', 'G', '10'),
('TT-002-MJRC', 'ST-NOR', 'G', '2'),
('TT-002-MJRC', 'ST-NOR', 'G', '3'),
('TT-002-MJRC', 'ST-NOR', 'G', '4'),
('TT-002-MJRC', 'ST-NOR', 'G', '5'),
('TT-002-MJRC', 'ST-NOR', 'G', '6'),
('TT-002-MJRC', 'ST-NOR', 'G', '7'),
('TT-002-MJRC', 'ST-NOR', 'G', '8'),
('TT-002-MJRC', 'ST-NOR', 'G', '9'),
('TT-002-MJRC', 'ST-NOR', 'H', '1'),
('TT-002-MJRC', 'ST-NOR', 'H', '10'),
('TT-002-MJRC', 'ST-NOR', 'H', '2'),
('TT-002-MJRC', 'ST-NOR', 'H', '3'),
('TT-002-MJRC', 'ST-NOR', 'H', '4'),
('TT-002-MJRC', 'ST-NOR', 'H', '5'),
('TT-002-MJRC', 'ST-NOR', 'H', '6'),
('TT-002-MJRC', 'ST-NOR', 'H', '7'),
('TT-002-MJRC', 'ST-NOR', 'H', '8'),
('TT-002-MJRC', 'ST-NOR', 'H', '9'),
('TT-002-MJRC', 'ST-NOR', 'I', '1'),
('TT-002-MJRC', 'ST-NOR', 'I', '10'),
('TT-002-MJRC', 'ST-NOR', 'I', '2'),
('TT-002-MJRC', 'ST-NOR', 'I', '3'),
('TT-002-MJRC', 'ST-NOR', 'I', '4'),
('TT-002-MJRC', 'ST-NOR', 'I', '5'),
('TT-002-MJRC', 'ST-NOR', 'I', '6'),
('TT-002-MJRC', 'ST-NOR', 'I', '7'),
('TT-002-MJRC', 'ST-NOR', 'I', '8'),
('TT-002-MJRC', 'ST-NOR', 'I', '9'),
('TT-002-MJRC', 'ST-PRM', 'A', '1'),
('TT-002-MJRC', 'ST-PRM', 'A', '10'),
('TT-002-MJRC', 'ST-PRM', 'A', '2'),
('TT-002-MJRC', 'ST-PRM', 'A', '3'),
('TT-002-MJRC', 'ST-PRM', 'A', '4'),
('TT-002-MJRC', 'ST-PRM', 'A', '5'),
('TT-002-MJRC', 'ST-PRM', 'A', '6'),
('TT-002-MJRC', 'ST-PRM', 'A', '7'),
('TT-002-MJRC', 'ST-PRM', 'A', '8'),
('TT-002-MJRC', 'ST-PRM', 'A', '9'),
('TT-002-MJRC', 'ST-PRM', 'B', '1'),
('TT-002-MJRC', 'ST-PRM', 'B', '2'),
('TT-002-MJRC', 'ST-PRM', 'B', '3'),
('TT-002-MJRC', 'ST-PRM', 'B', '4'),
('TT-002-MJRC', 'ST-PRM', 'B', '5'),
('TT-002-MJRC', 'ST-PRM', 'B', '6'),
('TT-002-MJRC', 'ST-PRM', 'B', '7'),
('TT-002-MJRC', 'ST-PRM', 'C', '1'),
('TT-002-MJRC', 'ST-PRM', 'C', '10'),
('TT-002-MJRC', 'ST-PRM', 'C', '2'),
('TT-002-MJRC', 'ST-PRM', 'C', '3'),
('TT-002-MJRC', 'ST-PRM', 'C', '4'),
('TT-002-MJRC', 'ST-PRM', 'C', '5'),
('TT-002-MJRC', 'ST-PRM', 'C', '6'),
('TT-002-MJRC', 'ST-PRM', 'C', '7'),
('TT-002-MJRC', 'ST-PRM', 'C', '8'),
('TT-002-MJRC', 'ST-PRM', 'C', '9'),
('TT-002-MJSK', 'ST-HNY', 'A', '1'),
('TT-002-MJSK', 'ST-HNY', 'A', '10'),
('TT-002-MJSK', 'ST-HNY', 'A', '11'),
('TT-002-MJSK', 'ST-HNY', 'A', '12'),
('TT-002-MJSK', 'ST-HNY', 'A', '13'),
('TT-002-MJSK', 'ST-HNY', 'A', '2'),
('TT-002-MJSK', 'ST-HNY', 'A', '3'),
('TT-002-MJSK', 'ST-HNY', 'A', '4'),
('TT-002-MJSK', 'ST-HNY', 'A', '5'),
('TT-002-MJSK', 'ST-HNY', 'A', '6'),
('TT-002-MJSK', 'ST-HNY', 'A', '7'),
('TT-002-MJSK', 'ST-HNY', 'A', '8'),
('TT-002-MJSK', 'ST-HNY', 'A', '9'),
('TT-002-MJSK', 'ST-HNY', 'B', '1'),
('TT-002-MJSK', 'ST-HNY', 'B', '10'),
('TT-002-MJSK', 'ST-HNY', 'B', '11'),
('TT-002-MJSK', 'ST-HNY', 'B', '12'),
('TT-002-MJSK', 'ST-HNY', 'B', '13'),
('TT-002-MJSK', 'ST-HNY', 'B', '14'),
('TT-002-MJSK', 'ST-HNY', 'B', '15'),
('TT-002-MJSK', 'ST-HNY', 'B', '16'),
('TT-002-MJSK', 'ST-HNY', 'B', '17'),
('TT-002-MJSK', 'ST-HNY', 'B', '2'),
('TT-002-MJSK', 'ST-HNY', 'B', '3'),
('TT-002-MJSK', 'ST-HNY', 'B', '4'),
('TT-002-MJSK', 'ST-HNY', 'B', '5'),
('TT-002-MJSK', 'ST-HNY', 'B', '6'),
('TT-002-MJSK', 'ST-HNY', 'B', '7'),
('TT-002-MJSK', 'ST-HNY', 'B', '8'),
('TT-002-MJSK', 'ST-HNY', 'B', '9'),
('TT-002-MJSK', 'ST-HNY', 'C', '1'),
('TT-002-MJSK', 'ST-HNY', 'C', '10'),
('TT-002-MJSK', 'ST-HNY', 'C', '11'),
('TT-002-MJSK', 'ST-HNY', 'C', '12'),
('TT-002-MJSK', 'ST-HNY', 'C', '13'),
('TT-002-MJSK', 'ST-HNY', 'C', '14'),
('TT-002-MJSK', 'ST-HNY', 'C', '15'),
('TT-002-MJSK', 'ST-HNY', 'C', '16'),
('TT-002-MJSK', 'ST-HNY', 'C', '17'),
('TT-002-MJSK', 'ST-HNY', 'C', '2'),
('TT-002-MJSK', 'ST-HNY', 'C', '3'),
('TT-002-MJSK', 'ST-HNY', 'C', '4'),
('TT-002-MJSK', 'ST-HNY', 'C', '5'),
('TT-002-MJSK', 'ST-HNY', 'C', '6'),
('TT-002-MJSK', 'ST-HNY', 'C', '7'),
('TT-002-MJSK', 'ST-HNY', 'C', '8'),
('TT-002-MJSK', 'ST-HNY', 'C', '9'),
('TT-002-MJSK', 'ST-NOR', 'D', '1'),
('TT-002-MJSK', 'ST-NOR', 'D', '10'),
('TT-002-MJSK', 'ST-NOR', 'D', '11'),
('TT-002-MJSK', 'ST-NOR', 'D', '12'),
('TT-002-MJSK', 'ST-NOR', 'D', '13'),
('TT-002-MJSK', 'ST-NOR', 'D', '14'),
('TT-002-MJSK', 'ST-NOR', 'D', '15'),
('TT-002-MJSK', 'ST-NOR', 'D', '16'),
('TT-002-MJSK', 'ST-NOR', 'D', '17'),
('TT-002-MJSK', 'ST-NOR', 'D', '2'),
('TT-002-MJSK', 'ST-NOR', 'D', '3'),
('TT-002-MJSK', 'ST-NOR', 'D', '4'),
('TT-002-MJSK', 'ST-NOR', 'D', '5'),
('TT-002-MJSK', 'ST-NOR', 'D', '6'),
('TT-002-MJSK', 'ST-NOR', 'D', '7'),
('TT-002-MJSK', 'ST-NOR', 'D', '8'),
('TT-002-MJSK', 'ST-NOR', 'D', '9'),
('TT-002-MJSK', 'ST-NOR', 'E', '1'),
('TT-002-MJSK', 'ST-NOR', 'E', '10'),
('TT-002-MJSK', 'ST-NOR', 'E', '11'),
('TT-002-MJSK', 'ST-NOR', 'E', '12'),
('TT-002-MJSK', 'ST-NOR', 'E', '13'),
('TT-002-MJSK', 'ST-NOR', 'E', '14'),
('TT-002-MJSK', 'ST-NOR', 'E', '15'),
('TT-002-MJSK', 'ST-NOR', 'E', '16'),
('TT-002-MJSK', 'ST-NOR', 'E', '17'),
('TT-002-MJSK', 'ST-NOR', 'E', '2'),
('TT-002-MJSK', 'ST-NOR', 'E', '3'),
('TT-002-MJSK', 'ST-NOR', 'E', '4'),
('TT-002-MJSK', 'ST-NOR', 'E', '5'),
('TT-002-MJSK', 'ST-NOR', 'E', '6'),
('TT-002-MJSK', 'ST-NOR', 'E', '7'),
('TT-002-MJSK', 'ST-NOR', 'E', '8'),
('TT-002-MJSK', 'ST-NOR', 'E', '9'),
('TT-002-MJSK', 'ST-NOR', 'F', '1'),
('TT-002-MJSK', 'ST-NOR', 'F', '10'),
('TT-002-MJSK', 'ST-NOR', 'F', '11'),
('TT-002-MJSK', 'ST-NOR', 'F', '12'),
('TT-002-MJSK', 'ST-NOR', 'F', '13'),
('TT-002-MJSK', 'ST-NOR', 'F', '14'),
('TT-002-MJSK', 'ST-NOR', 'F', '15'),
('TT-002-MJSK', 'ST-NOR', 'F', '16'),
('TT-002-MJSK', 'ST-NOR', 'F', '17'),
('TT-002-MJSK', 'ST-NOR', 'F', '2'),
('TT-002-MJSK', 'ST-NOR', 'F', '3'),
('TT-002-MJSK', 'ST-NOR', 'F', '4'),
('TT-002-MJSK', 'ST-NOR', 'F', '5'),
('TT-002-MJSK', 'ST-NOR', 'F', '6'),
('TT-002-MJSK', 'ST-NOR', 'F', '7'),
('TT-002-MJSK', 'ST-NOR', 'F', '8'),
('TT-002-MJSK', 'ST-NOR', 'F', '9'),
('TT-002-MJSK', 'ST-NOR', 'G', '1'),
('TT-002-MJSK', 'ST-NOR', 'G', '10'),
('TT-002-MJSK', 'ST-NOR', 'G', '11'),
('TT-002-MJSK', 'ST-NOR', 'G', '12'),
('TT-002-MJSK', 'ST-NOR', 'G', '13'),
('TT-002-MJSK', 'ST-NOR', 'G', '14'),
('TT-002-MJSK', 'ST-NOR', 'G', '15'),
('TT-002-MJSK', 'ST-NOR', 'G', '16'),
('TT-002-MJSK', 'ST-NOR', 'G', '17'),
('TT-002-MJSK', 'ST-NOR', 'G', '2'),
('TT-002-MJSK', 'ST-NOR', 'G', '3'),
('TT-002-MJSK', 'ST-NOR', 'G', '4'),
('TT-002-MJSK', 'ST-NOR', 'G', '5'),
('TT-002-MJSK', 'ST-NOR', 'G', '6'),
('TT-002-MJSK', 'ST-NOR', 'G', '7'),
('TT-002-MJSK', 'ST-NOR', 'G', '8'),
('TT-002-MJSK', 'ST-NOR', 'G', '9'),
('TT-002-MJSK', 'ST-NOR', 'H', '1'),
('TT-002-MJSK', 'ST-NOR', 'H', '10'),
('TT-002-MJSK', 'ST-NOR', 'H', '11'),
('TT-002-MJSK', 'ST-NOR', 'H', '12'),
('TT-002-MJSK', 'ST-NOR', 'H', '13'),
('TT-002-MJSK', 'ST-NOR', 'H', '14'),
('TT-002-MJSK', 'ST-NOR', 'H', '15'),
('TT-002-MJSK', 'ST-NOR', 'H', '16'),
('TT-002-MJSK', 'ST-NOR', 'H', '17'),
('TT-002-MJSK', 'ST-NOR', 'H', '2'),
('TT-002-MJSK', 'ST-NOR', 'H', '3'),
('TT-002-MJSK', 'ST-NOR', 'H', '4'),
('TT-002-MJSK', 'ST-NOR', 'H', '5'),
('TT-002-MJSK', 'ST-NOR', 'H', '6'),
('TT-002-MJSK', 'ST-NOR', 'H', '7'),
('TT-002-MJSK', 'ST-NOR', 'H', '8'),
('TT-002-MJSK', 'ST-NOR', 'H', '9'),
('TT-002-MJSK', 'ST-NOR', 'I', '1'),
('TT-002-MJSK', 'ST-NOR', 'I', '10'),
('TT-002-MJSK', 'ST-NOR', 'I', '11'),
('TT-002-MJSK', 'ST-NOR', 'I', '12'),
('TT-002-MJSK', 'ST-NOR', 'I', '13'),
('TT-002-MJSK', 'ST-NOR', 'I', '14'),
('TT-002-MJSK', 'ST-NOR', 'I', '15'),
('TT-002-MJSK', 'ST-NOR', 'I', '16'),
('TT-002-MJSK', 'ST-NOR', 'I', '17'),
('TT-002-MJSK', 'ST-NOR', 'I', '2'),
('TT-002-MJSK', 'ST-NOR', 'I', '3'),
('TT-002-MJSK', 'ST-NOR', 'I', '4'),
('TT-002-MJSK', 'ST-NOR', 'I', '5'),
('TT-002-MJSK', 'ST-NOR', 'I', '6'),
('TT-002-MJSK', 'ST-NOR', 'I', '7'),
('TT-002-MJSK', 'ST-NOR', 'I', '8'),
('TT-002-MJSK', 'ST-NOR', 'I', '9'),
('TT-002-MJSK', 'ST-NOR', 'J', '1'),
('TT-002-MJSK', 'ST-NOR', 'J', '10'),
('TT-002-MJSK', 'ST-NOR', 'J', '11'),
('TT-002-MJSK', 'ST-NOR', 'J', '12'),
('TT-002-MJSK', 'ST-NOR', 'J', '13'),
('TT-002-MJSK', 'ST-NOR', 'J', '14'),
('TT-002-MJSK', 'ST-NOR', 'J', '15'),
('TT-002-MJSK', 'ST-NOR', 'J', '16'),
('TT-002-MJSK', 'ST-NOR', 'J', '17'),
('TT-002-MJSK', 'ST-NOR', 'J', '2'),
('TT-002-MJSK', 'ST-NOR', 'J', '3'),
('TT-002-MJSK', 'ST-NOR', 'J', '4'),
('TT-002-MJSK', 'ST-NOR', 'J', '5'),
('TT-002-MJSK', 'ST-NOR', 'J', '6'),
('TT-002-MJSK', 'ST-NOR', 'J', '7'),
('TT-002-MJSK', 'ST-NOR', 'J', '8'),
('TT-002-MJSK', 'ST-NOR', 'J', '9'),
('TT-002-SEAC', 'ST-HNY', 'A', '1'),
('TT-002-SEAC', 'ST-HNY', 'A', '10'),
('TT-002-SEAC', 'ST-HNY', 'A', '11'),
('TT-002-SEAC', 'ST-HNY', 'A', '12'),
('TT-002-SEAC', 'ST-HNY', 'A', '13'),
('TT-002-SEAC', 'ST-HNY', 'A', '14'),
('TT-002-SEAC', 'ST-HNY', 'A', '15'),
('TT-002-SEAC', 'ST-HNY', 'A', '16'),
('TT-002-SEAC', 'ST-HNY', 'A', '17'),
('TT-002-SEAC', 'ST-HNY', 'A', '18'),
('TT-002-SEAC', 'ST-HNY', 'A', '19'),
('TT-002-SEAC', 'ST-HNY', 'A', '2'),
('TT-002-SEAC', 'ST-HNY', 'A', '20'),
('TT-002-SEAC', 'ST-HNY', 'A', '21'),
('TT-002-SEAC', 'ST-HNY', 'A', '3'),
('TT-002-SEAC', 'ST-HNY', 'A', '4'),
('TT-002-SEAC', 'ST-HNY', 'A', '5'),
('TT-002-SEAC', 'ST-HNY', 'A', '6'),
('TT-002-SEAC', 'ST-HNY', 'A', '7'),
('TT-002-SEAC', 'ST-HNY', 'A', '8'),
('TT-002-SEAC', 'ST-HNY', 'A', '9'),
('TT-002-SEAC', 'ST-HNY', 'B', '1'),
('TT-002-SEAC', 'ST-HNY', 'B', '10'),
('TT-002-SEAC', 'ST-HNY', 'B', '11'),
('TT-002-SEAC', 'ST-HNY', 'B', '12'),
('TT-002-SEAC', 'ST-HNY', 'B', '13'),
('TT-002-SEAC', 'ST-HNY', 'B', '14'),
('TT-002-SEAC', 'ST-HNY', 'B', '15'),
('TT-002-SEAC', 'ST-HNY', 'B', '16'),
('TT-002-SEAC', 'ST-HNY', 'B', '17'),
('TT-002-SEAC', 'ST-HNY', 'B', '18'),
('TT-002-SEAC', 'ST-HNY', 'B', '19'),
('TT-002-SEAC', 'ST-HNY', 'B', '2'),
('TT-002-SEAC', 'ST-HNY', 'B', '20'),
('TT-002-SEAC', 'ST-HNY', 'B', '21'),
('TT-002-SEAC', 'ST-HNY', 'B', '3'),
('TT-002-SEAC', 'ST-HNY', 'B', '4'),
('TT-002-SEAC', 'ST-HNY', 'B', '5'),
('TT-002-SEAC', 'ST-HNY', 'B', '6'),
('TT-002-SEAC', 'ST-HNY', 'B', '7'),
('TT-002-SEAC', 'ST-HNY', 'B', '8'),
('TT-002-SEAC', 'ST-HNY', 'B', '9'),
('TT-002-SEAC', 'ST-HNY', 'C', '1'),
('TT-002-SEAC', 'ST-HNY', 'C', '10'),
('TT-002-SEAC', 'ST-HNY', 'C', '11'),
('TT-002-SEAC', 'ST-HNY', 'C', '12'),
('TT-002-SEAC', 'ST-HNY', 'C', '13'),
('TT-002-SEAC', 'ST-HNY', 'C', '14'),
('TT-002-SEAC', 'ST-HNY', 'C', '15'),
('TT-002-SEAC', 'ST-HNY', 'C', '16'),
('TT-002-SEAC', 'ST-HNY', 'C', '17'),
('TT-002-SEAC', 'ST-HNY', 'C', '18'),
('TT-002-SEAC', 'ST-HNY', 'C', '19'),
('TT-002-SEAC', 'ST-HNY', 'C', '2'),
('TT-002-SEAC', 'ST-HNY', 'C', '20'),
('TT-002-SEAC', 'ST-HNY', 'C', '21'),
('TT-002-SEAC', 'ST-HNY', 'C', '3'),
('TT-002-SEAC', 'ST-HNY', 'C', '4'),
('TT-002-SEAC', 'ST-HNY', 'C', '5'),
('TT-002-SEAC', 'ST-HNY', 'C', '6'),
('TT-002-SEAC', 'ST-HNY', 'C', '7'),
('TT-002-SEAC', 'ST-HNY', 'C', '8'),
('TT-002-SEAC', 'ST-HNY', 'C', '9'),
('TT-002-SEAC', 'ST-NOR', 'D', '1'),
('TT-002-SEAC', 'ST-NOR', 'D', '10'),
('TT-002-SEAC', 'ST-NOR', 'D', '11'),
('TT-002-SEAC', 'ST-NOR', 'D', '12'),
('TT-002-SEAC', 'ST-NOR', 'D', '13'),
('TT-002-SEAC', 'ST-NOR', 'D', '14'),
('TT-002-SEAC', 'ST-NOR', 'D', '15'),
('TT-002-SEAC', 'ST-NOR', 'D', '16'),
('TT-002-SEAC', 'ST-NOR', 'D', '17'),
('TT-002-SEAC', 'ST-NOR', 'D', '18'),
('TT-002-SEAC', 'ST-NOR', 'D', '19'),
('TT-002-SEAC', 'ST-NOR', 'D', '2'),
('TT-002-SEAC', 'ST-NOR', 'D', '20'),
('TT-002-SEAC', 'ST-NOR', 'D', '21'),
('TT-002-SEAC', 'ST-NOR', 'D', '3'),
('TT-002-SEAC', 'ST-NOR', 'D', '4'),
('TT-002-SEAC', 'ST-NOR', 'D', '5'),
('TT-002-SEAC', 'ST-NOR', 'D', '6'),
('TT-002-SEAC', 'ST-NOR', 'D', '7'),
('TT-002-SEAC', 'ST-NOR', 'D', '8'),
('TT-002-SEAC', 'ST-NOR', 'D', '9'),
('TT-002-SEAC', 'ST-NOR', 'E', '1'),
('TT-002-SEAC', 'ST-NOR', 'E', '10'),
('TT-002-SEAC', 'ST-NOR', 'E', '11'),
('TT-002-SEAC', 'ST-NOR', 'E', '12'),
('TT-002-SEAC', 'ST-NOR', 'E', '13'),
('TT-002-SEAC', 'ST-NOR', 'E', '14'),
('TT-002-SEAC', 'ST-NOR', 'E', '15'),
('TT-002-SEAC', 'ST-NOR', 'E', '16'),
('TT-002-SEAC', 'ST-NOR', 'E', '17'),
('TT-002-SEAC', 'ST-NOR', 'E', '18'),
('TT-002-SEAC', 'ST-NOR', 'E', '19'),
('TT-002-SEAC', 'ST-NOR', 'E', '2'),
('TT-002-SEAC', 'ST-NOR', 'E', '20'),
('TT-002-SEAC', 'ST-NOR', 'E', '21'),
('TT-002-SEAC', 'ST-NOR', 'E', '3'),
('TT-002-SEAC', 'ST-NOR', 'E', '4'),
('TT-002-SEAC', 'ST-NOR', 'E', '5'),
('TT-002-SEAC', 'ST-NOR', 'E', '6'),
('TT-002-SEAC', 'ST-NOR', 'E', '7'),
('TT-002-SEAC', 'ST-NOR', 'E', '8'),
('TT-002-SEAC', 'ST-NOR', 'E', '9'),
('TT-002-SEAC', 'ST-NOR', 'F', '1'),
('TT-002-SEAC', 'ST-NOR', 'F', '10'),
('TT-002-SEAC', 'ST-NOR', 'F', '11'),
('TT-002-SEAC', 'ST-NOR', 'F', '12'),
('TT-002-SEAC', 'ST-NOR', 'F', '13'),
('TT-002-SEAC', 'ST-NOR', 'F', '14'),
('TT-002-SEAC', 'ST-NOR', 'F', '15'),
('TT-002-SEAC', 'ST-NOR', 'F', '16'),
('TT-002-SEAC', 'ST-NOR', 'F', '17'),
('TT-002-SEAC', 'ST-NOR', 'F', '18'),
('TT-002-SEAC', 'ST-NOR', 'F', '19'),
('TT-002-SEAC', 'ST-NOR', 'F', '2'),
('TT-002-SEAC', 'ST-NOR', 'F', '20'),
('TT-002-SEAC', 'ST-NOR', 'F', '21'),
('TT-002-SEAC', 'ST-NOR', 'F', '3'),
('TT-002-SEAC', 'ST-NOR', 'F', '4'),
('TT-002-SEAC', 'ST-NOR', 'F', '5'),
('TT-002-SEAC', 'ST-NOR', 'F', '6'),
('TT-002-SEAC', 'ST-NOR', 'F', '7'),
('TT-002-SEAC', 'ST-NOR', 'F', '8'),
('TT-002-SEAC', 'ST-NOR', 'F', '9'),
('TT-002-SEAC', 'ST-NOR', 'G', '1'),
('TT-002-SEAC', 'ST-NOR', 'G', '10'),
('TT-002-SEAC', 'ST-NOR', 'G', '11'),
('TT-002-SEAC', 'ST-NOR', 'G', '12'),
('TT-002-SEAC', 'ST-NOR', 'G', '13'),
('TT-002-SEAC', 'ST-NOR', 'G', '14'),
('TT-002-SEAC', 'ST-NOR', 'G', '15'),
('TT-002-SEAC', 'ST-NOR', 'G', '16'),
('TT-002-SEAC', 'ST-NOR', 'G', '17'),
('TT-002-SEAC', 'ST-NOR', 'G', '18'),
('TT-002-SEAC', 'ST-NOR', 'G', '19'),
('TT-002-SEAC', 'ST-NOR', 'G', '2'),
('TT-002-SEAC', 'ST-NOR', 'G', '20'),
('TT-002-SEAC', 'ST-NOR', 'G', '21'),
('TT-002-SEAC', 'ST-NOR', 'G', '3'),
('TT-002-SEAC', 'ST-NOR', 'G', '4'),
('TT-002-SEAC', 'ST-NOR', 'G', '5'),
('TT-002-SEAC', 'ST-NOR', 'G', '6'),
('TT-002-SEAC', 'ST-NOR', 'G', '7'),
('TT-002-SEAC', 'ST-NOR', 'G', '8'),
('TT-002-SEAC', 'ST-NOR', 'G', '9'),
('TT-002-SEAC', 'ST-NOR', 'H', '1'),
('TT-002-SEAC', 'ST-NOR', 'H', '10'),
('TT-002-SEAC', 'ST-NOR', 'H', '11'),
('TT-002-SEAC', 'ST-NOR', 'H', '12'),
('TT-002-SEAC', 'ST-NOR', 'H', '13'),
('TT-002-SEAC', 'ST-NOR', 'H', '14'),
('TT-002-SEAC', 'ST-NOR', 'H', '15'),
('TT-002-SEAC', 'ST-NOR', 'H', '16'),
('TT-002-SEAC', 'ST-NOR', 'H', '17'),
('TT-002-SEAC', 'ST-NOR', 'H', '18'),
('TT-002-SEAC', 'ST-NOR', 'H', '19'),
('TT-002-SEAC', 'ST-NOR', 'H', '2'),
('TT-002-SEAC', 'ST-NOR', 'H', '20'),
('TT-002-SEAC', 'ST-NOR', 'H', '21'),
('TT-002-SEAC', 'ST-NOR', 'H', '3'),
('TT-002-SEAC', 'ST-NOR', 'H', '4'),
('TT-002-SEAC', 'ST-NOR', 'H', '5'),
('TT-002-SEAC', 'ST-NOR', 'H', '6'),
('TT-002-SEAC', 'ST-NOR', 'H', '7'),
('TT-002-SEAC', 'ST-NOR', 'H', '8'),
('TT-002-SEAC', 'ST-NOR', 'H', '9'),
('TT-002-SEAC', 'ST-NOR', 'I', '1'),
('TT-002-SEAC', 'ST-NOR', 'I', '10'),
('TT-002-SEAC', 'ST-NOR', 'I', '11'),
('TT-002-SEAC', 'ST-NOR', 'I', '12'),
('TT-002-SEAC', 'ST-NOR', 'I', '13'),
('TT-002-SEAC', 'ST-NOR', 'I', '14'),
('TT-002-SEAC', 'ST-NOR', 'I', '15'),
('TT-002-SEAC', 'ST-NOR', 'I', '16'),
('TT-002-SEAC', 'ST-NOR', 'I', '17'),
('TT-002-SEAC', 'ST-NOR', 'I', '18'),
('TT-002-SEAC', 'ST-NOR', 'I', '19'),
('TT-002-SEAC', 'ST-NOR', 'I', '2'),
('TT-002-SEAC', 'ST-NOR', 'I', '20'),
('TT-002-SEAC', 'ST-NOR', 'I', '21'),
('TT-002-SEAC', 'ST-NOR', 'I', '3'),
('TT-002-SEAC', 'ST-NOR', 'I', '4'),
('TT-002-SEAC', 'ST-NOR', 'I', '5'),
('TT-002-SEAC', 'ST-NOR', 'I', '6'),
('TT-002-SEAC', 'ST-NOR', 'I', '7'),
('TT-002-SEAC', 'ST-NOR', 'I', '8'),
('TT-002-SEAC', 'ST-NOR', 'I', '9'),
('TT-002-SEAC', 'ST-NOR', 'J', '1'),
('TT-002-SEAC', 'ST-NOR', 'J', '10'),
('TT-002-SEAC', 'ST-NOR', 'J', '11'),
('TT-002-SEAC', 'ST-NOR', 'J', '12'),
('TT-002-SEAC', 'ST-NOR', 'J', '13'),
('TT-002-SEAC', 'ST-NOR', 'J', '14'),
('TT-002-SEAC', 'ST-NOR', 'J', '15'),
('TT-002-SEAC', 'ST-NOR', 'J', '16'),
('TT-002-SEAC', 'ST-NOR', 'J', '17'),
('TT-002-SEAC', 'ST-NOR', 'J', '18'),
('TT-002-SEAC', 'ST-NOR', 'J', '19'),
('TT-002-SEAC', 'ST-NOR', 'J', '2'),
('TT-002-SEAC', 'ST-NOR', 'J', '20'),
('TT-002-SEAC', 'ST-NOR', 'J', '21'),
('TT-002-SEAC', 'ST-NOR', 'J', '3'),
('TT-002-SEAC', 'ST-NOR', 'J', '4'),
('TT-002-SEAC', 'ST-NOR', 'J', '5'),
('TT-002-SEAC', 'ST-NOR', 'J', '6'),
('TT-002-SEAC', 'ST-NOR', 'J', '7'),
('TT-002-SEAC', 'ST-NOR', 'J', '8'),
('TT-002-SEAC', 'ST-NOR', 'J', '9'),
('TT-002-SEAC', 'ST-NOR', 'K', '1'),
('TT-002-SEAC', 'ST-NOR', 'K', '10'),
('TT-002-SEAC', 'ST-NOR', 'K', '11'),
('TT-002-SEAC', 'ST-NOR', 'K', '12'),
('TT-002-SEAC', 'ST-NOR', 'K', '13'),
('TT-002-SEAC', 'ST-NOR', 'K', '14'),
('TT-002-SEAC', 'ST-NOR', 'K', '15'),
('TT-002-SEAC', 'ST-NOR', 'K', '16'),
('TT-002-SEAC', 'ST-NOR', 'K', '17'),
('TT-002-SEAC', 'ST-NOR', 'K', '18'),
('TT-002-SEAC', 'ST-NOR', 'K', '19'),
('TT-002-SEAC', 'ST-NOR', 'K', '2'),
('TT-002-SEAC', 'ST-NOR', 'K', '20'),
('TT-002-SEAC', 'ST-NOR', 'K', '21'),
('TT-002-SEAC', 'ST-NOR', 'K', '3'),
('TT-002-SEAC', 'ST-NOR', 'K', '4'),
('TT-002-SEAC', 'ST-NOR', 'K', '5'),
('TT-002-SEAC', 'ST-NOR', 'K', '6'),
('TT-002-SEAC', 'ST-NOR', 'K', '7'),
('TT-002-SEAC', 'ST-NOR', 'K', '8'),
('TT-002-SEAC', 'ST-NOR', 'K', '9'),
('TT-002-SEAC', 'ST-OPR', 'VA', '1'),
('TT-002-SEAC', 'ST-OPR', 'VA', '10'),
('TT-002-SEAC', 'ST-OPR', 'VA', '11'),
('TT-002-SEAC', 'ST-OPR', 'VA', '12'),
('TT-002-SEAC', 'ST-OPR', 'VA', '2'),
('TT-002-SEAC', 'ST-OPR', 'VA', '3'),
('TT-002-SEAC', 'ST-OPR', 'VA', '4'),
('TT-002-SEAC', 'ST-OPR', 'VA', '5'),
('TT-002-SEAC', 'ST-OPR', 'VA', '6'),
('TT-002-SEAC', 'ST-OPR', 'VA', '7'),
('TT-002-SEAC', 'ST-OPR', 'VA', '8'),
('TT-002-SEAC', 'ST-OPR', 'VA', '9'),
('TT-002-SEAC', 'ST-OPR', 'VB', '1'),
('TT-002-SEAC', 'ST-OPR', 'VB', '10'),
('TT-002-SEAC', 'ST-OPR', 'VB', '11'),
('TT-002-SEAC', 'ST-OPR', 'VB', '12'),
('TT-002-SEAC', 'ST-OPR', 'VB', '2'),
('TT-002-SEAC', 'ST-OPR', 'VB', '3'),
('TT-002-SEAC', 'ST-OPR', 'VB', '4'),
('TT-002-SEAC', 'ST-OPR', 'VB', '5'),
('TT-002-SEAC', 'ST-OPR', 'VB', '6'),
('TT-002-SEAC', 'ST-OPR', 'VB', '7'),
('TT-002-SEAC', 'ST-OPR', 'VB', '8'),
('TT-002-SEAC', 'ST-OPR', 'VB', '9'),
('TT-003-CMAP', 'ST-HNY', 'A', '01'),
('TT-003-CMAP', 'ST-HNY', 'A', '02'),
('TT-003-CMAP', 'ST-HNY', 'A', '03'),
('TT-003-CMAP', 'ST-HNY', 'A', '04'),
('TT-003-CMAP', 'ST-HNY', 'A', '05'),
('TT-003-CMAP', 'ST-HNY', 'A', '06'),
('TT-003-CMAP', 'ST-HNY', 'A', '07'),
('TT-003-CMAP', 'ST-HNY', 'A', '08'),
('TT-003-CMAP', 'ST-HNY', 'A', '09'),
('TT-003-CMAP', 'ST-HNY', 'A', '10'),
('TT-003-CMAP', 'ST-HNY', 'A', '11'),
('TT-003-CMAP', 'ST-HNY', 'A', '12'),
('TT-003-CMAP', 'ST-HNY', 'A', '13'),
('TT-003-CMAP', 'ST-HNY', 'A', '14'),
('TT-003-CMAP', 'ST-HNY', 'A', '15'),
('TT-003-CMAP', 'ST-HNY', 'A', '16'),
('TT-003-CMAP', 'ST-HNY', 'A', '17'),
('TT-003-CMAP', 'ST-HNY', 'B', '01'),
('TT-003-CMAP', 'ST-HNY', 'B', '02'),
('TT-003-CMAP', 'ST-HNY', 'B', '03'),
('TT-003-CMAP', 'ST-HNY', 'B', '04'),
('TT-003-CMAP', 'ST-HNY', 'B', '05'),
('TT-003-CMAP', 'ST-HNY', 'B', '06'),
('TT-003-CMAP', 'ST-HNY', 'B', '07'),
('TT-003-CMAP', 'ST-HNY', 'B', '08'),
('TT-003-CMAP', 'ST-HNY', 'B', '09'),
('TT-003-CMAP', 'ST-HNY', 'B', '10'),
('TT-003-CMAP', 'ST-HNY', 'B', '11'),
('TT-003-CMAP', 'ST-HNY', 'B', '12'),
('TT-003-CMAP', 'ST-HNY', 'B', '13'),
('TT-003-CMAP', 'ST-HNY', 'B', '14'),
('TT-003-CMAP', 'ST-HNY', 'B', '15'),
('TT-003-CMAP', 'ST-HNY', 'B', '16'),
('TT-003-CMAP', 'ST-HNY', 'B', '17'),
('TT-003-CMAP', 'ST-HNY', 'C', '01'),
('TT-003-CMAP', 'ST-HNY', 'C', '02'),
('TT-003-CMAP', 'ST-HNY', 'C', '03'),
('TT-003-CMAP', 'ST-HNY', 'C', '04'),
('TT-003-CMAP', 'ST-HNY', 'C', '05'),
('TT-003-CMAP', 'ST-HNY', 'C', '06'),
('TT-003-CMAP', 'ST-HNY', 'C', '07'),
('TT-003-CMAP', 'ST-HNY', 'C', '08'),
('TT-003-CMAP', 'ST-HNY', 'C', '09'),
('TT-003-CMAP', 'ST-HNY', 'C', '10'),
('TT-003-CMAP', 'ST-HNY', 'C', '11'),
('TT-003-CMAP', 'ST-HNY', 'C', '12'),
('TT-003-CMAP', 'ST-HNY', 'C', '13'),
('TT-003-CMAP', 'ST-HNY', 'C', '14'),
('TT-003-CMAP', 'ST-HNY', 'C', '15'),
('TT-003-CMAP', 'ST-HNY', 'C', '16'),
('TT-003-CMAP', 'ST-HNY', 'C', '17'),
('TT-003-CMAP', 'ST-NOR', 'D', '01'),
('TT-003-CMAP', 'ST-NOR', 'D', '02'),
('TT-003-CMAP', 'ST-NOR', 'D', '03'),
('TT-003-CMAP', 'ST-NOR', 'D', '04'),
('TT-003-CMAP', 'ST-NOR', 'D', '05'),
('TT-003-CMAP', 'ST-NOR', 'D', '06'),
('TT-003-CMAP', 'ST-NOR', 'D', '07'),
('TT-003-CMAP', 'ST-NOR', 'D', '08'),
('TT-003-CMAP', 'ST-NOR', 'D', '09'),
('TT-003-CMAP', 'ST-NOR', 'D', '10'),
('TT-003-CMAP', 'ST-NOR', 'D', '11'),
('TT-003-CMAP', 'ST-NOR', 'D', '12'),
('TT-003-CMAP', 'ST-NOR', 'D', '13'),
('TT-003-CMAP', 'ST-NOR', 'D', '14'),
('TT-003-CMAP', 'ST-NOR', 'D', '15'),
('TT-003-CMAP', 'ST-NOR', 'D', '16'),
('TT-003-CMAP', 'ST-NOR', 'D', '17'),
('TT-003-CMAP', 'ST-NOR', 'E', '01'),
('TT-003-CMAP', 'ST-NOR', 'E', '02'),
('TT-003-CMAP', 'ST-NOR', 'E', '03'),
('TT-003-CMAP', 'ST-NOR', 'E', '04'),
('TT-003-CMAP', 'ST-NOR', 'E', '05'),
('TT-003-CMAP', 'ST-NOR', 'E', '06'),
('TT-003-CMAP', 'ST-NOR', 'E', '07'),
('TT-003-CMAP', 'ST-NOR', 'E', '08'),
('TT-003-CMAP', 'ST-NOR', 'E', '09'),
('TT-003-CMAP', 'ST-NOR', 'E', '10'),
('TT-003-CMAP', 'ST-NOR', 'E', '11'),
('TT-003-CMAP', 'ST-NOR', 'E', '12'),
('TT-003-CMAP', 'ST-NOR', 'E', '13'),
('TT-003-CMAP', 'ST-NOR', 'E', '14'),
('TT-003-CMAP', 'ST-NOR', 'E', '15'),
('TT-003-CMAP', 'ST-NOR', 'E', '16'),
('TT-003-CMAP', 'ST-NOR', 'E', '17'),
('TT-003-CMAP', 'ST-NOR', 'F', '01'),
('TT-003-CMAP', 'ST-NOR', 'F', '02'),
('TT-003-CMAP', 'ST-NOR', 'F', '03'),
('TT-003-CMAP', 'ST-NOR', 'F', '04'),
('TT-003-CMAP', 'ST-NOR', 'F', '05'),
('TT-003-CMAP', 'ST-NOR', 'F', '06'),
('TT-003-CMAP', 'ST-NOR', 'F', '07'),
('TT-003-CMAP', 'ST-NOR', 'F', '08'),
('TT-003-CMAP', 'ST-NOR', 'F', '09'),
('TT-003-CMAP', 'ST-NOR', 'F', '10'),
('TT-003-CMAP', 'ST-NOR', 'F', '11'),
('TT-003-CMAP', 'ST-NOR', 'F', '12'),
('TT-003-CMAP', 'ST-NOR', 'F', '13'),
('TT-003-CMAP', 'ST-NOR', 'F', '14'),
('TT-003-CMAP', 'ST-NOR', 'F', '15'),
('TT-003-CMAP', 'ST-NOR', 'F', '16'),
('TT-003-CMAP', 'ST-NOR', 'F', '17'),
('TT-003-CMAP', 'ST-NOR', 'G', '01'),
('TT-003-CMAP', 'ST-NOR', 'G', '02'),
('TT-003-CMAP', 'ST-NOR', 'G', '03'),
('TT-003-CMAP', 'ST-NOR', 'G', '04'),
('TT-003-CMAP', 'ST-NOR', 'G', '05'),
('TT-003-CMAP', 'ST-NOR', 'G', '06'),
('TT-003-CMAP', 'ST-NOR', 'G', '07'),
('TT-003-CMAP', 'ST-NOR', 'G', '08'),
('TT-003-CMAP', 'ST-NOR', 'G', '09'),
('TT-003-CMAP', 'ST-NOR', 'G', '10'),
('TT-003-CMAP', 'ST-NOR', 'G', '11'),
('TT-003-CMAP', 'ST-NOR', 'G', '12'),
('TT-003-CMAP', 'ST-NOR', 'G', '13'),
('TT-003-CMAP', 'ST-NOR', 'G', '14'),
('TT-003-CMAP', 'ST-NOR', 'G', '15'),
('TT-003-CMAP', 'ST-NOR', 'G', '16'),
('TT-003-CMAP', 'ST-NOR', 'G', '17'),
('TT-003-CMAP', 'ST-NOR', 'H', '01'),
('TT-003-CMAP', 'ST-NOR', 'H', '02'),
('TT-003-CMAP', 'ST-NOR', 'H', '03'),
('TT-003-CMAP', 'ST-NOR', 'H', '04'),
('TT-003-CMAP', 'ST-NOR', 'H', '05'),
('TT-003-CMAP', 'ST-NOR', 'H', '06'),
('TT-003-CMAP', 'ST-NOR', 'H', '07'),
('TT-003-CMAP', 'ST-NOR', 'H', '08'),
('TT-003-CMAP', 'ST-NOR', 'H', '09'),
('TT-003-CMAP', 'ST-NOR', 'H', '10'),
('TT-003-CMAP', 'ST-NOR', 'H', '11'),
('TT-003-CMAP', 'ST-NOR', 'H', '12'),
('TT-003-CMAP', 'ST-NOR', 'H', '13'),
('TT-003-CMAP', 'ST-NOR', 'H', '14'),
('TT-003-CMAP', 'ST-NOR', 'H', '15'),
('TT-003-CMAP', 'ST-NOR', 'H', '16'),
('TT-003-CMAP', 'ST-NOR', 'H', '17'),
('TT-003-CMAP', 'ST-NOR', 'I', '01'),
('TT-003-CMAP', 'ST-NOR', 'I', '02'),
('TT-003-CMAP', 'ST-NOR', 'I', '03'),
('TT-003-CMAP', 'ST-NOR', 'I', '04'),
('TT-003-CMAP', 'ST-NOR', 'I', '05'),
('TT-003-CMAP', 'ST-NOR', 'I', '06'),
('TT-003-CMAP', 'ST-NOR', 'I', '07'),
('TT-003-CMAP', 'ST-NOR', 'I', '08'),
('TT-003-CMAP', 'ST-NOR', 'I', '09'),
('TT-003-CMAP', 'ST-NOR', 'I', '10'),
('TT-003-CMAP', 'ST-NOR', 'I', '11'),
('TT-003-CMAP', 'ST-NOR', 'I', '12'),
('TT-003-CMAP', 'ST-NOR', 'I', '13'),
('TT-003-CMAP', 'ST-NOR', 'I', '14'),
('TT-003-CMAP', 'ST-NOR', 'I', '15'),
('TT-003-CMAP', 'ST-NOR', 'I', '16'),
('TT-003-CMAP', 'ST-NOR', 'I', '17'),
('TT-003-CTCR', 'ST-HNY', 'A', '1'),
('TT-003-CTCR', 'ST-HNY', 'A', '10'),
('TT-003-CTCR', 'ST-HNY', 'A', '11'),
('TT-003-CTCR', 'ST-HNY', 'A', '12'),
('TT-003-CTCR', 'ST-HNY', 'A', '13'),
('TT-003-CTCR', 'ST-HNY', 'A', '14'),
('TT-003-CTCR', 'ST-HNY', 'A', '15'),
('TT-003-CTCR', 'ST-HNY', 'A', '2'),
('TT-003-CTCR', 'ST-HNY', 'A', '3'),
('TT-003-CTCR', 'ST-HNY', 'A', '4'),
('TT-003-CTCR', 'ST-HNY', 'A', '5'),
('TT-003-CTCR', 'ST-HNY', 'A', '6'),
('TT-003-CTCR', 'ST-HNY', 'A', '7'),
('TT-003-CTCR', 'ST-HNY', 'A', '8'),
('TT-003-CTCR', 'ST-HNY', 'A', '9'),
('TT-003-CTCR', 'ST-HNY', 'B', '1'),
('TT-003-CTCR', 'ST-HNY', 'B', '10'),
('TT-003-CTCR', 'ST-HNY', 'B', '11'),
('TT-003-CTCR', 'ST-HNY', 'B', '12'),
('TT-003-CTCR', 'ST-HNY', 'B', '13'),
('TT-003-CTCR', 'ST-HNY', 'B', '14'),
('TT-003-CTCR', 'ST-HNY', 'B', '15'),
('TT-003-CTCR', 'ST-HNY', 'B', '16'),
('TT-003-CTCR', 'ST-HNY', 'B', '17'),
('TT-003-CTCR', 'ST-HNY', 'B', '18'),
('TT-003-CTCR', 'ST-HNY', 'B', '19'),
('TT-003-CTCR', 'ST-HNY', 'B', '2'),
('TT-003-CTCR', 'ST-HNY', 'B', '3'),
('TT-003-CTCR', 'ST-HNY', 'B', '4'),
('TT-003-CTCR', 'ST-HNY', 'B', '5'),
('TT-003-CTCR', 'ST-HNY', 'B', '6'),
('TT-003-CTCR', 'ST-HNY', 'B', '7'),
('TT-003-CTCR', 'ST-HNY', 'B', '8'),
('TT-003-CTCR', 'ST-HNY', 'B', '9'),
('TT-003-CTCR', 'ST-HNY', 'C', '1'),
('TT-003-CTCR', 'ST-HNY', 'C', '10'),
('TT-003-CTCR', 'ST-HNY', 'C', '11'),
('TT-003-CTCR', 'ST-HNY', 'C', '12'),
('TT-003-CTCR', 'ST-HNY', 'C', '13'),
('TT-003-CTCR', 'ST-HNY', 'C', '14'),
('TT-003-CTCR', 'ST-HNY', 'C', '15'),
('TT-003-CTCR', 'ST-HNY', 'C', '16'),
('TT-003-CTCR', 'ST-HNY', 'C', '17'),
('TT-003-CTCR', 'ST-HNY', 'C', '18'),
('TT-003-CTCR', 'ST-HNY', 'C', '19'),
('TT-003-CTCR', 'ST-HNY', 'C', '2'),
('TT-003-CTCR', 'ST-HNY', 'C', '20'),
('TT-003-CTCR', 'ST-HNY', 'C', '3'),
('TT-003-CTCR', 'ST-HNY', 'C', '4'),
('TT-003-CTCR', 'ST-HNY', 'C', '5'),
('TT-003-CTCR', 'ST-HNY', 'C', '6'),
('TT-003-CTCR', 'ST-HNY', 'C', '7'),
('TT-003-CTCR', 'ST-HNY', 'C', '8'),
('TT-003-CTCR', 'ST-HNY', 'C', '9'),
('TT-003-CTCR', 'ST-HNY', 'D', '1'),
('TT-003-CTCR', 'ST-HNY', 'D', '10'),
('TT-003-CTCR', 'ST-HNY', 'D', '11'),
('TT-003-CTCR', 'ST-HNY', 'D', '12'),
('TT-003-CTCR', 'ST-HNY', 'D', '13'),
('TT-003-CTCR', 'ST-HNY', 'D', '14'),
('TT-003-CTCR', 'ST-HNY', 'D', '15'),
('TT-003-CTCR', 'ST-HNY', 'D', '16'),
('TT-003-CTCR', 'ST-HNY', 'D', '17'),
('TT-003-CTCR', 'ST-HNY', 'D', '18'),
('TT-003-CTCR', 'ST-HNY', 'D', '19'),
('TT-003-CTCR', 'ST-HNY', 'D', '2'),
('TT-003-CTCR', 'ST-HNY', 'D', '20'),
('TT-003-CTCR', 'ST-HNY', 'D', '3'),
('TT-003-CTCR', 'ST-HNY', 'D', '4'),
('TT-003-CTCR', 'ST-HNY', 'D', '5'),
('TT-003-CTCR', 'ST-HNY', 'D', '6'),
('TT-003-CTCR', 'ST-HNY', 'D', '7'),
('TT-003-CTCR', 'ST-HNY', 'D', '8'),
('TT-003-CTCR', 'ST-HNY', 'D', '9'),
('TT-003-CTCR', 'ST-NOR', 'E', '1'),
('TT-003-CTCR', 'ST-NOR', 'E', '10'),
('TT-003-CTCR', 'ST-NOR', 'E', '11'),
('TT-003-CTCR', 'ST-NOR', 'E', '12'),
('TT-003-CTCR', 'ST-NOR', 'E', '13'),
('TT-003-CTCR', 'ST-NOR', 'E', '14'),
('TT-003-CTCR', 'ST-NOR', 'E', '15'),
('TT-003-CTCR', 'ST-NOR', 'E', '16'),
('TT-003-CTCR', 'ST-NOR', 'E', '17'),
('TT-003-CTCR', 'ST-NOR', 'E', '18'),
('TT-003-CTCR', 'ST-NOR', 'E', '19'),
('TT-003-CTCR', 'ST-NOR', 'E', '2'),
('TT-003-CTCR', 'ST-NOR', 'E', '20'),
('TT-003-CTCR', 'ST-NOR', 'E', '3'),
('TT-003-CTCR', 'ST-NOR', 'E', '4'),
('TT-003-CTCR', 'ST-NOR', 'E', '5'),
('TT-003-CTCR', 'ST-NOR', 'E', '6'),
('TT-003-CTCR', 'ST-NOR', 'E', '7'),
('TT-003-CTCR', 'ST-NOR', 'E', '8'),
('TT-003-CTCR', 'ST-NOR', 'E', '9'),
('TT-003-CTCR', 'ST-NOR', 'F', '1'),
('TT-003-CTCR', 'ST-NOR', 'F', '10'),
('TT-003-CTCR', 'ST-NOR', 'F', '11'),
('TT-003-CTCR', 'ST-NOR', 'F', '12'),
('TT-003-CTCR', 'ST-NOR', 'F', '13'),
('TT-003-CTCR', 'ST-NOR', 'F', '14'),
('TT-003-CTCR', 'ST-NOR', 'F', '15'),
('TT-003-CTCR', 'ST-NOR', 'F', '16'),
('TT-003-CTCR', 'ST-NOR', 'F', '17'),
('TT-003-CTCR', 'ST-NOR', 'F', '18'),
('TT-003-CTCR', 'ST-NOR', 'F', '19'),
('TT-003-CTCR', 'ST-NOR', 'F', '2'),
('TT-003-CTCR', 'ST-NOR', 'F', '20'),
('TT-003-CTCR', 'ST-NOR', 'F', '3'),
('TT-003-CTCR', 'ST-NOR', 'F', '4'),
('TT-003-CTCR', 'ST-NOR', 'F', '5'),
('TT-003-CTCR', 'ST-NOR', 'F', '6'),
('TT-003-CTCR', 'ST-NOR', 'F', '7'),
('TT-003-CTCR', 'ST-NOR', 'F', '8'),
('TT-003-CTCR', 'ST-NOR', 'F', '9'),
('TT-003-CTCR', 'ST-NOR', 'G', '1'),
('TT-003-CTCR', 'ST-NOR', 'G', '10'),
('TT-003-CTCR', 'ST-NOR', 'G', '11'),
('TT-003-CTCR', 'ST-NOR', 'G', '12'),
('TT-003-CTCR', 'ST-NOR', 'G', '13'),
('TT-003-CTCR', 'ST-NOR', 'G', '14'),
('TT-003-CTCR', 'ST-NOR', 'G', '15'),
('TT-003-CTCR', 'ST-NOR', 'G', '16'),
('TT-003-CTCR', 'ST-NOR', 'G', '17'),
('TT-003-CTCR', 'ST-NOR', 'G', '18'),
('TT-003-CTCR', 'ST-NOR', 'G', '19'),
('TT-003-CTCR', 'ST-NOR', 'G', '2'),
('TT-003-CTCR', 'ST-NOR', 'G', '20'),
('TT-003-CTCR', 'ST-NOR', 'G', '3'),
('TT-003-CTCR', 'ST-NOR', 'G', '4'),
('TT-003-CTCR', 'ST-NOR', 'G', '5'),
('TT-003-CTCR', 'ST-NOR', 'G', '6'),
('TT-003-CTCR', 'ST-NOR', 'G', '7'),
('TT-003-CTCR', 'ST-NOR', 'G', '8'),
('TT-003-CTCR', 'ST-NOR', 'G', '9'),
('TT-003-CTCR', 'ST-NOR', 'H', '1'),
('TT-003-CTCR', 'ST-NOR', 'H', '10'),
('TT-003-CTCR', 'ST-NOR', 'H', '11'),
('TT-003-CTCR', 'ST-NOR', 'H', '12'),
('TT-003-CTCR', 'ST-NOR', 'H', '13'),
('TT-003-CTCR', 'ST-NOR', 'H', '14'),
('TT-003-CTCR', 'ST-NOR', 'H', '15'),
('TT-003-CTCR', 'ST-NOR', 'H', '16'),
('TT-003-CTCR', 'ST-NOR', 'H', '17'),
('TT-003-CTCR', 'ST-NOR', 'H', '18'),
('TT-003-CTCR', 'ST-NOR', 'H', '19'),
('TT-003-CTCR', 'ST-NOR', 'H', '2'),
('TT-003-CTCR', 'ST-NOR', 'H', '20'),
('TT-003-CTCR', 'ST-NOR', 'H', '3'),
('TT-003-CTCR', 'ST-NOR', 'H', '4'),
('TT-003-CTCR', 'ST-NOR', 'H', '5'),
('TT-003-CTCR', 'ST-NOR', 'H', '6'),
('TT-003-CTCR', 'ST-NOR', 'H', '7'),
('TT-003-CTCR', 'ST-NOR', 'H', '8'),
('TT-003-CTCR', 'ST-NOR', 'H', '9'),
('TT-003-CTCR', 'ST-NOR', 'I', '1'),
('TT-003-CTCR', 'ST-NOR', 'I', '10'),
('TT-003-CTCR', 'ST-NOR', 'I', '11'),
('TT-003-CTCR', 'ST-NOR', 'I', '12'),
('TT-003-CTCR', 'ST-NOR', 'I', '13'),
('TT-003-CTCR', 'ST-NOR', 'I', '14'),
('TT-003-CTCR', 'ST-NOR', 'I', '15'),
('TT-003-CTCR', 'ST-NOR', 'I', '16'),
('TT-003-CTCR', 'ST-NOR', 'I', '17'),
('TT-003-CTCR', 'ST-NOR', 'I', '18'),
('TT-003-CTCR', 'ST-NOR', 'I', '19'),
('TT-003-CTCR', 'ST-NOR', 'I', '2'),
('TT-003-CTCR', 'ST-NOR', 'I', '20'),
('TT-003-CTCR', 'ST-NOR', 'I', '3'),
('TT-003-CTCR', 'ST-NOR', 'I', '4'),
('TT-003-CTCR', 'ST-NOR', 'I', '5'),
('TT-003-CTCR', 'ST-NOR', 'I', '6'),
('TT-003-CTCR', 'ST-NOR', 'I', '7'),
('TT-003-CTCR', 'ST-NOR', 'I', '8'),
('TT-003-CTCR', 'ST-NOR', 'I', '9'),
('TT-003-CTCR', 'ST-NOR', 'J', '1'),
('TT-003-CTCR', 'ST-NOR', 'J', '10'),
('TT-003-CTCR', 'ST-NOR', 'J', '11'),
('TT-003-CTCR', 'ST-NOR', 'J', '12'),
('TT-003-CTCR', 'ST-NOR', 'J', '13'),
('TT-003-CTCR', 'ST-NOR', 'J', '14'),
('TT-003-CTCR', 'ST-NOR', 'J', '15'),
('TT-003-CTCR', 'ST-NOR', 'J', '16'),
('TT-003-CTCR', 'ST-NOR', 'J', '17'),
('TT-003-CTCR', 'ST-NOR', 'J', '18'),
('TT-003-CTCR', 'ST-NOR', 'J', '19'),
('TT-003-CTCR', 'ST-NOR', 'J', '2'),
('TT-003-CTCR', 'ST-NOR', 'J', '20'),
('TT-003-CTCR', 'ST-NOR', 'J', '3'),
('TT-003-CTCR', 'ST-NOR', 'J', '4'),
('TT-003-CTCR', 'ST-NOR', 'J', '5'),
('TT-003-CTCR', 'ST-NOR', 'J', '6'),
('TT-003-CTCR', 'ST-NOR', 'J', '7'),
('TT-003-CTCR', 'ST-NOR', 'J', '8'),
('TT-003-CTCR', 'ST-NOR', 'J', '9'),
('TT-003-CTCR', 'ST-NOR', 'K', '1'),
('TT-003-CTCR', 'ST-NOR', 'K', '10'),
('TT-003-CTCR', 'ST-NOR', 'K', '11'),
('TT-003-CTCR', 'ST-NOR', 'K', '12'),
('TT-003-CTCR', 'ST-NOR', 'K', '13'),
('TT-003-CTCR', 'ST-NOR', 'K', '14'),
('TT-003-CTCR', 'ST-NOR', 'K', '15'),
('TT-003-CTCR', 'ST-NOR', 'K', '16'),
('TT-003-CTCR', 'ST-NOR', 'K', '17'),
('TT-003-CTCR', 'ST-NOR', 'K', '18'),
('TT-003-CTCR', 'ST-NOR', 'K', '19'),
('TT-003-CTCR', 'ST-NOR', 'K', '2'),
('TT-003-CTCR', 'ST-NOR', 'K', '20'),
('TT-003-CTCR', 'ST-NOR', 'K', '3'),
('TT-003-CTCR', 'ST-NOR', 'K', '4'),
('TT-003-CTCR', 'ST-NOR', 'K', '5'),
('TT-003-CTCR', 'ST-NOR', 'K', '6'),
('TT-003-CTCR', 'ST-NOR', 'K', '7'),
('TT-003-CTCR', 'ST-NOR', 'K', '8'),
('TT-003-CTCR', 'ST-NOR', 'K', '9'),
('TT-003-CTCR', 'ST-NOR', 'L', '1'),
('TT-003-CTCR', 'ST-NOR', 'L', '10'),
('TT-003-CTCR', 'ST-NOR', 'L', '11'),
('TT-003-CTCR', 'ST-NOR', 'L', '12'),
('TT-003-CTCR', 'ST-NOR', 'L', '13'),
('TT-003-CTCR', 'ST-NOR', 'L', '14'),
('TT-003-CTCR', 'ST-NOR', 'L', '15'),
('TT-003-CTCR', 'ST-NOR', 'L', '16'),
('TT-003-CTCR', 'ST-NOR', 'L', '17'),
('TT-003-CTCR', 'ST-NOR', 'L', '18'),
('TT-003-CTCR', 'ST-NOR', 'L', '19'),
('TT-003-CTCR', 'ST-NOR', 'L', '2'),
('TT-003-CTCR', 'ST-NOR', 'L', '20'),
('TT-003-CTCR', 'ST-NOR', 'L', '3'),
('TT-003-CTCR', 'ST-NOR', 'L', '4'),
('TT-003-CTCR', 'ST-NOR', 'L', '5'),
('TT-003-CTCR', 'ST-NOR', 'L', '6'),
('TT-003-CTCR', 'ST-NOR', 'L', '7'),
('TT-003-CTCR', 'ST-NOR', 'L', '8'),
('TT-003-CTCR', 'ST-NOR', 'L', '9'),
('TT-003-CTCR', 'ST-NOR', 'M', '1'),
('TT-003-CTCR', 'ST-NOR', 'M', '10'),
('TT-003-CTCR', 'ST-NOR', 'M', '11'),
('TT-003-CTCR', 'ST-NOR', 'M', '12'),
('TT-003-CTCR', 'ST-NOR', 'M', '13'),
('TT-003-CTCR', 'ST-NOR', 'M', '14'),
('TT-003-CTCR', 'ST-NOR', 'M', '15'),
('TT-003-CTCR', 'ST-NOR', 'M', '16'),
('TT-003-CTCR', 'ST-NOR', 'M', '17'),
('TT-003-CTCR', 'ST-NOR', 'M', '18'),
('TT-003-CTCR', 'ST-NOR', 'M', '19'),
('TT-003-CTCR', 'ST-NOR', 'M', '2'),
('TT-003-CTCR', 'ST-NOR', 'M', '20'),
('TT-003-CTCR', 'ST-NOR', 'M', '3'),
('TT-003-CTCR', 'ST-NOR', 'M', '4'),
('TT-003-CTCR', 'ST-NOR', 'M', '5'),
('TT-003-CTCR', 'ST-NOR', 'M', '6'),
('TT-003-CTCR', 'ST-NOR', 'M', '7'),
('TT-003-CTCR', 'ST-NOR', 'M', '8'),
('TT-003-CTCR', 'ST-NOR', 'M', '9'),
('TT-003-ESCR', 'ST-HNY', 'A', '1'),
('TT-003-ESCR', 'ST-HNY', 'A', '10'),
('TT-003-ESCR', 'ST-HNY', 'A', '11'),
('TT-003-ESCR', 'ST-HNY', 'A', '12'),
('TT-003-ESCR', 'ST-HNY', 'A', '13'),
('TT-003-ESCR', 'ST-HNY', 'A', '14'),
('TT-003-ESCR', 'ST-HNY', 'A', '15'),
('TT-003-ESCR', 'ST-HNY', 'A', '16'),
('TT-003-ESCR', 'ST-HNY', 'A', '17'),
('TT-003-ESCR', 'ST-HNY', 'A', '2'),
('TT-003-ESCR', 'ST-HNY', 'A', '3'),
('TT-003-ESCR', 'ST-HNY', 'A', '4'),
('TT-003-ESCR', 'ST-HNY', 'A', '5'),
('TT-003-ESCR', 'ST-HNY', 'A', '6'),
('TT-003-ESCR', 'ST-HNY', 'A', '7'),
('TT-003-ESCR', 'ST-HNY', 'A', '8'),
('TT-003-ESCR', 'ST-HNY', 'A', '9'),
('TT-003-ESCR', 'ST-HNY', 'B', '1'),
('TT-003-ESCR', 'ST-HNY', 'B', '10'),
('TT-003-ESCR', 'ST-HNY', 'B', '11'),
('TT-003-ESCR', 'ST-HNY', 'B', '12'),
('TT-003-ESCR', 'ST-HNY', 'B', '13'),
('TT-003-ESCR', 'ST-HNY', 'B', '14'),
('TT-003-ESCR', 'ST-HNY', 'B', '15'),
('TT-003-ESCR', 'ST-HNY', 'B', '16'),
('TT-003-ESCR', 'ST-HNY', 'B', '17'),
('TT-003-ESCR', 'ST-HNY', 'B', '2'),
('TT-003-ESCR', 'ST-HNY', 'B', '3'),
('TT-003-ESCR', 'ST-HNY', 'B', '4'),
('TT-003-ESCR', 'ST-HNY', 'B', '5'),
('TT-003-ESCR', 'ST-HNY', 'B', '6'),
('TT-003-ESCR', 'ST-HNY', 'B', '7'),
('TT-003-ESCR', 'ST-HNY', 'B', '8'),
('TT-003-ESCR', 'ST-HNY', 'B', '9'),
('TT-003-ESCR', 'ST-HNY', 'C', '1'),
('TT-003-ESCR', 'ST-HNY', 'C', '10'),
('TT-003-ESCR', 'ST-HNY', 'C', '11'),
('TT-003-ESCR', 'ST-HNY', 'C', '12'),
('TT-003-ESCR', 'ST-HNY', 'C', '13'),
('TT-003-ESCR', 'ST-HNY', 'C', '14'),
('TT-003-ESCR', 'ST-HNY', 'C', '15'),
('TT-003-ESCR', 'ST-HNY', 'C', '16'),
('TT-003-ESCR', 'ST-HNY', 'C', '17'),
('TT-003-ESCR', 'ST-HNY', 'C', '2'),
('TT-003-ESCR', 'ST-HNY', 'C', '3'),
('TT-003-ESCR', 'ST-HNY', 'C', '4'),
('TT-003-ESCR', 'ST-HNY', 'C', '5'),
('TT-003-ESCR', 'ST-HNY', 'C', '6'),
('TT-003-ESCR', 'ST-HNY', 'C', '7'),
('TT-003-ESCR', 'ST-HNY', 'C', '8'),
('TT-003-ESCR', 'ST-HNY', 'C', '9'),
('TT-003-ESCR', 'ST-NOR', 'D', '1'),
('TT-003-ESCR', 'ST-NOR', 'D', '10'),
('TT-003-ESCR', 'ST-NOR', 'D', '11'),
('TT-003-ESCR', 'ST-NOR', 'D', '12'),
('TT-003-ESCR', 'ST-NOR', 'D', '13'),
('TT-003-ESCR', 'ST-NOR', 'D', '14'),
('TT-003-ESCR', 'ST-NOR', 'D', '15'),
('TT-003-ESCR', 'ST-NOR', 'D', '16'),
('TT-003-ESCR', 'ST-NOR', 'D', '17'),
('TT-003-ESCR', 'ST-NOR', 'D', '18'),
('TT-003-ESCR', 'ST-NOR', 'D', '19'),
('TT-003-ESCR', 'ST-NOR', 'D', '2'),
('TT-003-ESCR', 'ST-NOR', 'D', '20'),
('TT-003-ESCR', 'ST-NOR', 'D', '21'),
('TT-003-ESCR', 'ST-NOR', 'D', '22'),
('TT-003-ESCR', 'ST-NOR', 'D', '23'),
('TT-003-ESCR', 'ST-NOR', 'D', '24'),
('TT-003-ESCR', 'ST-NOR', 'D', '3'),
('TT-003-ESCR', 'ST-NOR', 'D', '4'),
('TT-003-ESCR', 'ST-NOR', 'D', '5'),
('TT-003-ESCR', 'ST-NOR', 'D', '6'),
('TT-003-ESCR', 'ST-NOR', 'D', '7'),
('TT-003-ESCR', 'ST-NOR', 'D', '8'),
('TT-003-ESCR', 'ST-NOR', 'D', '9'),
('TT-003-ESCR', 'ST-NOR', 'E', '1'),
('TT-003-ESCR', 'ST-NOR', 'E', '10'),
('TT-003-ESCR', 'ST-NOR', 'E', '11'),
('TT-003-ESCR', 'ST-NOR', 'E', '12'),
('TT-003-ESCR', 'ST-NOR', 'E', '13'),
('TT-003-ESCR', 'ST-NOR', 'E', '14'),
('TT-003-ESCR', 'ST-NOR', 'E', '15'),
('TT-003-ESCR', 'ST-NOR', 'E', '16'),
('TT-003-ESCR', 'ST-NOR', 'E', '17'),
('TT-003-ESCR', 'ST-NOR', 'E', '18'),
('TT-003-ESCR', 'ST-NOR', 'E', '19'),
('TT-003-ESCR', 'ST-NOR', 'E', '2'),
('TT-003-ESCR', 'ST-NOR', 'E', '20'),
('TT-003-ESCR', 'ST-NOR', 'E', '21'),
('TT-003-ESCR', 'ST-NOR', 'E', '22'),
('TT-003-ESCR', 'ST-NOR', 'E', '23'),
('TT-003-ESCR', 'ST-NOR', 'E', '24'),
('TT-003-ESCR', 'ST-NOR', 'E', '3'),
('TT-003-ESCR', 'ST-NOR', 'E', '4'),
('TT-003-ESCR', 'ST-NOR', 'E', '5'),
('TT-003-ESCR', 'ST-NOR', 'E', '6'),
('TT-003-ESCR', 'ST-NOR', 'E', '7'),
('TT-003-ESCR', 'ST-NOR', 'E', '8'),
('TT-003-ESCR', 'ST-NOR', 'E', '9'),
('TT-003-ESCR', 'ST-NOR', 'F', '1'),
('TT-003-ESCR', 'ST-NOR', 'F', '10'),
('TT-003-ESCR', 'ST-NOR', 'F', '11'),
('TT-003-ESCR', 'ST-NOR', 'F', '12'),
('TT-003-ESCR', 'ST-NOR', 'F', '13'),
('TT-003-ESCR', 'ST-NOR', 'F', '14'),
('TT-003-ESCR', 'ST-NOR', 'F', '15'),
('TT-003-ESCR', 'ST-NOR', 'F', '16'),
('TT-003-ESCR', 'ST-NOR', 'F', '17'),
('TT-003-ESCR', 'ST-NOR', 'F', '18'),
('TT-003-ESCR', 'ST-NOR', 'F', '19'),
('TT-003-ESCR', 'ST-NOR', 'F', '2'),
('TT-003-ESCR', 'ST-NOR', 'F', '20'),
('TT-003-ESCR', 'ST-NOR', 'F', '21'),
('TT-003-ESCR', 'ST-NOR', 'F', '22'),
('TT-003-ESCR', 'ST-NOR', 'F', '23'),
('TT-003-ESCR', 'ST-NOR', 'F', '24'),
('TT-003-ESCR', 'ST-NOR', 'F', '3'),
('TT-003-ESCR', 'ST-NOR', 'F', '4'),
('TT-003-ESCR', 'ST-NOR', 'F', '5'),
('TT-003-ESCR', 'ST-NOR', 'F', '6'),
('TT-003-ESCR', 'ST-NOR', 'F', '7'),
('TT-003-ESCR', 'ST-NOR', 'F', '8'),
('TT-003-ESCR', 'ST-NOR', 'F', '9'),
('TT-003-ESCR', 'ST-NOR', 'G', '1'),
('TT-003-ESCR', 'ST-NOR', 'G', '10'),
('TT-003-ESCR', 'ST-NOR', 'G', '11'),
('TT-003-ESCR', 'ST-NOR', 'G', '12'),
('TT-003-ESCR', 'ST-NOR', 'G', '13'),
('TT-003-ESCR', 'ST-NOR', 'G', '14'),
('TT-003-ESCR', 'ST-NOR', 'G', '15'),
('TT-003-ESCR', 'ST-NOR', 'G', '16'),
('TT-003-ESCR', 'ST-NOR', 'G', '17'),
('TT-003-ESCR', 'ST-NOR', 'G', '18'),
('TT-003-ESCR', 'ST-NOR', 'G', '19'),
('TT-003-ESCR', 'ST-NOR', 'G', '2'),
('TT-003-ESCR', 'ST-NOR', 'G', '20'),
('TT-003-ESCR', 'ST-NOR', 'G', '21'),
('TT-003-ESCR', 'ST-NOR', 'G', '22'),
('TT-003-ESCR', 'ST-NOR', 'G', '23'),
('TT-003-ESCR', 'ST-NOR', 'G', '24'),
('TT-003-ESCR', 'ST-NOR', 'G', '3'),
('TT-003-ESCR', 'ST-NOR', 'G', '4'),
('TT-003-ESCR', 'ST-NOR', 'G', '5'),
('TT-003-ESCR', 'ST-NOR', 'G', '6'),
('TT-003-ESCR', 'ST-NOR', 'G', '7'),
('TT-003-ESCR', 'ST-NOR', 'G', '8'),
('TT-003-ESCR', 'ST-NOR', 'G', '9'),
('TT-003-ESCR', 'ST-NOR', 'H', '1'),
('TT-003-ESCR', 'ST-NOR', 'H', '10'),
('TT-003-ESCR', 'ST-NOR', 'H', '11'),
('TT-003-ESCR', 'ST-NOR', 'H', '12'),
('TT-003-ESCR', 'ST-NOR', 'H', '13'),
('TT-003-ESCR', 'ST-NOR', 'H', '14'),
('TT-003-ESCR', 'ST-NOR', 'H', '15'),
('TT-003-ESCR', 'ST-NOR', 'H', '16'),
('TT-003-ESCR', 'ST-NOR', 'H', '17'),
('TT-003-ESCR', 'ST-NOR', 'H', '18'),
('TT-003-ESCR', 'ST-NOR', 'H', '19'),
('TT-003-ESCR', 'ST-NOR', 'H', '2'),
('TT-003-ESCR', 'ST-NOR', 'H', '20'),
('TT-003-ESCR', 'ST-NOR', 'H', '21'),
('TT-003-ESCR', 'ST-NOR', 'H', '22'),
('TT-003-ESCR', 'ST-NOR', 'H', '23'),
('TT-003-ESCR', 'ST-NOR', 'H', '24'),
('TT-003-ESCR', 'ST-NOR', 'H', '3'),
('TT-003-ESCR', 'ST-NOR', 'H', '4'),
('TT-003-ESCR', 'ST-NOR', 'H', '5'),
('TT-003-ESCR', 'ST-NOR', 'H', '6'),
('TT-003-ESCR', 'ST-NOR', 'H', '7'),
('TT-003-ESCR', 'ST-NOR', 'H', '8'),
('TT-003-ESCR', 'ST-NOR', 'H', '9'),
('TT-003-ESCR', 'ST-NOR', 'I', '1'),
('TT-003-ESCR', 'ST-NOR', 'I', '10'),
('TT-003-ESCR', 'ST-NOR', 'I', '11'),
('TT-003-ESCR', 'ST-NOR', 'I', '12'),
('TT-003-ESCR', 'ST-NOR', 'I', '13'),
('TT-003-ESCR', 'ST-NOR', 'I', '14'),
('TT-003-ESCR', 'ST-NOR', 'I', '15'),
('TT-003-ESCR', 'ST-NOR', 'I', '16'),
('TT-003-ESCR', 'ST-NOR', 'I', '17'),
('TT-003-ESCR', 'ST-NOR', 'I', '18'),
('TT-003-ESCR', 'ST-NOR', 'I', '19'),
('TT-003-ESCR', 'ST-NOR', 'I', '2'),
('TT-003-ESCR', 'ST-NOR', 'I', '20'),
('TT-003-ESCR', 'ST-NOR', 'I', '21'),
('TT-003-ESCR', 'ST-NOR', 'I', '22'),
('TT-003-ESCR', 'ST-NOR', 'I', '23'),
('TT-003-ESCR', 'ST-NOR', 'I', '24'),
('TT-003-ESCR', 'ST-NOR', 'I', '3'),
('TT-003-ESCR', 'ST-NOR', 'I', '4'),
('TT-003-ESCR', 'ST-NOR', 'I', '5'),
('TT-003-ESCR', 'ST-NOR', 'I', '6'),
('TT-003-ESCR', 'ST-NOR', 'I', '7'),
('TT-003-ESCR', 'ST-NOR', 'I', '8'),
('TT-003-ESCR', 'ST-NOR', 'I', '9'),
('TT-003-ESCR', 'ST-NOR', 'J', '1'),
('TT-003-ESCR', 'ST-NOR', 'J', '10'),
('TT-003-ESCR', 'ST-NOR', 'J', '11'),
('TT-003-ESCR', 'ST-NOR', 'J', '12'),
('TT-003-ESCR', 'ST-NOR', 'J', '13'),
('TT-003-ESCR', 'ST-NOR', 'J', '14'),
('TT-003-ESCR', 'ST-NOR', 'J', '15'),
('TT-003-ESCR', 'ST-NOR', 'J', '16'),
('TT-003-ESCR', 'ST-NOR', 'J', '17'),
('TT-003-ESCR', 'ST-NOR', 'J', '18'),
('TT-003-ESCR', 'ST-NOR', 'J', '19'),
('TT-003-ESCR', 'ST-NOR', 'J', '2'),
('TT-003-ESCR', 'ST-NOR', 'J', '20'),
('TT-003-ESCR', 'ST-NOR', 'J', '21'),
('TT-003-ESCR', 'ST-NOR', 'J', '22'),
('TT-003-ESCR', 'ST-NOR', 'J', '23'),
('TT-003-ESCR', 'ST-NOR', 'J', '24'),
('TT-003-ESCR', 'ST-NOR', 'J', '3'),
('TT-003-ESCR', 'ST-NOR', 'J', '4'),
('TT-003-ESCR', 'ST-NOR', 'J', '5'),
('TT-003-ESCR', 'ST-NOR', 'J', '6'),
('TT-003-ESCR', 'ST-NOR', 'J', '7'),
('TT-003-ESCR', 'ST-NOR', 'J', '8'),
('TT-003-ESCR', 'ST-NOR', 'J', '9'),
('TT-003-ESCR', 'ST-NOR', 'K', '1'),
('TT-003-ESCR', 'ST-NOR', 'K', '10'),
('TT-003-ESCR', 'ST-NOR', 'K', '11'),
('TT-003-ESCR', 'ST-NOR', 'K', '12'),
('TT-003-ESCR', 'ST-NOR', 'K', '13'),
('TT-003-ESCR', 'ST-NOR', 'K', '14'),
('TT-003-ESCR', 'ST-NOR', 'K', '15'),
('TT-003-ESCR', 'ST-NOR', 'K', '16'),
('TT-003-ESCR', 'ST-NOR', 'K', '17'),
('TT-003-ESCR', 'ST-NOR', 'K', '18'),
('TT-003-ESCR', 'ST-NOR', 'K', '19'),
('TT-003-ESCR', 'ST-NOR', 'K', '2'),
('TT-003-ESCR', 'ST-NOR', 'K', '20'),
('TT-003-ESCR', 'ST-NOR', 'K', '21'),
('TT-003-ESCR', 'ST-NOR', 'K', '22'),
('TT-003-ESCR', 'ST-NOR', 'K', '23'),
('TT-003-ESCR', 'ST-NOR', 'K', '24'),
('TT-003-ESCR', 'ST-NOR', 'K', '3'),
('TT-003-ESCR', 'ST-NOR', 'K', '4'),
('TT-003-ESCR', 'ST-NOR', 'K', '5'),
('TT-003-ESCR', 'ST-NOR', 'K', '6'),
('TT-003-ESCR', 'ST-NOR', 'K', '7'),
('TT-003-ESCR', 'ST-NOR', 'K', '8'),
('TT-003-ESCR', 'ST-NOR', 'K', '9'),
('TT-003-ESCR', 'ST-NOR', 'M', '1'),
('TT-003-ESCR', 'ST-NOR', 'M', '10'),
('TT-003-ESCR', 'ST-NOR', 'M', '11'),
('TT-003-ESCR', 'ST-NOR', 'M', '12'),
('TT-003-ESCR', 'ST-NOR', 'M', '13'),
('TT-003-ESCR', 'ST-NOR', 'M', '14'),
('TT-003-ESCR', 'ST-NOR', 'M', '15'),
('TT-003-ESCR', 'ST-NOR', 'M', '16'),
('TT-003-ESCR', 'ST-NOR', 'M', '17'),
('TT-003-ESCR', 'ST-NOR', 'M', '18'),
('TT-003-ESCR', 'ST-NOR', 'M', '19'),
('TT-003-ESCR', 'ST-NOR', 'M', '2'),
('TT-003-ESCR', 'ST-NOR', 'M', '20'),
('TT-003-ESCR', 'ST-NOR', 'M', '21'),
('TT-003-ESCR', 'ST-NOR', 'M', '22'),
('TT-003-ESCR', 'ST-NOR', 'M', '23'),
('TT-003-ESCR', 'ST-NOR', 'M', '24'),
('TT-003-ESCR', 'ST-NOR', 'M', '3'),
('TT-003-ESCR', 'ST-NOR', 'M', '4'),
('TT-003-ESCR', 'ST-NOR', 'M', '5'),
('TT-003-ESCR', 'ST-NOR', 'M', '6'),
('TT-003-ESCR', 'ST-NOR', 'M', '7'),
('TT-003-ESCR', 'ST-NOR', 'M', '8');
INSERT INTO `Seat` (`Theatre_ID`, `SeatType_ID`, `Seat_Row`, `Seat_Number`) VALUES
('TT-003-ESCR', 'ST-NOR', 'M', '9'),
('TT-003-ESCR', 'ST-OPR', 'VP', '1'),
('TT-003-ESCR', 'ST-OPR', 'VP', '10'),
('TT-003-ESCR', 'ST-OPR', 'VP', '11'),
('TT-003-ESCR', 'ST-OPR', 'VP', '12'),
('TT-003-ESCR', 'ST-OPR', 'VP', '13'),
('TT-003-ESCR', 'ST-OPR', 'VP', '14'),
('TT-003-ESCR', 'ST-OPR', 'VP', '2'),
('TT-003-ESCR', 'ST-OPR', 'VP', '3'),
('TT-003-ESCR', 'ST-OPR', 'VP', '4'),
('TT-003-ESCR', 'ST-OPR', 'VP', '5'),
('TT-003-ESCR', 'ST-OPR', 'VP', '6'),
('TT-003-ESCR', 'ST-OPR', 'VP', '7'),
('TT-003-ESCR', 'ST-OPR', 'VP', '8'),
('TT-003-ESCR', 'ST-OPR', 'VP', '9'),
('TT-003-ETVC', 'ST-DSO', 'I', '1'),
('TT-003-ETVC', 'ST-DSO', 'I', '10'),
('TT-003-ETVC', 'ST-DSO', 'I', '11'),
('TT-003-ETVC', 'ST-DSO', 'I', '12'),
('TT-003-ETVC', 'ST-DSO', 'I', '2'),
('TT-003-ETVC', 'ST-DSO', 'I', '3'),
('TT-003-ETVC', 'ST-DSO', 'I', '4'),
('TT-003-ETVC', 'ST-DSO', 'I', '5'),
('TT-003-ETVC', 'ST-DSO', 'I', '6'),
('TT-003-ETVC', 'ST-DSO', 'I', '7'),
('TT-003-ETVC', 'ST-DSO', 'I', '8'),
('TT-003-ETVC', 'ST-DSO', 'I', '9'),
('TT-003-ETVC', 'ST-DSO', 'J', '1'),
('TT-003-ETVC', 'ST-DSO', 'J', '10'),
('TT-003-ETVC', 'ST-DSO', 'J', '2'),
('TT-003-ETVC', 'ST-DSO', 'J', '3'),
('TT-003-ETVC', 'ST-DSO', 'J', '4'),
('TT-003-ETVC', 'ST-DSO', 'J', '5'),
('TT-003-ETVC', 'ST-DSO', 'J', '6'),
('TT-003-ETVC', 'ST-DSO', 'J', '7'),
('TT-003-ETVC', 'ST-DSO', 'J', '8'),
('TT-003-ETVC', 'ST-DSO', 'J', '9'),
('TT-003-ETVC', 'ST-HNY', 'A', '1'),
('TT-003-ETVC', 'ST-HNY', 'A', '10'),
('TT-003-ETVC', 'ST-HNY', 'A', '11'),
('TT-003-ETVC', 'ST-HNY', 'A', '12'),
('TT-003-ETVC', 'ST-HNY', 'A', '13'),
('TT-003-ETVC', 'ST-HNY', 'A', '14'),
('TT-003-ETVC', 'ST-HNY', 'A', '15'),
('TT-003-ETVC', 'ST-HNY', 'A', '16'),
('TT-003-ETVC', 'ST-HNY', 'A', '17'),
('TT-003-ETVC', 'ST-HNY', 'A', '2'),
('TT-003-ETVC', 'ST-HNY', 'A', '3'),
('TT-003-ETVC', 'ST-HNY', 'A', '4'),
('TT-003-ETVC', 'ST-HNY', 'A', '5'),
('TT-003-ETVC', 'ST-HNY', 'A', '6'),
('TT-003-ETVC', 'ST-HNY', 'A', '7'),
('TT-003-ETVC', 'ST-HNY', 'A', '8'),
('TT-003-ETVC', 'ST-HNY', 'A', '9'),
('TT-003-ETVC', 'ST-HNY', 'B', '1'),
('TT-003-ETVC', 'ST-HNY', 'B', '10'),
('TT-003-ETVC', 'ST-HNY', 'B', '11'),
('TT-003-ETVC', 'ST-HNY', 'B', '12'),
('TT-003-ETVC', 'ST-HNY', 'B', '2'),
('TT-003-ETVC', 'ST-HNY', 'B', '3'),
('TT-003-ETVC', 'ST-HNY', 'B', '4'),
('TT-003-ETVC', 'ST-HNY', 'B', '5'),
('TT-003-ETVC', 'ST-HNY', 'B', '6'),
('TT-003-ETVC', 'ST-HNY', 'B', '7'),
('TT-003-ETVC', 'ST-HNY', 'B', '8'),
('TT-003-ETVC', 'ST-HNY', 'B', '9'),
('TT-003-ETVC', 'ST-HNY', 'C', '1'),
('TT-003-ETVC', 'ST-HNY', 'C', '10'),
('TT-003-ETVC', 'ST-HNY', 'C', '11'),
('TT-003-ETVC', 'ST-HNY', 'C', '12'),
('TT-003-ETVC', 'ST-HNY', 'C', '2'),
('TT-003-ETVC', 'ST-HNY', 'C', '3'),
('TT-003-ETVC', 'ST-HNY', 'C', '4'),
('TT-003-ETVC', 'ST-HNY', 'C', '5'),
('TT-003-ETVC', 'ST-HNY', 'C', '6'),
('TT-003-ETVC', 'ST-HNY', 'C', '7'),
('TT-003-ETVC', 'ST-HNY', 'C', '8'),
('TT-003-ETVC', 'ST-HNY', 'C', '9'),
('TT-003-ETVC', 'ST-HNY', 'D', '1'),
('TT-003-ETVC', 'ST-HNY', 'D', '10'),
('TT-003-ETVC', 'ST-HNY', 'D', '11'),
('TT-003-ETVC', 'ST-HNY', 'D', '12'),
('TT-003-ETVC', 'ST-HNY', 'D', '2'),
('TT-003-ETVC', 'ST-HNY', 'D', '3'),
('TT-003-ETVC', 'ST-HNY', 'D', '4'),
('TT-003-ETVC', 'ST-HNY', 'D', '5'),
('TT-003-ETVC', 'ST-HNY', 'D', '6'),
('TT-003-ETVC', 'ST-HNY', 'D', '7'),
('TT-003-ETVC', 'ST-HNY', 'D', '8'),
('TT-003-ETVC', 'ST-HNY', 'D', '9'),
('TT-003-ETVC', 'ST-NOR', 'E', '1'),
('TT-003-ETVC', 'ST-NOR', 'E', '10'),
('TT-003-ETVC', 'ST-NOR', 'E', '11'),
('TT-003-ETVC', 'ST-NOR', 'E', '12'),
('TT-003-ETVC', 'ST-NOR', 'E', '13'),
('TT-003-ETVC', 'ST-NOR', 'E', '14'),
('TT-003-ETVC', 'ST-NOR', 'E', '15'),
('TT-003-ETVC', 'ST-NOR', 'E', '2'),
('TT-003-ETVC', 'ST-NOR', 'E', '3'),
('TT-003-ETVC', 'ST-NOR', 'E', '4'),
('TT-003-ETVC', 'ST-NOR', 'E', '5'),
('TT-003-ETVC', 'ST-NOR', 'E', '6'),
('TT-003-ETVC', 'ST-NOR', 'E', '7'),
('TT-003-ETVC', 'ST-NOR', 'E', '8'),
('TT-003-ETVC', 'ST-NOR', 'E', '9'),
('TT-003-ETVC', 'ST-NOR', 'F', '1'),
('TT-003-ETVC', 'ST-NOR', 'F', '10'),
('TT-003-ETVC', 'ST-NOR', 'F', '11'),
('TT-003-ETVC', 'ST-NOR', 'F', '12'),
('TT-003-ETVC', 'ST-NOR', 'F', '13'),
('TT-003-ETVC', 'ST-NOR', 'F', '14'),
('TT-003-ETVC', 'ST-NOR', 'F', '15'),
('TT-003-ETVC', 'ST-NOR', 'F', '2'),
('TT-003-ETVC', 'ST-NOR', 'F', '3'),
('TT-003-ETVC', 'ST-NOR', 'F', '4'),
('TT-003-ETVC', 'ST-NOR', 'F', '5'),
('TT-003-ETVC', 'ST-NOR', 'F', '6'),
('TT-003-ETVC', 'ST-NOR', 'F', '7'),
('TT-003-ETVC', 'ST-NOR', 'F', '8'),
('TT-003-ETVC', 'ST-NOR', 'F', '9'),
('TT-003-ETVC', 'ST-NOR', 'G', '1'),
('TT-003-ETVC', 'ST-NOR', 'G', '10'),
('TT-003-ETVC', 'ST-NOR', 'G', '11'),
('TT-003-ETVC', 'ST-NOR', 'G', '12'),
('TT-003-ETVC', 'ST-NOR', 'G', '13'),
('TT-003-ETVC', 'ST-NOR', 'G', '14'),
('TT-003-ETVC', 'ST-NOR', 'G', '15'),
('TT-003-ETVC', 'ST-NOR', 'G', '2'),
('TT-003-ETVC', 'ST-NOR', 'G', '3'),
('TT-003-ETVC', 'ST-NOR', 'G', '4'),
('TT-003-ETVC', 'ST-NOR', 'G', '5'),
('TT-003-ETVC', 'ST-NOR', 'G', '6'),
('TT-003-ETVC', 'ST-NOR', 'G', '7'),
('TT-003-ETVC', 'ST-NOR', 'G', '8'),
('TT-003-ETVC', 'ST-NOR', 'G', '9'),
('TT-003-ETVC', 'ST-NOR', 'H', '1'),
('TT-003-ETVC', 'ST-NOR', 'H', '10'),
('TT-003-ETVC', 'ST-NOR', 'H', '11'),
('TT-003-ETVC', 'ST-NOR', 'H', '12'),
('TT-003-ETVC', 'ST-NOR', 'H', '13'),
('TT-003-ETVC', 'ST-NOR', 'H', '14'),
('TT-003-ETVC', 'ST-NOR', 'H', '15'),
('TT-003-ETVC', 'ST-NOR', 'H', '2'),
('TT-003-ETVC', 'ST-NOR', 'H', '3'),
('TT-003-ETVC', 'ST-NOR', 'H', '4'),
('TT-003-ETVC', 'ST-NOR', 'H', '5'),
('TT-003-ETVC', 'ST-NOR', 'H', '6'),
('TT-003-ETVC', 'ST-NOR', 'H', '7'),
('TT-003-ETVC', 'ST-NOR', 'H', '8'),
('TT-003-ETVC', 'ST-NOR', 'H', '9'),
('TT-003-ICCN', 'ST-NOR', 'C', '1'),
('TT-003-ICCN', 'ST-NOR', 'C', '10'),
('TT-003-ICCN', 'ST-NOR', 'C', '11'),
('TT-003-ICCN', 'ST-NOR', 'C', '12'),
('TT-003-ICCN', 'ST-NOR', 'C', '13'),
('TT-003-ICCN', 'ST-NOR', 'C', '14'),
('TT-003-ICCN', 'ST-NOR', 'C', '15'),
('TT-003-ICCN', 'ST-NOR', 'C', '16'),
('TT-003-ICCN', 'ST-NOR', 'C', '17'),
('TT-003-ICCN', 'ST-NOR', 'C', '18'),
('TT-003-ICCN', 'ST-NOR', 'C', '19'),
('TT-003-ICCN', 'ST-NOR', 'C', '2'),
('TT-003-ICCN', 'ST-NOR', 'C', '20'),
('TT-003-ICCN', 'ST-NOR', 'C', '3'),
('TT-003-ICCN', 'ST-NOR', 'C', '4'),
('TT-003-ICCN', 'ST-NOR', 'C', '5'),
('TT-003-ICCN', 'ST-NOR', 'C', '6'),
('TT-003-ICCN', 'ST-NOR', 'C', '7'),
('TT-003-ICCN', 'ST-NOR', 'C', '8'),
('TT-003-ICCN', 'ST-NOR', 'C', '9'),
('TT-003-ICCN', 'ST-NOR', 'D', '1'),
('TT-003-ICCN', 'ST-NOR', 'D', '10'),
('TT-003-ICCN', 'ST-NOR', 'D', '11'),
('TT-003-ICCN', 'ST-NOR', 'D', '12'),
('TT-003-ICCN', 'ST-NOR', 'D', '13'),
('TT-003-ICCN', 'ST-NOR', 'D', '14'),
('TT-003-ICCN', 'ST-NOR', 'D', '15'),
('TT-003-ICCN', 'ST-NOR', 'D', '16'),
('TT-003-ICCN', 'ST-NOR', 'D', '17'),
('TT-003-ICCN', 'ST-NOR', 'D', '18'),
('TT-003-ICCN', 'ST-NOR', 'D', '19'),
('TT-003-ICCN', 'ST-NOR', 'D', '2'),
('TT-003-ICCN', 'ST-NOR', 'D', '20'),
('TT-003-ICCN', 'ST-NOR', 'D', '3'),
('TT-003-ICCN', 'ST-NOR', 'D', '4'),
('TT-003-ICCN', 'ST-NOR', 'D', '5'),
('TT-003-ICCN', 'ST-NOR', 'D', '6'),
('TT-003-ICCN', 'ST-NOR', 'D', '7'),
('TT-003-ICCN', 'ST-NOR', 'D', '8'),
('TT-003-ICCN', 'ST-NOR', 'D', '9'),
('TT-003-ICCN', 'ST-NOR', 'E', '1'),
('TT-003-ICCN', 'ST-NOR', 'E', '10'),
('TT-003-ICCN', 'ST-NOR', 'E', '11'),
('TT-003-ICCN', 'ST-NOR', 'E', '12'),
('TT-003-ICCN', 'ST-NOR', 'E', '13'),
('TT-003-ICCN', 'ST-NOR', 'E', '14'),
('TT-003-ICCN', 'ST-NOR', 'E', '15'),
('TT-003-ICCN', 'ST-NOR', 'E', '16'),
('TT-003-ICCN', 'ST-NOR', 'E', '17'),
('TT-003-ICCN', 'ST-NOR', 'E', '18'),
('TT-003-ICCN', 'ST-NOR', 'E', '19'),
('TT-003-ICCN', 'ST-NOR', 'E', '2'),
('TT-003-ICCN', 'ST-NOR', 'E', '20'),
('TT-003-ICCN', 'ST-NOR', 'E', '3'),
('TT-003-ICCN', 'ST-NOR', 'E', '4'),
('TT-003-ICCN', 'ST-NOR', 'E', '5'),
('TT-003-ICCN', 'ST-NOR', 'E', '6'),
('TT-003-ICCN', 'ST-NOR', 'E', '7'),
('TT-003-ICCN', 'ST-NOR', 'E', '8'),
('TT-003-ICCN', 'ST-NOR', 'E', '9'),
('TT-003-ICCN', 'ST-NOR', 'F', '1'),
('TT-003-ICCN', 'ST-NOR', 'F', '10'),
('TT-003-ICCN', 'ST-NOR', 'F', '11'),
('TT-003-ICCN', 'ST-NOR', 'F', '12'),
('TT-003-ICCN', 'ST-NOR', 'F', '13'),
('TT-003-ICCN', 'ST-NOR', 'F', '14'),
('TT-003-ICCN', 'ST-NOR', 'F', '15'),
('TT-003-ICCN', 'ST-NOR', 'F', '16'),
('TT-003-ICCN', 'ST-NOR', 'F', '17'),
('TT-003-ICCN', 'ST-NOR', 'F', '18'),
('TT-003-ICCN', 'ST-NOR', 'F', '19'),
('TT-003-ICCN', 'ST-NOR', 'F', '2'),
('TT-003-ICCN', 'ST-NOR', 'F', '20'),
('TT-003-ICCN', 'ST-NOR', 'F', '3'),
('TT-003-ICCN', 'ST-NOR', 'F', '4'),
('TT-003-ICCN', 'ST-NOR', 'F', '5'),
('TT-003-ICCN', 'ST-NOR', 'F', '6'),
('TT-003-ICCN', 'ST-NOR', 'F', '7'),
('TT-003-ICCN', 'ST-NOR', 'F', '8'),
('TT-003-ICCN', 'ST-NOR', 'F', '9'),
('TT-003-ICCN', 'ST-NOR', 'G', '1'),
('TT-003-ICCN', 'ST-NOR', 'G', '10'),
('TT-003-ICCN', 'ST-NOR', 'G', '11'),
('TT-003-ICCN', 'ST-NOR', 'G', '12'),
('TT-003-ICCN', 'ST-NOR', 'G', '13'),
('TT-003-ICCN', 'ST-NOR', 'G', '14'),
('TT-003-ICCN', 'ST-NOR', 'G', '15'),
('TT-003-ICCN', 'ST-NOR', 'G', '16'),
('TT-003-ICCN', 'ST-NOR', 'G', '17'),
('TT-003-ICCN', 'ST-NOR', 'G', '18'),
('TT-003-ICCN', 'ST-NOR', 'G', '19'),
('TT-003-ICCN', 'ST-NOR', 'G', '2'),
('TT-003-ICCN', 'ST-NOR', 'G', '20'),
('TT-003-ICCN', 'ST-NOR', 'G', '3'),
('TT-003-ICCN', 'ST-NOR', 'G', '4'),
('TT-003-ICCN', 'ST-NOR', 'G', '5'),
('TT-003-ICCN', 'ST-NOR', 'G', '6'),
('TT-003-ICCN', 'ST-NOR', 'G', '7'),
('TT-003-ICCN', 'ST-NOR', 'G', '8'),
('TT-003-ICCN', 'ST-NOR', 'G', '9'),
('TT-003-ICCN', 'ST-NOR', 'H', '1'),
('TT-003-ICCN', 'ST-NOR', 'H', '10'),
('TT-003-ICCN', 'ST-NOR', 'H', '11'),
('TT-003-ICCN', 'ST-NOR', 'H', '12'),
('TT-003-ICCN', 'ST-NOR', 'H', '13'),
('TT-003-ICCN', 'ST-NOR', 'H', '14'),
('TT-003-ICCN', 'ST-NOR', 'H', '15'),
('TT-003-ICCN', 'ST-NOR', 'H', '16'),
('TT-003-ICCN', 'ST-NOR', 'H', '17'),
('TT-003-ICCN', 'ST-NOR', 'H', '18'),
('TT-003-ICCN', 'ST-NOR', 'H', '19'),
('TT-003-ICCN', 'ST-NOR', 'H', '2'),
('TT-003-ICCN', 'ST-NOR', 'H', '20'),
('TT-003-ICCN', 'ST-NOR', 'H', '3'),
('TT-003-ICCN', 'ST-NOR', 'H', '4'),
('TT-003-ICCN', 'ST-NOR', 'H', '5'),
('TT-003-ICCN', 'ST-NOR', 'H', '6'),
('TT-003-ICCN', 'ST-NOR', 'H', '7'),
('TT-003-ICCN', 'ST-NOR', 'H', '8'),
('TT-003-ICCN', 'ST-NOR', 'H', '9'),
('TT-003-ICCN', 'ST-NOR', 'I', '1'),
('TT-003-ICCN', 'ST-NOR', 'I', '10'),
('TT-003-ICCN', 'ST-NOR', 'I', '11'),
('TT-003-ICCN', 'ST-NOR', 'I', '12'),
('TT-003-ICCN', 'ST-NOR', 'I', '13'),
('TT-003-ICCN', 'ST-NOR', 'I', '14'),
('TT-003-ICCN', 'ST-NOR', 'I', '15'),
('TT-003-ICCN', 'ST-NOR', 'I', '16'),
('TT-003-ICCN', 'ST-NOR', 'I', '17'),
('TT-003-ICCN', 'ST-NOR', 'I', '18'),
('TT-003-ICCN', 'ST-NOR', 'I', '19'),
('TT-003-ICCN', 'ST-NOR', 'I', '2'),
('TT-003-ICCN', 'ST-NOR', 'I', '20'),
('TT-003-ICCN', 'ST-NOR', 'I', '3'),
('TT-003-ICCN', 'ST-NOR', 'I', '4'),
('TT-003-ICCN', 'ST-NOR', 'I', '5'),
('TT-003-ICCN', 'ST-NOR', 'I', '6'),
('TT-003-ICCN', 'ST-NOR', 'I', '7'),
('TT-003-ICCN', 'ST-NOR', 'I', '8'),
('TT-003-ICCN', 'ST-NOR', 'I', '9'),
('TT-003-ICCN', 'ST-NOR', 'J', '1'),
('TT-003-ICCN', 'ST-NOR', 'J', '10'),
('TT-003-ICCN', 'ST-NOR', 'J', '11'),
('TT-003-ICCN', 'ST-NOR', 'J', '12'),
('TT-003-ICCN', 'ST-NOR', 'J', '13'),
('TT-003-ICCN', 'ST-NOR', 'J', '14'),
('TT-003-ICCN', 'ST-NOR', 'J', '15'),
('TT-003-ICCN', 'ST-NOR', 'J', '16'),
('TT-003-ICCN', 'ST-NOR', 'J', '17'),
('TT-003-ICCN', 'ST-NOR', 'J', '18'),
('TT-003-ICCN', 'ST-NOR', 'J', '19'),
('TT-003-ICCN', 'ST-NOR', 'J', '2'),
('TT-003-ICCN', 'ST-NOR', 'J', '20'),
('TT-003-ICCN', 'ST-NOR', 'J', '3'),
('TT-003-ICCN', 'ST-NOR', 'J', '4'),
('TT-003-ICCN', 'ST-NOR', 'J', '5'),
('TT-003-ICCN', 'ST-NOR', 'J', '6'),
('TT-003-ICCN', 'ST-NOR', 'J', '7'),
('TT-003-ICCN', 'ST-NOR', 'J', '8'),
('TT-003-ICCN', 'ST-NOR', 'J', '9'),
('TT-003-ICCN', 'ST-NOR', 'K', '1'),
('TT-003-ICCN', 'ST-NOR', 'K', '10'),
('TT-003-ICCN', 'ST-NOR', 'K', '11'),
('TT-003-ICCN', 'ST-NOR', 'K', '12'),
('TT-003-ICCN', 'ST-NOR', 'K', '13'),
('TT-003-ICCN', 'ST-NOR', 'K', '14'),
('TT-003-ICCN', 'ST-NOR', 'K', '15'),
('TT-003-ICCN', 'ST-NOR', 'K', '16'),
('TT-003-ICCN', 'ST-NOR', 'K', '17'),
('TT-003-ICCN', 'ST-NOR', 'K', '18'),
('TT-003-ICCN', 'ST-NOR', 'K', '19'),
('TT-003-ICCN', 'ST-NOR', 'K', '2'),
('TT-003-ICCN', 'ST-NOR', 'K', '20'),
('TT-003-ICCN', 'ST-NOR', 'K', '3'),
('TT-003-ICCN', 'ST-NOR', 'K', '4'),
('TT-003-ICCN', 'ST-NOR', 'K', '5'),
('TT-003-ICCN', 'ST-NOR', 'K', '6'),
('TT-003-ICCN', 'ST-NOR', 'K', '7'),
('TT-003-ICCN', 'ST-NOR', 'K', '8'),
('TT-003-ICCN', 'ST-NOR', 'K', '9'),
('TT-003-ICCN', 'ST-NOR', 'L', '1'),
('TT-003-ICCN', 'ST-NOR', 'L', '10'),
('TT-003-ICCN', 'ST-NOR', 'L', '11'),
('TT-003-ICCN', 'ST-NOR', 'L', '12'),
('TT-003-ICCN', 'ST-NOR', 'L', '13'),
('TT-003-ICCN', 'ST-NOR', 'L', '14'),
('TT-003-ICCN', 'ST-NOR', 'L', '15'),
('TT-003-ICCN', 'ST-NOR', 'L', '16'),
('TT-003-ICCN', 'ST-NOR', 'L', '17'),
('TT-003-ICCN', 'ST-NOR', 'L', '18'),
('TT-003-ICCN', 'ST-NOR', 'L', '19'),
('TT-003-ICCN', 'ST-NOR', 'L', '2'),
('TT-003-ICCN', 'ST-NOR', 'L', '20'),
('TT-003-ICCN', 'ST-NOR', 'L', '3'),
('TT-003-ICCN', 'ST-NOR', 'L', '4'),
('TT-003-ICCN', 'ST-NOR', 'L', '5'),
('TT-003-ICCN', 'ST-NOR', 'L', '6'),
('TT-003-ICCN', 'ST-NOR', 'L', '7'),
('TT-003-ICCN', 'ST-NOR', 'L', '8'),
('TT-003-ICCN', 'ST-NOR', 'L', '9'),
('TT-003-ICCN', 'ST-NOR', 'M', '1'),
('TT-003-ICCN', 'ST-NOR', 'M', '10'),
('TT-003-ICCN', 'ST-NOR', 'M', '11'),
('TT-003-ICCN', 'ST-NOR', 'M', '12'),
('TT-003-ICCN', 'ST-NOR', 'M', '13'),
('TT-003-ICCN', 'ST-NOR', 'M', '14'),
('TT-003-ICCN', 'ST-NOR', 'M', '15'),
('TT-003-ICCN', 'ST-NOR', 'M', '16'),
('TT-003-ICCN', 'ST-NOR', 'M', '17'),
('TT-003-ICCN', 'ST-NOR', 'M', '18'),
('TT-003-ICCN', 'ST-NOR', 'M', '19'),
('TT-003-ICCN', 'ST-NOR', 'M', '2'),
('TT-003-ICCN', 'ST-NOR', 'M', '20'),
('TT-003-ICCN', 'ST-NOR', 'M', '3'),
('TT-003-ICCN', 'ST-NOR', 'M', '4'),
('TT-003-ICCN', 'ST-NOR', 'M', '5'),
('TT-003-ICCN', 'ST-NOR', 'M', '6'),
('TT-003-ICCN', 'ST-NOR', 'M', '7'),
('TT-003-ICCN', 'ST-NOR', 'M', '8'),
('TT-003-ICCN', 'ST-NOR', 'M', '9'),
('TT-003-ICCN', 'ST-NOR', 'N', '1'),
('TT-003-ICCN', 'ST-NOR', 'N', '10'),
('TT-003-ICCN', 'ST-NOR', 'N', '11'),
('TT-003-ICCN', 'ST-NOR', 'N', '12'),
('TT-003-ICCN', 'ST-NOR', 'N', '13'),
('TT-003-ICCN', 'ST-NOR', 'N', '14'),
('TT-003-ICCN', 'ST-NOR', 'N', '15'),
('TT-003-ICCN', 'ST-NOR', 'N', '16'),
('TT-003-ICCN', 'ST-NOR', 'N', '17'),
('TT-003-ICCN', 'ST-NOR', 'N', '18'),
('TT-003-ICCN', 'ST-NOR', 'N', '19'),
('TT-003-ICCN', 'ST-NOR', 'N', '2'),
('TT-003-ICCN', 'ST-NOR', 'N', '20'),
('TT-003-ICCN', 'ST-NOR', 'N', '3'),
('TT-003-ICCN', 'ST-NOR', 'N', '4'),
('TT-003-ICCN', 'ST-NOR', 'N', '5'),
('TT-003-ICCN', 'ST-NOR', 'N', '6'),
('TT-003-ICCN', 'ST-NOR', 'N', '7'),
('TT-003-ICCN', 'ST-NOR', 'N', '8'),
('TT-003-ICCN', 'ST-NOR', 'N', '9'),
('TT-003-ICCN', 'ST-NOR', 'O', '1'),
('TT-003-ICCN', 'ST-NOR', 'O', '10'),
('TT-003-ICCN', 'ST-NOR', 'O', '11'),
('TT-003-ICCN', 'ST-NOR', 'O', '12'),
('TT-003-ICCN', 'ST-NOR', 'O', '13'),
('TT-003-ICCN', 'ST-NOR', 'O', '14'),
('TT-003-ICCN', 'ST-NOR', 'O', '15'),
('TT-003-ICCN', 'ST-NOR', 'O', '16'),
('TT-003-ICCN', 'ST-NOR', 'O', '17'),
('TT-003-ICCN', 'ST-NOR', 'O', '18'),
('TT-003-ICCN', 'ST-NOR', 'O', '19'),
('TT-003-ICCN', 'ST-NOR', 'O', '2'),
('TT-003-ICCN', 'ST-NOR', 'O', '20'),
('TT-003-ICCN', 'ST-NOR', 'O', '3'),
('TT-003-ICCN', 'ST-NOR', 'O', '4'),
('TT-003-ICCN', 'ST-NOR', 'O', '5'),
('TT-003-ICCN', 'ST-NOR', 'O', '6'),
('TT-003-ICCN', 'ST-NOR', 'O', '7'),
('TT-003-ICCN', 'ST-NOR', 'O', '8'),
('TT-003-ICCN', 'ST-NOR', 'O', '9'),
('TT-003-ICCN', 'ST-OPR', 'VP', '1'),
('TT-003-ICCN', 'ST-OPR', 'VP', '10'),
('TT-003-ICCN', 'ST-OPR', 'VP', '11'),
('TT-003-ICCN', 'ST-OPR', 'VP', '12'),
('TT-003-ICCN', 'ST-OPR', 'VP', '2'),
('TT-003-ICCN', 'ST-OPR', 'VP', '3'),
('TT-003-ICCN', 'ST-OPR', 'VP', '4'),
('TT-003-ICCN', 'ST-OPR', 'VP', '5'),
('TT-003-ICCN', 'ST-OPR', 'VP', '6'),
('TT-003-ICCN', 'ST-OPR', 'VP', '7'),
('TT-003-ICCN', 'ST-OPR', 'VP', '8'),
('TT-003-ICCN', 'ST-OPR', 'VP', '9'),
('TT-003-ICCN', 'ST-PRM', 'A', '1'),
('TT-003-ICCN', 'ST-PRM', 'A', '2'),
('TT-003-ICCN', 'ST-PRM', 'A', '3'),
('TT-003-ICCN', 'ST-PRM', 'A', '4'),
('TT-003-ICCN', 'ST-PRM', 'A', '5'),
('TT-003-ICCN', 'ST-PRM', 'A', '6'),
('TT-003-ICCN', 'ST-PRM', 'A', '7'),
('TT-003-ICCN', 'ST-PRM', 'A', '8'),
('TT-003-ICCN', 'ST-PRM', 'A', '9'),
('TT-003-ICCN', 'ST-PRM', 'B', '1'),
('TT-003-ICCN', 'ST-PRM', 'B', '2'),
('TT-003-ICCN', 'ST-PRM', 'B', '3'),
('TT-003-ICCN', 'ST-PRM', 'B', '4'),
('TT-003-ICCN', 'ST-PRM', 'B', '5'),
('TT-003-ICCN', 'ST-PRM', 'B', '6'),
('TT-003-ICCN', 'ST-PRM', 'B', '7'),
('TT-003-ICCN', 'ST-PRM', 'B', '8'),
('TT-003-ICCN', 'ST-PRM', 'B', '9'),
('TT-003-LTMS', 'ST-HNY', 'A', '1'),
('TT-003-LTMS', 'ST-HNY', 'A', '10'),
('TT-003-LTMS', 'ST-HNY', 'A', '11'),
('TT-003-LTMS', 'ST-HNY', 'A', '12'),
('TT-003-LTMS', 'ST-HNY', 'A', '13'),
('TT-003-LTMS', 'ST-HNY', 'A', '14'),
('TT-003-LTMS', 'ST-HNY', 'A', '15'),
('TT-003-LTMS', 'ST-HNY', 'A', '16'),
('TT-003-LTMS', 'ST-HNY', 'A', '17'),
('TT-003-LTMS', 'ST-HNY', 'A', '18'),
('TT-003-LTMS', 'ST-HNY', 'A', '2'),
('TT-003-LTMS', 'ST-HNY', 'A', '3'),
('TT-003-LTMS', 'ST-HNY', 'A', '4'),
('TT-003-LTMS', 'ST-HNY', 'A', '5'),
('TT-003-LTMS', 'ST-HNY', 'A', '6'),
('TT-003-LTMS', 'ST-HNY', 'A', '7'),
('TT-003-LTMS', 'ST-HNY', 'A', '8'),
('TT-003-LTMS', 'ST-HNY', 'A', '9'),
('TT-003-LTMS', 'ST-HNY', 'B', '1'),
('TT-003-LTMS', 'ST-HNY', 'B', '10'),
('TT-003-LTMS', 'ST-HNY', 'B', '11'),
('TT-003-LTMS', 'ST-HNY', 'B', '12'),
('TT-003-LTMS', 'ST-HNY', 'B', '13'),
('TT-003-LTMS', 'ST-HNY', 'B', '14'),
('TT-003-LTMS', 'ST-HNY', 'B', '15'),
('TT-003-LTMS', 'ST-HNY', 'B', '16'),
('TT-003-LTMS', 'ST-HNY', 'B', '17'),
('TT-003-LTMS', 'ST-HNY', 'B', '18'),
('TT-003-LTMS', 'ST-HNY', 'B', '19'),
('TT-003-LTMS', 'ST-HNY', 'B', '2'),
('TT-003-LTMS', 'ST-HNY', 'B', '3'),
('TT-003-LTMS', 'ST-HNY', 'B', '4'),
('TT-003-LTMS', 'ST-HNY', 'B', '5'),
('TT-003-LTMS', 'ST-HNY', 'B', '6'),
('TT-003-LTMS', 'ST-HNY', 'B', '7'),
('TT-003-LTMS', 'ST-HNY', 'B', '8'),
('TT-003-LTMS', 'ST-HNY', 'B', '9'),
('TT-003-LTMS', 'ST-HNY', 'C', '1'),
('TT-003-LTMS', 'ST-HNY', 'C', '10'),
('TT-003-LTMS', 'ST-HNY', 'C', '11'),
('TT-003-LTMS', 'ST-HNY', 'C', '12'),
('TT-003-LTMS', 'ST-HNY', 'C', '13'),
('TT-003-LTMS', 'ST-HNY', 'C', '14'),
('TT-003-LTMS', 'ST-HNY', 'C', '15'),
('TT-003-LTMS', 'ST-HNY', 'C', '16'),
('TT-003-LTMS', 'ST-HNY', 'C', '17'),
('TT-003-LTMS', 'ST-HNY', 'C', '18'),
('TT-003-LTMS', 'ST-HNY', 'C', '19'),
('TT-003-LTMS', 'ST-HNY', 'C', '2'),
('TT-003-LTMS', 'ST-HNY', 'C', '3'),
('TT-003-LTMS', 'ST-HNY', 'C', '4'),
('TT-003-LTMS', 'ST-HNY', 'C', '5'),
('TT-003-LTMS', 'ST-HNY', 'C', '6'),
('TT-003-LTMS', 'ST-HNY', 'C', '7'),
('TT-003-LTMS', 'ST-HNY', 'C', '8'),
('TT-003-LTMS', 'ST-HNY', 'C', '9'),
('TT-003-LTMS', 'ST-NOR', 'D', '1'),
('TT-003-LTMS', 'ST-NOR', 'D', '10'),
('TT-003-LTMS', 'ST-NOR', 'D', '11'),
('TT-003-LTMS', 'ST-NOR', 'D', '12'),
('TT-003-LTMS', 'ST-NOR', 'D', '13'),
('TT-003-LTMS', 'ST-NOR', 'D', '14'),
('TT-003-LTMS', 'ST-NOR', 'D', '15'),
('TT-003-LTMS', 'ST-NOR', 'D', '16'),
('TT-003-LTMS', 'ST-NOR', 'D', '17'),
('TT-003-LTMS', 'ST-NOR', 'D', '18'),
('TT-003-LTMS', 'ST-NOR', 'D', '19'),
('TT-003-LTMS', 'ST-NOR', 'D', '2'),
('TT-003-LTMS', 'ST-NOR', 'D', '20'),
('TT-003-LTMS', 'ST-NOR', 'D', '3'),
('TT-003-LTMS', 'ST-NOR', 'D', '4'),
('TT-003-LTMS', 'ST-NOR', 'D', '5'),
('TT-003-LTMS', 'ST-NOR', 'D', '6'),
('TT-003-LTMS', 'ST-NOR', 'D', '7'),
('TT-003-LTMS', 'ST-NOR', 'D', '8'),
('TT-003-LTMS', 'ST-NOR', 'D', '9'),
('TT-003-LTMS', 'ST-NOR', 'E', '1'),
('TT-003-LTMS', 'ST-NOR', 'E', '10'),
('TT-003-LTMS', 'ST-NOR', 'E', '11'),
('TT-003-LTMS', 'ST-NOR', 'E', '12'),
('TT-003-LTMS', 'ST-NOR', 'E', '13'),
('TT-003-LTMS', 'ST-NOR', 'E', '14'),
('TT-003-LTMS', 'ST-NOR', 'E', '15'),
('TT-003-LTMS', 'ST-NOR', 'E', '16'),
('TT-003-LTMS', 'ST-NOR', 'E', '17'),
('TT-003-LTMS', 'ST-NOR', 'E', '18'),
('TT-003-LTMS', 'ST-NOR', 'E', '19'),
('TT-003-LTMS', 'ST-NOR', 'E', '2'),
('TT-003-LTMS', 'ST-NOR', 'E', '20'),
('TT-003-LTMS', 'ST-NOR', 'E', '3'),
('TT-003-LTMS', 'ST-NOR', 'E', '4'),
('TT-003-LTMS', 'ST-NOR', 'E', '5'),
('TT-003-LTMS', 'ST-NOR', 'E', '6'),
('TT-003-LTMS', 'ST-NOR', 'E', '7'),
('TT-003-LTMS', 'ST-NOR', 'E', '8'),
('TT-003-LTMS', 'ST-NOR', 'E', '9'),
('TT-003-LTMS', 'ST-NOR', 'F', '1'),
('TT-003-LTMS', 'ST-NOR', 'F', '10'),
('TT-003-LTMS', 'ST-NOR', 'F', '11'),
('TT-003-LTMS', 'ST-NOR', 'F', '12'),
('TT-003-LTMS', 'ST-NOR', 'F', '13'),
('TT-003-LTMS', 'ST-NOR', 'F', '14'),
('TT-003-LTMS', 'ST-NOR', 'F', '15'),
('TT-003-LTMS', 'ST-NOR', 'F', '16'),
('TT-003-LTMS', 'ST-NOR', 'F', '17'),
('TT-003-LTMS', 'ST-NOR', 'F', '18'),
('TT-003-LTMS', 'ST-NOR', 'F', '19'),
('TT-003-LTMS', 'ST-NOR', 'F', '2'),
('TT-003-LTMS', 'ST-NOR', 'F', '20'),
('TT-003-LTMS', 'ST-NOR', 'F', '3'),
('TT-003-LTMS', 'ST-NOR', 'F', '4'),
('TT-003-LTMS', 'ST-NOR', 'F', '5'),
('TT-003-LTMS', 'ST-NOR', 'F', '6'),
('TT-003-LTMS', 'ST-NOR', 'F', '7'),
('TT-003-LTMS', 'ST-NOR', 'F', '8'),
('TT-003-LTMS', 'ST-NOR', 'F', '9'),
('TT-003-LTMS', 'ST-NOR', 'G', '1'),
('TT-003-LTMS', 'ST-NOR', 'G', '10'),
('TT-003-LTMS', 'ST-NOR', 'G', '11'),
('TT-003-LTMS', 'ST-NOR', 'G', '12'),
('TT-003-LTMS', 'ST-NOR', 'G', '13'),
('TT-003-LTMS', 'ST-NOR', 'G', '14'),
('TT-003-LTMS', 'ST-NOR', 'G', '15'),
('TT-003-LTMS', 'ST-NOR', 'G', '16'),
('TT-003-LTMS', 'ST-NOR', 'G', '17'),
('TT-003-LTMS', 'ST-NOR', 'G', '18'),
('TT-003-LTMS', 'ST-NOR', 'G', '19'),
('TT-003-LTMS', 'ST-NOR', 'G', '2'),
('TT-003-LTMS', 'ST-NOR', 'G', '20'),
('TT-003-LTMS', 'ST-NOR', 'G', '3'),
('TT-003-LTMS', 'ST-NOR', 'G', '4'),
('TT-003-LTMS', 'ST-NOR', 'G', '5'),
('TT-003-LTMS', 'ST-NOR', 'G', '6'),
('TT-003-LTMS', 'ST-NOR', 'G', '7'),
('TT-003-LTMS', 'ST-NOR', 'G', '8'),
('TT-003-LTMS', 'ST-NOR', 'G', '9'),
('TT-003-LTMS', 'ST-NOR', 'H', '1'),
('TT-003-LTMS', 'ST-NOR', 'H', '10'),
('TT-003-LTMS', 'ST-NOR', 'H', '11'),
('TT-003-LTMS', 'ST-NOR', 'H', '12'),
('TT-003-LTMS', 'ST-NOR', 'H', '13'),
('TT-003-LTMS', 'ST-NOR', 'H', '14'),
('TT-003-LTMS', 'ST-NOR', 'H', '15'),
('TT-003-LTMS', 'ST-NOR', 'H', '16'),
('TT-003-LTMS', 'ST-NOR', 'H', '17'),
('TT-003-LTMS', 'ST-NOR', 'H', '18'),
('TT-003-LTMS', 'ST-NOR', 'H', '19'),
('TT-003-LTMS', 'ST-NOR', 'H', '2'),
('TT-003-LTMS', 'ST-NOR', 'H', '20'),
('TT-003-LTMS', 'ST-NOR', 'H', '3'),
('TT-003-LTMS', 'ST-NOR', 'H', '4'),
('TT-003-LTMS', 'ST-NOR', 'H', '5'),
('TT-003-LTMS', 'ST-NOR', 'H', '6'),
('TT-003-LTMS', 'ST-NOR', 'H', '7'),
('TT-003-LTMS', 'ST-NOR', 'H', '8'),
('TT-003-LTMS', 'ST-NOR', 'H', '9'),
('TT-003-LTMS', 'ST-NOR', 'I', '1'),
('TT-003-LTMS', 'ST-NOR', 'I', '10'),
('TT-003-LTMS', 'ST-NOR', 'I', '11'),
('TT-003-LTMS', 'ST-NOR', 'I', '12'),
('TT-003-LTMS', 'ST-NOR', 'I', '13'),
('TT-003-LTMS', 'ST-NOR', 'I', '14'),
('TT-003-LTMS', 'ST-NOR', 'I', '15'),
('TT-003-LTMS', 'ST-NOR', 'I', '16'),
('TT-003-LTMS', 'ST-NOR', 'I', '17'),
('TT-003-LTMS', 'ST-NOR', 'I', '18'),
('TT-003-LTMS', 'ST-NOR', 'I', '19'),
('TT-003-LTMS', 'ST-NOR', 'I', '2'),
('TT-003-LTMS', 'ST-NOR', 'I', '20'),
('TT-003-LTMS', 'ST-NOR', 'I', '3'),
('TT-003-LTMS', 'ST-NOR', 'I', '4'),
('TT-003-LTMS', 'ST-NOR', 'I', '5'),
('TT-003-LTMS', 'ST-NOR', 'I', '6'),
('TT-003-LTMS', 'ST-NOR', 'I', '7'),
('TT-003-LTMS', 'ST-NOR', 'I', '8'),
('TT-003-LTMS', 'ST-NOR', 'I', '9'),
('TT-003-LTMS', 'ST-NOR', 'J', '1'),
('TT-003-LTMS', 'ST-NOR', 'J', '10'),
('TT-003-LTMS', 'ST-NOR', 'J', '11'),
('TT-003-LTMS', 'ST-NOR', 'J', '12'),
('TT-003-LTMS', 'ST-NOR', 'J', '13'),
('TT-003-LTMS', 'ST-NOR', 'J', '14'),
('TT-003-LTMS', 'ST-NOR', 'J', '15'),
('TT-003-LTMS', 'ST-NOR', 'J', '16'),
('TT-003-LTMS', 'ST-NOR', 'J', '17'),
('TT-003-LTMS', 'ST-NOR', 'J', '18'),
('TT-003-LTMS', 'ST-NOR', 'J', '19'),
('TT-003-LTMS', 'ST-NOR', 'J', '2'),
('TT-003-LTMS', 'ST-NOR', 'J', '20'),
('TT-003-LTMS', 'ST-NOR', 'J', '3'),
('TT-003-LTMS', 'ST-NOR', 'J', '4'),
('TT-003-LTMS', 'ST-NOR', 'J', '5'),
('TT-003-LTMS', 'ST-NOR', 'J', '6'),
('TT-003-LTMS', 'ST-NOR', 'J', '7'),
('TT-003-LTMS', 'ST-NOR', 'J', '8'),
('TT-003-LTMS', 'ST-NOR', 'J', '9'),
('TT-003-LTMS', 'ST-NOR', 'K', '1'),
('TT-003-LTMS', 'ST-NOR', 'K', '10'),
('TT-003-LTMS', 'ST-NOR', 'K', '11'),
('TT-003-LTMS', 'ST-NOR', 'K', '12'),
('TT-003-LTMS', 'ST-NOR', 'K', '13'),
('TT-003-LTMS', 'ST-NOR', 'K', '14'),
('TT-003-LTMS', 'ST-NOR', 'K', '15'),
('TT-003-LTMS', 'ST-NOR', 'K', '16'),
('TT-003-LTMS', 'ST-NOR', 'K', '17'),
('TT-003-LTMS', 'ST-NOR', 'K', '18'),
('TT-003-LTMS', 'ST-NOR', 'K', '19'),
('TT-003-LTMS', 'ST-NOR', 'K', '2'),
('TT-003-LTMS', 'ST-NOR', 'K', '20'),
('TT-003-LTMS', 'ST-NOR', 'K', '3'),
('TT-003-LTMS', 'ST-NOR', 'K', '4'),
('TT-003-LTMS', 'ST-NOR', 'K', '5'),
('TT-003-LTMS', 'ST-NOR', 'K', '6'),
('TT-003-LTMS', 'ST-NOR', 'K', '7'),
('TT-003-LTMS', 'ST-NOR', 'K', '8'),
('TT-003-LTMS', 'ST-NOR', 'K', '9'),
('TT-003-LTMS', 'ST-NOR', 'L', '1'),
('TT-003-LTMS', 'ST-NOR', 'L', '10'),
('TT-003-LTMS', 'ST-NOR', 'L', '11'),
('TT-003-LTMS', 'ST-NOR', 'L', '12'),
('TT-003-LTMS', 'ST-NOR', 'L', '13'),
('TT-003-LTMS', 'ST-NOR', 'L', '14'),
('TT-003-LTMS', 'ST-NOR', 'L', '15'),
('TT-003-LTMS', 'ST-NOR', 'L', '16'),
('TT-003-LTMS', 'ST-NOR', 'L', '17'),
('TT-003-LTMS', 'ST-NOR', 'L', '18'),
('TT-003-LTMS', 'ST-NOR', 'L', '19'),
('TT-003-LTMS', 'ST-NOR', 'L', '2'),
('TT-003-LTMS', 'ST-NOR', 'L', '20'),
('TT-003-LTMS', 'ST-NOR', 'L', '3'),
('TT-003-LTMS', 'ST-NOR', 'L', '4'),
('TT-003-LTMS', 'ST-NOR', 'L', '5'),
('TT-003-LTMS', 'ST-NOR', 'L', '6'),
('TT-003-LTMS', 'ST-NOR', 'L', '7'),
('TT-003-LTMS', 'ST-NOR', 'L', '8'),
('TT-003-LTMS', 'ST-NOR', 'L', '9'),
('TT-003-LTMS', 'ST-NOR', 'M', '1'),
('TT-003-LTMS', 'ST-NOR', 'M', '10'),
('TT-003-LTMS', 'ST-NOR', 'M', '11'),
('TT-003-LTMS', 'ST-NOR', 'M', '12'),
('TT-003-LTMS', 'ST-NOR', 'M', '13'),
('TT-003-LTMS', 'ST-NOR', 'M', '14'),
('TT-003-LTMS', 'ST-NOR', 'M', '15'),
('TT-003-LTMS', 'ST-NOR', 'M', '16'),
('TT-003-LTMS', 'ST-NOR', 'M', '17'),
('TT-003-LTMS', 'ST-NOR', 'M', '18'),
('TT-003-LTMS', 'ST-NOR', 'M', '19'),
('TT-003-LTMS', 'ST-NOR', 'M', '2'),
('TT-003-LTMS', 'ST-NOR', 'M', '20'),
('TT-003-LTMS', 'ST-NOR', 'M', '3'),
('TT-003-LTMS', 'ST-NOR', 'M', '4'),
('TT-003-LTMS', 'ST-NOR', 'M', '5'),
('TT-003-LTMS', 'ST-NOR', 'M', '6'),
('TT-003-LTMS', 'ST-NOR', 'M', '7'),
('TT-003-LTMS', 'ST-NOR', 'M', '8'),
('TT-003-LTMS', 'ST-NOR', 'M', '9'),
('TT-003-LTMS', 'ST-NOR', 'N', '1'),
('TT-003-LTMS', 'ST-NOR', 'N', '10'),
('TT-003-LTMS', 'ST-NOR', 'N', '11'),
('TT-003-LTMS', 'ST-NOR', 'N', '12'),
('TT-003-LTMS', 'ST-NOR', 'N', '13'),
('TT-003-LTMS', 'ST-NOR', 'N', '14'),
('TT-003-LTMS', 'ST-NOR', 'N', '15'),
('TT-003-LTMS', 'ST-NOR', 'N', '16'),
('TT-003-LTMS', 'ST-NOR', 'N', '17'),
('TT-003-LTMS', 'ST-NOR', 'N', '18'),
('TT-003-LTMS', 'ST-NOR', 'N', '19'),
('TT-003-LTMS', 'ST-NOR', 'N', '2'),
('TT-003-LTMS', 'ST-NOR', 'N', '20'),
('TT-003-LTMS', 'ST-NOR', 'N', '3'),
('TT-003-LTMS', 'ST-NOR', 'N', '4'),
('TT-003-LTMS', 'ST-NOR', 'N', '5'),
('TT-003-LTMS', 'ST-NOR', 'N', '6'),
('TT-003-LTMS', 'ST-NOR', 'N', '7'),
('TT-003-LTMS', 'ST-NOR', 'N', '8'),
('TT-003-LTMS', 'ST-NOR', 'N', '9'),
('TT-003-LTMS', 'ST-NOR', 'O', '1'),
('TT-003-LTMS', 'ST-NOR', 'O', '10'),
('TT-003-LTMS', 'ST-NOR', 'O', '11'),
('TT-003-LTMS', 'ST-NOR', 'O', '12'),
('TT-003-LTMS', 'ST-NOR', 'O', '13'),
('TT-003-LTMS', 'ST-NOR', 'O', '14'),
('TT-003-LTMS', 'ST-NOR', 'O', '15'),
('TT-003-LTMS', 'ST-NOR', 'O', '16'),
('TT-003-LTMS', 'ST-NOR', 'O', '17'),
('TT-003-LTMS', 'ST-NOR', 'O', '18'),
('TT-003-LTMS', 'ST-NOR', 'O', '19'),
('TT-003-LTMS', 'ST-NOR', 'O', '2'),
('TT-003-LTMS', 'ST-NOR', 'O', '20'),
('TT-003-LTMS', 'ST-NOR', 'O', '3'),
('TT-003-LTMS', 'ST-NOR', 'O', '4'),
('TT-003-LTMS', 'ST-NOR', 'O', '5'),
('TT-003-LTMS', 'ST-NOR', 'O', '6'),
('TT-003-LTMS', 'ST-NOR', 'O', '7'),
('TT-003-LTMS', 'ST-NOR', 'O', '8'),
('TT-003-LTMS', 'ST-NOR', 'O', '9'),
('TT-003-MEGA', 'ST-HNY', 'A', '1'),
('TT-003-MEGA', 'ST-HNY', 'A', '10'),
('TT-003-MEGA', 'ST-HNY', 'A', '11'),
('TT-003-MEGA', 'ST-HNY', 'A', '12'),
('TT-003-MEGA', 'ST-HNY', 'A', '13'),
('TT-003-MEGA', 'ST-HNY', 'A', '14'),
('TT-003-MEGA', 'ST-HNY', 'A', '15'),
('TT-003-MEGA', 'ST-HNY', 'A', '16'),
('TT-003-MEGA', 'ST-HNY', 'A', '17'),
('TT-003-MEGA', 'ST-HNY', 'A', '18'),
('TT-003-MEGA', 'ST-HNY', 'A', '19'),
('TT-003-MEGA', 'ST-HNY', 'A', '2'),
('TT-003-MEGA', 'ST-HNY', 'A', '20'),
('TT-003-MEGA', 'ST-HNY', 'A', '3'),
('TT-003-MEGA', 'ST-HNY', 'A', '4'),
('TT-003-MEGA', 'ST-HNY', 'A', '5'),
('TT-003-MEGA', 'ST-HNY', 'A', '6'),
('TT-003-MEGA', 'ST-HNY', 'A', '7'),
('TT-003-MEGA', 'ST-HNY', 'A', '8'),
('TT-003-MEGA', 'ST-HNY', 'A', '9'),
('TT-003-MEGA', 'ST-HNY', 'B', '1'),
('TT-003-MEGA', 'ST-HNY', 'B', '10'),
('TT-003-MEGA', 'ST-HNY', 'B', '11'),
('TT-003-MEGA', 'ST-HNY', 'B', '12'),
('TT-003-MEGA', 'ST-HNY', 'B', '13'),
('TT-003-MEGA', 'ST-HNY', 'B', '14'),
('TT-003-MEGA', 'ST-HNY', 'B', '15'),
('TT-003-MEGA', 'ST-HNY', 'B', '16'),
('TT-003-MEGA', 'ST-HNY', 'B', '17'),
('TT-003-MEGA', 'ST-HNY', 'B', '18'),
('TT-003-MEGA', 'ST-HNY', 'B', '19'),
('TT-003-MEGA', 'ST-HNY', 'B', '2'),
('TT-003-MEGA', 'ST-HNY', 'B', '20'),
('TT-003-MEGA', 'ST-HNY', 'B', '3'),
('TT-003-MEGA', 'ST-HNY', 'B', '4'),
('TT-003-MEGA', 'ST-HNY', 'B', '5'),
('TT-003-MEGA', 'ST-HNY', 'B', '6'),
('TT-003-MEGA', 'ST-HNY', 'B', '7'),
('TT-003-MEGA', 'ST-HNY', 'B', '8'),
('TT-003-MEGA', 'ST-HNY', 'B', '9'),
('TT-003-MEGA', 'ST-NOR', 'C', '1'),
('TT-003-MEGA', 'ST-NOR', 'C', '10'),
('TT-003-MEGA', 'ST-NOR', 'C', '11'),
('TT-003-MEGA', 'ST-NOR', 'C', '12'),
('TT-003-MEGA', 'ST-NOR', 'C', '13'),
('TT-003-MEGA', 'ST-NOR', 'C', '14'),
('TT-003-MEGA', 'ST-NOR', 'C', '15'),
('TT-003-MEGA', 'ST-NOR', 'C', '16'),
('TT-003-MEGA', 'ST-NOR', 'C', '17'),
('TT-003-MEGA', 'ST-NOR', 'C', '18'),
('TT-003-MEGA', 'ST-NOR', 'C', '19'),
('TT-003-MEGA', 'ST-NOR', 'C', '2'),
('TT-003-MEGA', 'ST-NOR', 'C', '20'),
('TT-003-MEGA', 'ST-NOR', 'C', '3'),
('TT-003-MEGA', 'ST-NOR', 'C', '4'),
('TT-003-MEGA', 'ST-NOR', 'C', '5'),
('TT-003-MEGA', 'ST-NOR', 'C', '6'),
('TT-003-MEGA', 'ST-NOR', 'C', '7'),
('TT-003-MEGA', 'ST-NOR', 'C', '8'),
('TT-003-MEGA', 'ST-NOR', 'C', '9'),
('TT-003-MEGA', 'ST-NOR', 'D', '1'),
('TT-003-MEGA', 'ST-NOR', 'D', '10'),
('TT-003-MEGA', 'ST-NOR', 'D', '11'),
('TT-003-MEGA', 'ST-NOR', 'D', '12'),
('TT-003-MEGA', 'ST-NOR', 'D', '13'),
('TT-003-MEGA', 'ST-NOR', 'D', '14'),
('TT-003-MEGA', 'ST-NOR', 'D', '15'),
('TT-003-MEGA', 'ST-NOR', 'D', '16'),
('TT-003-MEGA', 'ST-NOR', 'D', '17'),
('TT-003-MEGA', 'ST-NOR', 'D', '18'),
('TT-003-MEGA', 'ST-NOR', 'D', '19'),
('TT-003-MEGA', 'ST-NOR', 'D', '2'),
('TT-003-MEGA', 'ST-NOR', 'D', '20'),
('TT-003-MEGA', 'ST-NOR', 'D', '3'),
('TT-003-MEGA', 'ST-NOR', 'D', '4'),
('TT-003-MEGA', 'ST-NOR', 'D', '5'),
('TT-003-MEGA', 'ST-NOR', 'D', '6'),
('TT-003-MEGA', 'ST-NOR', 'D', '7'),
('TT-003-MEGA', 'ST-NOR', 'D', '8'),
('TT-003-MEGA', 'ST-NOR', 'D', '9'),
('TT-003-MEGA', 'ST-NOR', 'E', '1'),
('TT-003-MEGA', 'ST-NOR', 'E', '10'),
('TT-003-MEGA', 'ST-NOR', 'E', '11'),
('TT-003-MEGA', 'ST-NOR', 'E', '12'),
('TT-003-MEGA', 'ST-NOR', 'E', '13'),
('TT-003-MEGA', 'ST-NOR', 'E', '14'),
('TT-003-MEGA', 'ST-NOR', 'E', '15'),
('TT-003-MEGA', 'ST-NOR', 'E', '16'),
('TT-003-MEGA', 'ST-NOR', 'E', '17'),
('TT-003-MEGA', 'ST-NOR', 'E', '18'),
('TT-003-MEGA', 'ST-NOR', 'E', '19'),
('TT-003-MEGA', 'ST-NOR', 'E', '2'),
('TT-003-MEGA', 'ST-NOR', 'E', '20'),
('TT-003-MEGA', 'ST-NOR', 'E', '3'),
('TT-003-MEGA', 'ST-NOR', 'E', '4'),
('TT-003-MEGA', 'ST-NOR', 'E', '5'),
('TT-003-MEGA', 'ST-NOR', 'E', '6'),
('TT-003-MEGA', 'ST-NOR', 'E', '7'),
('TT-003-MEGA', 'ST-NOR', 'E', '8'),
('TT-003-MEGA', 'ST-NOR', 'E', '9'),
('TT-003-MEGA', 'ST-NOR', 'F', '1'),
('TT-003-MEGA', 'ST-NOR', 'F', '10'),
('TT-003-MEGA', 'ST-NOR', 'F', '11'),
('TT-003-MEGA', 'ST-NOR', 'F', '12'),
('TT-003-MEGA', 'ST-NOR', 'F', '13'),
('TT-003-MEGA', 'ST-NOR', 'F', '14'),
('TT-003-MEGA', 'ST-NOR', 'F', '15'),
('TT-003-MEGA', 'ST-NOR', 'F', '16'),
('TT-003-MEGA', 'ST-NOR', 'F', '17'),
('TT-003-MEGA', 'ST-NOR', 'F', '18'),
('TT-003-MEGA', 'ST-NOR', 'F', '19'),
('TT-003-MEGA', 'ST-NOR', 'F', '2'),
('TT-003-MEGA', 'ST-NOR', 'F', '20'),
('TT-003-MEGA', 'ST-NOR', 'F', '3'),
('TT-003-MEGA', 'ST-NOR', 'F', '4'),
('TT-003-MEGA', 'ST-NOR', 'F', '5'),
('TT-003-MEGA', 'ST-NOR', 'F', '6'),
('TT-003-MEGA', 'ST-NOR', 'F', '7'),
('TT-003-MEGA', 'ST-NOR', 'F', '8'),
('TT-003-MEGA', 'ST-NOR', 'F', '9'),
('TT-003-MEGA', 'ST-NOR', 'G', '1'),
('TT-003-MEGA', 'ST-NOR', 'G', '10'),
('TT-003-MEGA', 'ST-NOR', 'G', '11'),
('TT-003-MEGA', 'ST-NOR', 'G', '12'),
('TT-003-MEGA', 'ST-NOR', 'G', '13'),
('TT-003-MEGA', 'ST-NOR', 'G', '14'),
('TT-003-MEGA', 'ST-NOR', 'G', '15'),
('TT-003-MEGA', 'ST-NOR', 'G', '16'),
('TT-003-MEGA', 'ST-NOR', 'G', '17'),
('TT-003-MEGA', 'ST-NOR', 'G', '18'),
('TT-003-MEGA', 'ST-NOR', 'G', '19'),
('TT-003-MEGA', 'ST-NOR', 'G', '2'),
('TT-003-MEGA', 'ST-NOR', 'G', '20'),
('TT-003-MEGA', 'ST-NOR', 'G', '3'),
('TT-003-MEGA', 'ST-NOR', 'G', '4'),
('TT-003-MEGA', 'ST-NOR', 'G', '5'),
('TT-003-MEGA', 'ST-NOR', 'G', '6'),
('TT-003-MEGA', 'ST-NOR', 'G', '7'),
('TT-003-MEGA', 'ST-NOR', 'G', '8'),
('TT-003-MEGA', 'ST-NOR', 'G', '9'),
('TT-003-MEGA', 'ST-NOR', 'H', '1'),
('TT-003-MEGA', 'ST-NOR', 'H', '10'),
('TT-003-MEGA', 'ST-NOR', 'H', '11'),
('TT-003-MEGA', 'ST-NOR', 'H', '12'),
('TT-003-MEGA', 'ST-NOR', 'H', '13'),
('TT-003-MEGA', 'ST-NOR', 'H', '14'),
('TT-003-MEGA', 'ST-NOR', 'H', '15'),
('TT-003-MEGA', 'ST-NOR', 'H', '16'),
('TT-003-MEGA', 'ST-NOR', 'H', '17'),
('TT-003-MEGA', 'ST-NOR', 'H', '18'),
('TT-003-MEGA', 'ST-NOR', 'H', '19'),
('TT-003-MEGA', 'ST-NOR', 'H', '2'),
('TT-003-MEGA', 'ST-NOR', 'H', '20'),
('TT-003-MEGA', 'ST-NOR', 'H', '3'),
('TT-003-MEGA', 'ST-NOR', 'H', '4'),
('TT-003-MEGA', 'ST-NOR', 'H', '5'),
('TT-003-MEGA', 'ST-NOR', 'H', '6'),
('TT-003-MEGA', 'ST-NOR', 'H', '7'),
('TT-003-MEGA', 'ST-NOR', 'H', '8'),
('TT-003-MEGA', 'ST-NOR', 'H', '9'),
('TT-003-MEGA', 'ST-NOR', 'I', '1'),
('TT-003-MEGA', 'ST-NOR', 'I', '10'),
('TT-003-MEGA', 'ST-NOR', 'I', '11'),
('TT-003-MEGA', 'ST-NOR', 'I', '12'),
('TT-003-MEGA', 'ST-NOR', 'I', '13'),
('TT-003-MEGA', 'ST-NOR', 'I', '14'),
('TT-003-MEGA', 'ST-NOR', 'I', '15'),
('TT-003-MEGA', 'ST-NOR', 'I', '16'),
('TT-003-MEGA', 'ST-NOR', 'I', '17'),
('TT-003-MEGA', 'ST-NOR', 'I', '18'),
('TT-003-MEGA', 'ST-NOR', 'I', '19'),
('TT-003-MEGA', 'ST-NOR', 'I', '2'),
('TT-003-MEGA', 'ST-NOR', 'I', '20'),
('TT-003-MEGA', 'ST-NOR', 'I', '3'),
('TT-003-MEGA', 'ST-NOR', 'I', '4'),
('TT-003-MEGA', 'ST-NOR', 'I', '5'),
('TT-003-MEGA', 'ST-NOR', 'I', '6'),
('TT-003-MEGA', 'ST-NOR', 'I', '7'),
('TT-003-MEGA', 'ST-NOR', 'I', '8'),
('TT-003-MEGA', 'ST-NOR', 'I', '9'),
('TT-003-MEGA', 'ST-NOR', 'J', '1'),
('TT-003-MEGA', 'ST-NOR', 'J', '10'),
('TT-003-MEGA', 'ST-NOR', 'J', '11'),
('TT-003-MEGA', 'ST-NOR', 'J', '12'),
('TT-003-MEGA', 'ST-NOR', 'J', '13'),
('TT-003-MEGA', 'ST-NOR', 'J', '14'),
('TT-003-MEGA', 'ST-NOR', 'J', '15'),
('TT-003-MEGA', 'ST-NOR', 'J', '16'),
('TT-003-MEGA', 'ST-NOR', 'J', '17'),
('TT-003-MEGA', 'ST-NOR', 'J', '18'),
('TT-003-MEGA', 'ST-NOR', 'J', '19'),
('TT-003-MEGA', 'ST-NOR', 'J', '2'),
('TT-003-MEGA', 'ST-NOR', 'J', '20'),
('TT-003-MEGA', 'ST-NOR', 'J', '3'),
('TT-003-MEGA', 'ST-NOR', 'J', '4'),
('TT-003-MEGA', 'ST-NOR', 'J', '5'),
('TT-003-MEGA', 'ST-NOR', 'J', '6'),
('TT-003-MEGA', 'ST-NOR', 'J', '7'),
('TT-003-MEGA', 'ST-NOR', 'J', '8'),
('TT-003-MEGA', 'ST-NOR', 'J', '9'),
('TT-003-MEGA', 'ST-NOR', 'K', '1'),
('TT-003-MEGA', 'ST-NOR', 'K', '10'),
('TT-003-MEGA', 'ST-NOR', 'K', '11'),
('TT-003-MEGA', 'ST-NOR', 'K', '12'),
('TT-003-MEGA', 'ST-NOR', 'K', '13'),
('TT-003-MEGA', 'ST-NOR', 'K', '14'),
('TT-003-MEGA', 'ST-NOR', 'K', '15'),
('TT-003-MEGA', 'ST-NOR', 'K', '16'),
('TT-003-MEGA', 'ST-NOR', 'K', '17'),
('TT-003-MEGA', 'ST-NOR', 'K', '18'),
('TT-003-MEGA', 'ST-NOR', 'K', '19'),
('TT-003-MEGA', 'ST-NOR', 'K', '2'),
('TT-003-MEGA', 'ST-NOR', 'K', '20'),
('TT-003-MEGA', 'ST-NOR', 'K', '3'),
('TT-003-MEGA', 'ST-NOR', 'K', '4'),
('TT-003-MEGA', 'ST-NOR', 'K', '5'),
('TT-003-MEGA', 'ST-NOR', 'K', '6'),
('TT-003-MEGA', 'ST-NOR', 'K', '7'),
('TT-003-MEGA', 'ST-NOR', 'K', '8'),
('TT-003-MEGA', 'ST-NOR', 'K', '9'),
('TT-003-MEGA', 'ST-NOR', 'L', '1'),
('TT-003-MEGA', 'ST-NOR', 'L', '10'),
('TT-003-MEGA', 'ST-NOR', 'L', '11'),
('TT-003-MEGA', 'ST-NOR', 'L', '12'),
('TT-003-MEGA', 'ST-NOR', 'L', '13'),
('TT-003-MEGA', 'ST-NOR', 'L', '14'),
('TT-003-MEGA', 'ST-NOR', 'L', '15'),
('TT-003-MEGA', 'ST-NOR', 'L', '16'),
('TT-003-MEGA', 'ST-NOR', 'L', '17'),
('TT-003-MEGA', 'ST-NOR', 'L', '18'),
('TT-003-MEGA', 'ST-NOR', 'L', '19'),
('TT-003-MEGA', 'ST-NOR', 'L', '2'),
('TT-003-MEGA', 'ST-NOR', 'L', '20'),
('TT-003-MEGA', 'ST-NOR', 'L', '3'),
('TT-003-MEGA', 'ST-NOR', 'L', '4'),
('TT-003-MEGA', 'ST-NOR', 'L', '5'),
('TT-003-MEGA', 'ST-NOR', 'L', '6'),
('TT-003-MEGA', 'ST-NOR', 'L', '7'),
('TT-003-MEGA', 'ST-NOR', 'L', '8'),
('TT-003-MEGA', 'ST-NOR', 'L', '9'),
('TT-003-MJRC', 'ST-DSO', 'G', '1'),
('TT-003-MJRC', 'ST-DSO', 'G', '10'),
('TT-003-MJRC', 'ST-DSO', 'G', '2'),
('TT-003-MJRC', 'ST-DSO', 'G', '3'),
('TT-003-MJRC', 'ST-DSO', 'G', '4'),
('TT-003-MJRC', 'ST-DSO', 'G', '5'),
('TT-003-MJRC', 'ST-DSO', 'G', '6'),
('TT-003-MJRC', 'ST-DSO', 'G', '7'),
('TT-003-MJRC', 'ST-DSO', 'G', '8'),
('TT-003-MJRC', 'ST-DSO', 'G', '9'),
('TT-003-MJRC', 'ST-DSO', 'H', '1'),
('TT-003-MJRC', 'ST-DSO', 'H', '10'),
('TT-003-MJRC', 'ST-DSO', 'H', '2'),
('TT-003-MJRC', 'ST-DSO', 'H', '3'),
('TT-003-MJRC', 'ST-DSO', 'H', '4'),
('TT-003-MJRC', 'ST-DSO', 'H', '5'),
('TT-003-MJRC', 'ST-DSO', 'H', '6'),
('TT-003-MJRC', 'ST-DSO', 'H', '7'),
('TT-003-MJRC', 'ST-DSO', 'H', '8'),
('TT-003-MJRC', 'ST-DSO', 'H', '9'),
('TT-003-MJRC', 'ST-DSO', 'I', '1'),
('TT-003-MJRC', 'ST-DSO', 'I', '10'),
('TT-003-MJRC', 'ST-DSO', 'I', '2'),
('TT-003-MJRC', 'ST-DSO', 'I', '3'),
('TT-003-MJRC', 'ST-DSO', 'I', '4'),
('TT-003-MJRC', 'ST-DSO', 'I', '5'),
('TT-003-MJRC', 'ST-DSO', 'I', '6'),
('TT-003-MJRC', 'ST-DSO', 'I', '7'),
('TT-003-MJRC', 'ST-DSO', 'I', '8'),
('TT-003-MJRC', 'ST-DSO', 'I', '9'),
('TT-003-MJRC', 'ST-HNY', 'A', '1'),
('TT-003-MJRC', 'ST-HNY', 'A', '10'),
('TT-003-MJRC', 'ST-HNY', 'A', '11'),
('TT-003-MJRC', 'ST-HNY', 'A', '12'),
('TT-003-MJRC', 'ST-HNY', 'A', '13'),
('TT-003-MJRC', 'ST-HNY', 'A', '14'),
('TT-003-MJRC', 'ST-HNY', 'A', '15'),
('TT-003-MJRC', 'ST-HNY', 'A', '16'),
('TT-003-MJRC', 'ST-HNY', 'A', '17'),
('TT-003-MJRC', 'ST-HNY', 'A', '18'),
('TT-003-MJRC', 'ST-HNY', 'A', '2'),
('TT-003-MJRC', 'ST-HNY', 'A', '3'),
('TT-003-MJRC', 'ST-HNY', 'A', '4'),
('TT-003-MJRC', 'ST-HNY', 'A', '5'),
('TT-003-MJRC', 'ST-HNY', 'A', '6'),
('TT-003-MJRC', 'ST-HNY', 'A', '7'),
('TT-003-MJRC', 'ST-HNY', 'A', '8'),
('TT-003-MJRC', 'ST-HNY', 'A', '9'),
('TT-003-MJRC', 'ST-HNY', 'B', '1'),
('TT-003-MJRC', 'ST-HNY', 'B', '10'),
('TT-003-MJRC', 'ST-HNY', 'B', '11'),
('TT-003-MJRC', 'ST-HNY', 'B', '12'),
('TT-003-MJRC', 'ST-HNY', 'B', '13'),
('TT-003-MJRC', 'ST-HNY', 'B', '14'),
('TT-003-MJRC', 'ST-HNY', 'B', '15'),
('TT-003-MJRC', 'ST-HNY', 'B', '16'),
('TT-003-MJRC', 'ST-HNY', 'B', '17'),
('TT-003-MJRC', 'ST-HNY', 'B', '18'),
('TT-003-MJRC', 'ST-HNY', 'B', '2'),
('TT-003-MJRC', 'ST-HNY', 'B', '3'),
('TT-003-MJRC', 'ST-HNY', 'B', '4'),
('TT-003-MJRC', 'ST-HNY', 'B', '5'),
('TT-003-MJRC', 'ST-HNY', 'B', '6'),
('TT-003-MJRC', 'ST-HNY', 'B', '7'),
('TT-003-MJRC', 'ST-HNY', 'B', '8'),
('TT-003-MJRC', 'ST-HNY', 'B', '9'),
('TT-003-MJRC', 'ST-HNY', 'C', '1'),
('TT-003-MJRC', 'ST-HNY', 'C', '10'),
('TT-003-MJRC', 'ST-HNY', 'C', '11'),
('TT-003-MJRC', 'ST-HNY', 'C', '12'),
('TT-003-MJRC', 'ST-HNY', 'C', '13'),
('TT-003-MJRC', 'ST-HNY', 'C', '14'),
('TT-003-MJRC', 'ST-HNY', 'C', '15'),
('TT-003-MJRC', 'ST-HNY', 'C', '16'),
('TT-003-MJRC', 'ST-HNY', 'C', '2'),
('TT-003-MJRC', 'ST-HNY', 'C', '3'),
('TT-003-MJRC', 'ST-HNY', 'C', '4'),
('TT-003-MJRC', 'ST-HNY', 'C', '5'),
('TT-003-MJRC', 'ST-HNY', 'C', '6'),
('TT-003-MJRC', 'ST-HNY', 'C', '7'),
('TT-003-MJRC', 'ST-HNY', 'C', '8'),
('TT-003-MJRC', 'ST-HNY', 'C', '9'),
('TT-003-MJRC', 'ST-NOR', 'D', '1'),
('TT-003-MJRC', 'ST-NOR', 'D', '10'),
('TT-003-MJRC', 'ST-NOR', 'D', '11'),
('TT-003-MJRC', 'ST-NOR', 'D', '12'),
('TT-003-MJRC', 'ST-NOR', 'D', '13'),
('TT-003-MJRC', 'ST-NOR', 'D', '14'),
('TT-003-MJRC', 'ST-NOR', 'D', '15'),
('TT-003-MJRC', 'ST-NOR', 'D', '16'),
('TT-003-MJRC', 'ST-NOR', 'D', '2'),
('TT-003-MJRC', 'ST-NOR', 'D', '3'),
('TT-003-MJRC', 'ST-NOR', 'D', '4'),
('TT-003-MJRC', 'ST-NOR', 'D', '5'),
('TT-003-MJRC', 'ST-NOR', 'D', '6'),
('TT-003-MJRC', 'ST-NOR', 'D', '7'),
('TT-003-MJRC', 'ST-NOR', 'D', '8'),
('TT-003-MJRC', 'ST-NOR', 'D', '9'),
('TT-003-MJRC', 'ST-NOR', 'E', '1'),
('TT-003-MJRC', 'ST-NOR', 'E', '10'),
('TT-003-MJRC', 'ST-NOR', 'E', '11'),
('TT-003-MJRC', 'ST-NOR', 'E', '12'),
('TT-003-MJRC', 'ST-NOR', 'E', '13'),
('TT-003-MJRC', 'ST-NOR', 'E', '14'),
('TT-003-MJRC', 'ST-NOR', 'E', '15'),
('TT-003-MJRC', 'ST-NOR', 'E', '2'),
('TT-003-MJRC', 'ST-NOR', 'E', '3'),
('TT-003-MJRC', 'ST-NOR', 'E', '4'),
('TT-003-MJRC', 'ST-NOR', 'E', '5'),
('TT-003-MJRC', 'ST-NOR', 'E', '6'),
('TT-003-MJRC', 'ST-NOR', 'E', '7'),
('TT-003-MJRC', 'ST-NOR', 'E', '8'),
('TT-003-MJRC', 'ST-NOR', 'E', '9'),
('TT-003-MJRC', 'ST-NOR', 'F', '1'),
('TT-003-MJRC', 'ST-NOR', 'F', '10'),
('TT-003-MJRC', 'ST-NOR', 'F', '11'),
('TT-003-MJRC', 'ST-NOR', 'F', '12'),
('TT-003-MJRC', 'ST-NOR', 'F', '13'),
('TT-003-MJRC', 'ST-NOR', 'F', '14'),
('TT-003-MJRC', 'ST-NOR', 'F', '15'),
('TT-003-MJRC', 'ST-NOR', 'F', '2'),
('TT-003-MJRC', 'ST-NOR', 'F', '3'),
('TT-003-MJRC', 'ST-NOR', 'F', '4'),
('TT-003-MJRC', 'ST-NOR', 'F', '5'),
('TT-003-MJRC', 'ST-NOR', 'F', '6'),
('TT-003-MJRC', 'ST-NOR', 'F', '7'),
('TT-003-MJRC', 'ST-NOR', 'F', '8'),
('TT-003-MJRC', 'ST-NOR', 'F', '9'),
('TT-003-PRGC', 'ST-3ENI', 'A', '1'),
('TT-003-PRGC', 'ST-3ENI', 'A', '2'),
('TT-003-PRGC', 'ST-3ENI', 'A', '3'),
('TT-003-PRGC', 'ST-ENI', 'B', '1'),
('TT-003-PRGC', 'ST-ENI', 'B', '2'),
('TT-003-PRGC', 'ST-ENI', 'B', '3'),
('TT-003-PRGC', 'ST-ENI', 'B', '4'),
('TT-003-PRGC', 'ST-ENI', 'B', '5'),
('TT-003-PRGC', 'ST-ENI', 'B', '6'),
('TT-003-PRGC', 'ST-ENI', 'C', '1'),
('TT-003-PRGC', 'ST-ENI', 'C', '2'),
('TT-003-PRGC', 'ST-ENI', 'C', '3'),
('TT-003-PRGC', 'ST-ENI', 'C', '4'),
('TT-003-PRGC', 'ST-ENI', 'C', '5'),
('TT-003-PRGC', 'ST-ENI', 'C', '6'),
('TT-003-PRGC', 'ST-ENI', 'C', '7'),
('TT-003-PRGC', 'ST-ENI', 'C', '8'),
('TT-003-PRGC', 'ST-ENI', 'D', '1'),
('TT-003-PRGC', 'ST-ENI', 'D', '2'),
('TT-003-PRGC', 'ST-ENI', 'D', '3'),
('TT-003-PRGC', 'ST-ENI', 'D', '4'),
('TT-003-PRGC', 'ST-ENI', 'D', '5'),
('TT-003-PRGC', 'ST-ENI', 'D', '6'),
('TT-003-PRGC', 'ST-ENI', 'D', '7'),
('TT-003-PRGC', 'ST-ENI', 'D', '8'),
('TT-003-PRGC', 'ST-ENI', 'E', '1'),
('TT-003-PRGC', 'ST-ENI', 'E', '2'),
('TT-003-PRGC', 'ST-ENI', 'E', '3'),
('TT-003-PRGC', 'ST-ENI', 'E', '4'),
('TT-003-PRGC', 'ST-ENI', 'E', '5'),
('TT-003-PRGC', 'ST-ENI', 'E', '6'),
('TT-003-PRGC', 'ST-ENI', 'E', '7'),
('TT-003-PRGC', 'ST-ENI', 'E', '8'),
('TT-003-QTCA', 'ST-NOR', 'D', '1'),
('TT-003-QTCA', 'ST-NOR', 'D', '10'),
('TT-003-QTCA', 'ST-NOR', 'D', '11'),
('TT-003-QTCA', 'ST-NOR', 'D', '12'),
('TT-003-QTCA', 'ST-NOR', 'D', '13'),
('TT-003-QTCA', 'ST-NOR', 'D', '14'),
('TT-003-QTCA', 'ST-NOR', 'D', '15'),
('TT-003-QTCA', 'ST-NOR', 'D', '16'),
('TT-003-QTCA', 'ST-NOR', 'D', '17'),
('TT-003-QTCA', 'ST-NOR', 'D', '18'),
('TT-003-QTCA', 'ST-NOR', 'D', '2'),
('TT-003-QTCA', 'ST-NOR', 'D', '3'),
('TT-003-QTCA', 'ST-NOR', 'D', '4'),
('TT-003-QTCA', 'ST-NOR', 'D', '5'),
('TT-003-QTCA', 'ST-NOR', 'D', '6'),
('TT-003-QTCA', 'ST-NOR', 'D', '7'),
('TT-003-QTCA', 'ST-NOR', 'D', '8'),
('TT-003-QTCA', 'ST-NOR', 'D', '9'),
('TT-003-QTCA', 'ST-NOR', 'E', '1'),
('TT-003-QTCA', 'ST-NOR', 'E', '10'),
('TT-003-QTCA', 'ST-NOR', 'E', '11'),
('TT-003-QTCA', 'ST-NOR', 'E', '12'),
('TT-003-QTCA', 'ST-NOR', 'E', '13'),
('TT-003-QTCA', 'ST-NOR', 'E', '14'),
('TT-003-QTCA', 'ST-NOR', 'E', '15'),
('TT-003-QTCA', 'ST-NOR', 'E', '16'),
('TT-003-QTCA', 'ST-NOR', 'E', '17'),
('TT-003-QTCA', 'ST-NOR', 'E', '18'),
('TT-003-QTCA', 'ST-NOR', 'E', '2'),
('TT-003-QTCA', 'ST-NOR', 'E', '3'),
('TT-003-QTCA', 'ST-NOR', 'E', '4'),
('TT-003-QTCA', 'ST-NOR', 'E', '5'),
('TT-003-QTCA', 'ST-NOR', 'E', '6'),
('TT-003-QTCA', 'ST-NOR', 'E', '7'),
('TT-003-QTCA', 'ST-NOR', 'E', '8'),
('TT-003-QTCA', 'ST-NOR', 'E', '9'),
('TT-003-QTCA', 'ST-NOR', 'F', '1'),
('TT-003-QTCA', 'ST-NOR', 'F', '10'),
('TT-003-QTCA', 'ST-NOR', 'F', '11'),
('TT-003-QTCA', 'ST-NOR', 'F', '12'),
('TT-003-QTCA', 'ST-NOR', 'F', '13'),
('TT-003-QTCA', 'ST-NOR', 'F', '14'),
('TT-003-QTCA', 'ST-NOR', 'F', '15'),
('TT-003-QTCA', 'ST-NOR', 'F', '16'),
('TT-003-QTCA', 'ST-NOR', 'F', '17'),
('TT-003-QTCA', 'ST-NOR', 'F', '18'),
('TT-003-QTCA', 'ST-NOR', 'F', '2'),
('TT-003-QTCA', 'ST-NOR', 'F', '3'),
('TT-003-QTCA', 'ST-NOR', 'F', '4'),
('TT-003-QTCA', 'ST-NOR', 'F', '5'),
('TT-003-QTCA', 'ST-NOR', 'F', '6'),
('TT-003-QTCA', 'ST-NOR', 'F', '7'),
('TT-003-QTCA', 'ST-NOR', 'F', '8'),
('TT-003-QTCA', 'ST-NOR', 'F', '9'),
('TT-003-QTCA', 'ST-NOR', 'G', '1'),
('TT-003-QTCA', 'ST-NOR', 'G', '10'),
('TT-003-QTCA', 'ST-NOR', 'G', '11'),
('TT-003-QTCA', 'ST-NOR', 'G', '12'),
('TT-003-QTCA', 'ST-NOR', 'G', '13'),
('TT-003-QTCA', 'ST-NOR', 'G', '14'),
('TT-003-QTCA', 'ST-NOR', 'G', '15'),
('TT-003-QTCA', 'ST-NOR', 'G', '16'),
('TT-003-QTCA', 'ST-NOR', 'G', '17'),
('TT-003-QTCA', 'ST-NOR', 'G', '18'),
('TT-003-QTCA', 'ST-NOR', 'G', '2'),
('TT-003-QTCA', 'ST-NOR', 'G', '3'),
('TT-003-QTCA', 'ST-NOR', 'G', '4'),
('TT-003-QTCA', 'ST-NOR', 'G', '5'),
('TT-003-QTCA', 'ST-NOR', 'G', '6'),
('TT-003-QTCA', 'ST-NOR', 'G', '7'),
('TT-003-QTCA', 'ST-NOR', 'G', '8'),
('TT-003-QTCA', 'ST-NOR', 'G', '9'),
('TT-003-QTCA', 'ST-NOR', 'H', '1'),
('TT-003-QTCA', 'ST-NOR', 'H', '10'),
('TT-003-QTCA', 'ST-NOR', 'H', '11'),
('TT-003-QTCA', 'ST-NOR', 'H', '12'),
('TT-003-QTCA', 'ST-NOR', 'H', '13'),
('TT-003-QTCA', 'ST-NOR', 'H', '14'),
('TT-003-QTCA', 'ST-NOR', 'H', '15'),
('TT-003-QTCA', 'ST-NOR', 'H', '16'),
('TT-003-QTCA', 'ST-NOR', 'H', '17'),
('TT-003-QTCA', 'ST-NOR', 'H', '18'),
('TT-003-QTCA', 'ST-NOR', 'H', '2'),
('TT-003-QTCA', 'ST-NOR', 'H', '3'),
('TT-003-QTCA', 'ST-NOR', 'H', '4'),
('TT-003-QTCA', 'ST-NOR', 'H', '5'),
('TT-003-QTCA', 'ST-NOR', 'H', '6'),
('TT-003-QTCA', 'ST-NOR', 'H', '7'),
('TT-003-QTCA', 'ST-NOR', 'H', '8'),
('TT-003-QTCA', 'ST-NOR', 'H', '9'),
('TT-003-QTCA', 'ST-NOR', 'I', '1'),
('TT-003-QTCA', 'ST-NOR', 'I', '10'),
('TT-003-QTCA', 'ST-NOR', 'I', '11'),
('TT-003-QTCA', 'ST-NOR', 'I', '12'),
('TT-003-QTCA', 'ST-NOR', 'I', '13'),
('TT-003-QTCA', 'ST-NOR', 'I', '14'),
('TT-003-QTCA', 'ST-NOR', 'I', '15'),
('TT-003-QTCA', 'ST-NOR', 'I', '16'),
('TT-003-QTCA', 'ST-NOR', 'I', '17'),
('TT-003-QTCA', 'ST-NOR', 'I', '18'),
('TT-003-QTCA', 'ST-NOR', 'I', '2'),
('TT-003-QTCA', 'ST-NOR', 'I', '3'),
('TT-003-QTCA', 'ST-NOR', 'I', '4'),
('TT-003-QTCA', 'ST-NOR', 'I', '5'),
('TT-003-QTCA', 'ST-NOR', 'I', '6'),
('TT-003-QTCA', 'ST-NOR', 'I', '7'),
('TT-003-QTCA', 'ST-NOR', 'I', '8'),
('TT-003-QTCA', 'ST-NOR', 'I', '9'),
('TT-003-QTCA', 'ST-NOR', 'J', '1'),
('TT-003-QTCA', 'ST-NOR', 'J', '10'),
('TT-003-QTCA', 'ST-NOR', 'J', '11'),
('TT-003-QTCA', 'ST-NOR', 'J', '12'),
('TT-003-QTCA', 'ST-NOR', 'J', '13'),
('TT-003-QTCA', 'ST-NOR', 'J', '14'),
('TT-003-QTCA', 'ST-NOR', 'J', '15'),
('TT-003-QTCA', 'ST-NOR', 'J', '16'),
('TT-003-QTCA', 'ST-NOR', 'J', '17'),
('TT-003-QTCA', 'ST-NOR', 'J', '18'),
('TT-003-QTCA', 'ST-NOR', 'J', '2'),
('TT-003-QTCA', 'ST-NOR', 'J', '3'),
('TT-003-QTCA', 'ST-NOR', 'J', '4'),
('TT-003-QTCA', 'ST-NOR', 'J', '5'),
('TT-003-QTCA', 'ST-NOR', 'J', '6'),
('TT-003-QTCA', 'ST-NOR', 'J', '7'),
('TT-003-QTCA', 'ST-NOR', 'J', '8'),
('TT-003-QTCA', 'ST-NOR', 'J', '9'),
('TT-003-QTCA', 'ST-OPR', 'VP', '1'),
('TT-003-QTCA', 'ST-OPR', 'VP', '2'),
('TT-003-QTCA', 'ST-OPR', 'VP', '3'),
('TT-003-QTCA', 'ST-OPR', 'VP', '4'),
('TT-003-QTCA', 'ST-OPR', 'VP', '5'),
('TT-003-QTCA', 'ST-OPR', 'VP', '6'),
('TT-003-QTCA', 'ST-OPR', 'VP', '7'),
('TT-003-QTCA', 'ST-OPR', 'VP', '8'),
('TT-003-QTCA', 'ST-PRV', 'A', '1'),
('TT-003-QTCA', 'ST-PRV', 'A', '2'),
('TT-003-QTCA', 'ST-PRV', 'A', '3'),
('TT-003-QTCA', 'ST-PRV', 'A', '4'),
('TT-003-QTCA', 'ST-PRV', 'A', '5'),
('TT-003-QTCA', 'ST-PRV', 'A', '6'),
('TT-003-QTCA', 'ST-PRV', 'A', '7'),
('TT-003-QTCA', 'ST-PRV', 'A', '8'),
('TT-003-QTCA', 'ST-PRV', 'A', '9'),
('TT-003-QTCA', 'ST-PRV', 'B', '1'),
('TT-003-QTCA', 'ST-PRV', 'B', '2'),
('TT-003-QTCA', 'ST-PRV', 'B', '3'),
('TT-003-QTCA', 'ST-PRV', 'B', '4'),
('TT-003-QTCA', 'ST-PRV', 'B', '5'),
('TT-003-QTCA', 'ST-PRV', 'B', '6'),
('TT-003-QTCA', 'ST-PRV', 'B', '7'),
('TT-003-QTCA', 'ST-PRV', 'B', '8'),
('TT-003-QTCA', 'ST-PRV', 'B', '9'),
('TT-003-QTCA', 'ST-PRV', 'C', '1'),
('TT-003-QTCA', 'ST-PRV', 'C', '2'),
('TT-003-QTCA', 'ST-PRV', 'C', '3'),
('TT-003-QTCA', 'ST-PRV', 'C', '4'),
('TT-003-QTCA', 'ST-PRV', 'C', '5'),
('TT-003-QTCA', 'ST-PRV', 'C', '6'),
('TT-003-QTCA', 'ST-PRV', 'C', '7'),
('TT-003-QTCA', 'ST-PRV', 'C', '8'),
('TT-003-QTCA', 'ST-PRV', 'C', '9'),
('TT-003-SEAC', 'ST-HNY', 'A', '1'),
('TT-003-SEAC', 'ST-HNY', 'A', '10'),
('TT-003-SEAC', 'ST-HNY', 'A', '11'),
('TT-003-SEAC', 'ST-HNY', 'A', '12'),
('TT-003-SEAC', 'ST-HNY', 'A', '2'),
('TT-003-SEAC', 'ST-HNY', 'A', '3'),
('TT-003-SEAC', 'ST-HNY', 'A', '4'),
('TT-003-SEAC', 'ST-HNY', 'A', '5'),
('TT-003-SEAC', 'ST-HNY', 'A', '6'),
('TT-003-SEAC', 'ST-HNY', 'A', '7'),
('TT-003-SEAC', 'ST-HNY', 'A', '8'),
('TT-003-SEAC', 'ST-HNY', 'A', '9'),
('TT-003-SEAC', 'ST-HNY', 'B', '1'),
('TT-003-SEAC', 'ST-HNY', 'B', '10'),
('TT-003-SEAC', 'ST-HNY', 'B', '11'),
('TT-003-SEAC', 'ST-HNY', 'B', '12'),
('TT-003-SEAC', 'ST-HNY', 'B', '2'),
('TT-003-SEAC', 'ST-HNY', 'B', '3'),
('TT-003-SEAC', 'ST-HNY', 'B', '4'),
('TT-003-SEAC', 'ST-HNY', 'B', '5'),
('TT-003-SEAC', 'ST-HNY', 'B', '6'),
('TT-003-SEAC', 'ST-HNY', 'B', '7'),
('TT-003-SEAC', 'ST-HNY', 'B', '8'),
('TT-003-SEAC', 'ST-HNY', 'B', '9'),
('TT-003-SEAC', 'ST-HNY', 'C', '1'),
('TT-003-SEAC', 'ST-HNY', 'C', '10'),
('TT-003-SEAC', 'ST-HNY', 'C', '11'),
('TT-003-SEAC', 'ST-HNY', 'C', '12'),
('TT-003-SEAC', 'ST-HNY', 'C', '2'),
('TT-003-SEAC', 'ST-HNY', 'C', '3'),
('TT-003-SEAC', 'ST-HNY', 'C', '4'),
('TT-003-SEAC', 'ST-HNY', 'C', '5'),
('TT-003-SEAC', 'ST-HNY', 'C', '6'),
('TT-003-SEAC', 'ST-HNY', 'C', '7'),
('TT-003-SEAC', 'ST-HNY', 'C', '8'),
('TT-003-SEAC', 'ST-HNY', 'C', '9'),
('TT-003-SEAC', 'ST-NOR', 'D', '1'),
('TT-003-SEAC', 'ST-NOR', 'D', '10'),
('TT-003-SEAC', 'ST-NOR', 'D', '11'),
('TT-003-SEAC', 'ST-NOR', 'D', '12'),
('TT-003-SEAC', 'ST-NOR', 'D', '2'),
('TT-003-SEAC', 'ST-NOR', 'D', '3'),
('TT-003-SEAC', 'ST-NOR', 'D', '4'),
('TT-003-SEAC', 'ST-NOR', 'D', '5'),
('TT-003-SEAC', 'ST-NOR', 'D', '6'),
('TT-003-SEAC', 'ST-NOR', 'D', '7'),
('TT-003-SEAC', 'ST-NOR', 'D', '8'),
('TT-003-SEAC', 'ST-NOR', 'D', '9'),
('TT-003-SEAC', 'ST-NOR', 'E', '1'),
('TT-003-SEAC', 'ST-NOR', 'E', '10'),
('TT-003-SEAC', 'ST-NOR', 'E', '11'),
('TT-003-SEAC', 'ST-NOR', 'E', '12'),
('TT-003-SEAC', 'ST-NOR', 'E', '2'),
('TT-003-SEAC', 'ST-NOR', 'E', '3'),
('TT-003-SEAC', 'ST-NOR', 'E', '4'),
('TT-003-SEAC', 'ST-NOR', 'E', '5'),
('TT-003-SEAC', 'ST-NOR', 'E', '6'),
('TT-003-SEAC', 'ST-NOR', 'E', '7'),
('TT-003-SEAC', 'ST-NOR', 'E', '8'),
('TT-003-SEAC', 'ST-NOR', 'E', '9'),
('TT-003-SEAC', 'ST-NOR', 'F', '1'),
('TT-003-SEAC', 'ST-NOR', 'F', '10'),
('TT-003-SEAC', 'ST-NOR', 'F', '11'),
('TT-003-SEAC', 'ST-NOR', 'F', '12'),
('TT-003-SEAC', 'ST-NOR', 'F', '2'),
('TT-003-SEAC', 'ST-NOR', 'F', '3'),
('TT-003-SEAC', 'ST-NOR', 'F', '4'),
('TT-003-SEAC', 'ST-NOR', 'F', '5'),
('TT-003-SEAC', 'ST-NOR', 'F', '6'),
('TT-003-SEAC', 'ST-NOR', 'F', '7'),
('TT-003-SEAC', 'ST-NOR', 'F', '8'),
('TT-003-SEAC', 'ST-NOR', 'F', '9'),
('TT-003-SEAC', 'ST-NOR', 'G', '1'),
('TT-003-SEAC', 'ST-NOR', 'G', '10'),
('TT-003-SEAC', 'ST-NOR', 'G', '11'),
('TT-003-SEAC', 'ST-NOR', 'G', '12'),
('TT-003-SEAC', 'ST-NOR', 'G', '2'),
('TT-003-SEAC', 'ST-NOR', 'G', '3'),
('TT-003-SEAC', 'ST-NOR', 'G', '4'),
('TT-003-SEAC', 'ST-NOR', 'G', '5'),
('TT-003-SEAC', 'ST-NOR', 'G', '6'),
('TT-003-SEAC', 'ST-NOR', 'G', '7'),
('TT-003-SEAC', 'ST-NOR', 'G', '8'),
('TT-003-SEAC', 'ST-NOR', 'G', '9'),
('TT-003-SEAC', 'ST-NOR', 'H', '1'),
('TT-003-SEAC', 'ST-NOR', 'H', '10'),
('TT-003-SEAC', 'ST-NOR', 'H', '11'),
('TT-003-SEAC', 'ST-NOR', 'H', '12'),
('TT-003-SEAC', 'ST-NOR', 'H', '2'),
('TT-003-SEAC', 'ST-NOR', 'H', '3'),
('TT-003-SEAC', 'ST-NOR', 'H', '4'),
('TT-003-SEAC', 'ST-NOR', 'H', '5'),
('TT-003-SEAC', 'ST-NOR', 'H', '6'),
('TT-003-SEAC', 'ST-NOR', 'H', '7'),
('TT-003-SEAC', 'ST-NOR', 'H', '8'),
('TT-003-SEAC', 'ST-NOR', 'H', '9'),
('TT-003-SEAC', 'ST-NOR', 'I', '1'),
('TT-003-SEAC', 'ST-NOR', 'I', '10'),
('TT-003-SEAC', 'ST-NOR', 'I', '11'),
('TT-003-SEAC', 'ST-NOR', 'I', '12'),
('TT-003-SEAC', 'ST-NOR', 'I', '2'),
('TT-003-SEAC', 'ST-NOR', 'I', '3'),
('TT-003-SEAC', 'ST-NOR', 'I', '4'),
('TT-003-SEAC', 'ST-NOR', 'I', '5'),
('TT-003-SEAC', 'ST-NOR', 'I', '6'),
('TT-003-SEAC', 'ST-NOR', 'I', '7'),
('TT-003-SEAC', 'ST-NOR', 'I', '8'),
('TT-003-SEAC', 'ST-NOR', 'I', '9'),
('TT-003-SEAC', 'ST-NOR', 'J', '1');
INSERT INTO `Seat` (`Theatre_ID`, `SeatType_ID`, `Seat_Row`, `Seat_Number`) VALUES
('TT-003-SEAC', 'ST-NOR', 'J', '10'),
('TT-003-SEAC', 'ST-NOR', 'J', '11'),
('TT-003-SEAC', 'ST-NOR', 'J', '12'),
('TT-003-SEAC', 'ST-NOR', 'J', '2'),
('TT-003-SEAC', 'ST-NOR', 'J', '3'),
('TT-003-SEAC', 'ST-NOR', 'J', '4'),
('TT-003-SEAC', 'ST-NOR', 'J', '5'),
('TT-003-SEAC', 'ST-NOR', 'J', '6'),
('TT-003-SEAC', 'ST-NOR', 'J', '7'),
('TT-003-SEAC', 'ST-NOR', 'J', '8'),
('TT-003-SEAC', 'ST-NOR', 'J', '9'),
('TT-003-SEAC', 'ST-NOR', 'K', '1'),
('TT-003-SEAC', 'ST-NOR', 'K', '10'),
('TT-003-SEAC', 'ST-NOR', 'K', '11'),
('TT-003-SEAC', 'ST-NOR', 'K', '12'),
('TT-003-SEAC', 'ST-NOR', 'K', '2'),
('TT-003-SEAC', 'ST-NOR', 'K', '3'),
('TT-003-SEAC', 'ST-NOR', 'K', '4'),
('TT-003-SEAC', 'ST-NOR', 'K', '5'),
('TT-003-SEAC', 'ST-NOR', 'K', '6'),
('TT-003-SEAC', 'ST-NOR', 'K', '7'),
('TT-003-SEAC', 'ST-NOR', 'K', '8'),
('TT-003-SEAC', 'ST-NOR', 'K', '9'),
('TT-003-SEAC', 'ST-NOR', 'L', '1'),
('TT-003-SEAC', 'ST-NOR', 'L', '10'),
('TT-003-SEAC', 'ST-NOR', 'L', '11'),
('TT-003-SEAC', 'ST-NOR', 'L', '12'),
('TT-003-SEAC', 'ST-NOR', 'L', '2'),
('TT-003-SEAC', 'ST-NOR', 'L', '3'),
('TT-003-SEAC', 'ST-NOR', 'L', '4'),
('TT-003-SEAC', 'ST-NOR', 'L', '5'),
('TT-003-SEAC', 'ST-NOR', 'L', '6'),
('TT-003-SEAC', 'ST-NOR', 'L', '7'),
('TT-003-SEAC', 'ST-NOR', 'L', '8'),
('TT-003-SEAC', 'ST-NOR', 'L', '9'),
('TT-003-SEAC', 'ST-NOR', 'M', '1'),
('TT-003-SEAC', 'ST-NOR', 'M', '10'),
('TT-003-SEAC', 'ST-NOR', 'M', '11'),
('TT-003-SEAC', 'ST-NOR', 'M', '12'),
('TT-003-SEAC', 'ST-NOR', 'M', '2'),
('TT-003-SEAC', 'ST-NOR', 'M', '3'),
('TT-003-SEAC', 'ST-NOR', 'M', '4'),
('TT-003-SEAC', 'ST-NOR', 'M', '5'),
('TT-003-SEAC', 'ST-NOR', 'M', '6'),
('TT-003-SEAC', 'ST-NOR', 'M', '7'),
('TT-003-SEAC', 'ST-NOR', 'M', '8'),
('TT-003-SEAC', 'ST-NOR', 'M', '9'),
('TT-003-SEAC', 'ST-NOR', 'N', '1'),
('TT-003-SEAC', 'ST-NOR', 'N', '10'),
('TT-003-SEAC', 'ST-NOR', 'N', '11'),
('TT-003-SEAC', 'ST-NOR', 'N', '12'),
('TT-003-SEAC', 'ST-NOR', 'N', '2'),
('TT-003-SEAC', 'ST-NOR', 'N', '3'),
('TT-003-SEAC', 'ST-NOR', 'N', '4'),
('TT-003-SEAC', 'ST-NOR', 'N', '5'),
('TT-003-SEAC', 'ST-NOR', 'N', '6'),
('TT-003-SEAC', 'ST-NOR', 'N', '7'),
('TT-003-SEAC', 'ST-NOR', 'N', '8'),
('TT-003-SEAC', 'ST-NOR', 'N', '9'),
('TT-004-CMAP', 'ST-HNY', 'A', '01'),
('TT-004-CMAP', 'ST-HNY', 'A', '02'),
('TT-004-CMAP', 'ST-HNY', 'A', '03'),
('TT-004-CMAP', 'ST-HNY', 'A', '04'),
('TT-004-CMAP', 'ST-HNY', 'A', '05'),
('TT-004-CMAP', 'ST-HNY', 'A', '06'),
('TT-004-CMAP', 'ST-HNY', 'A', '07'),
('TT-004-CMAP', 'ST-HNY', 'A', '08'),
('TT-004-CMAP', 'ST-HNY', 'A', '09'),
('TT-004-CMAP', 'ST-HNY', 'A', '10'),
('TT-004-CMAP', 'ST-HNY', 'A', '11'),
('TT-004-CMAP', 'ST-HNY', 'A', '12'),
('TT-004-CMAP', 'ST-HNY', 'A', '13'),
('TT-004-CMAP', 'ST-HNY', 'A', '14'),
('TT-004-CMAP', 'ST-HNY', 'A', '15'),
('TT-004-CMAP', 'ST-HNY', 'B', '01'),
('TT-004-CMAP', 'ST-HNY', 'B', '02'),
('TT-004-CMAP', 'ST-HNY', 'B', '03'),
('TT-004-CMAP', 'ST-HNY', 'B', '04'),
('TT-004-CMAP', 'ST-HNY', 'B', '05'),
('TT-004-CMAP', 'ST-HNY', 'B', '06'),
('TT-004-CMAP', 'ST-HNY', 'B', '07'),
('TT-004-CMAP', 'ST-HNY', 'B', '08'),
('TT-004-CMAP', 'ST-HNY', 'B', '09'),
('TT-004-CMAP', 'ST-HNY', 'B', '10'),
('TT-004-CMAP', 'ST-HNY', 'B', '11'),
('TT-004-CMAP', 'ST-HNY', 'B', '12'),
('TT-004-CMAP', 'ST-HNY', 'B', '13'),
('TT-004-CMAP', 'ST-HNY', 'B', '14'),
('TT-004-CMAP', 'ST-HNY', 'B', '15'),
('TT-004-CMAP', 'ST-HNY', 'C', '01'),
('TT-004-CMAP', 'ST-HNY', 'C', '02'),
('TT-004-CMAP', 'ST-HNY', 'C', '03'),
('TT-004-CMAP', 'ST-HNY', 'C', '04'),
('TT-004-CMAP', 'ST-HNY', 'C', '05'),
('TT-004-CMAP', 'ST-HNY', 'C', '06'),
('TT-004-CMAP', 'ST-HNY', 'C', '07'),
('TT-004-CMAP', 'ST-HNY', 'C', '08'),
('TT-004-CMAP', 'ST-HNY', 'C', '09'),
('TT-004-CMAP', 'ST-HNY', 'C', '10'),
('TT-004-CMAP', 'ST-HNY', 'C', '11'),
('TT-004-CMAP', 'ST-HNY', 'C', '12'),
('TT-004-CMAP', 'ST-HNY', 'C', '13'),
('TT-004-CMAP', 'ST-HNY', 'C', '14'),
('TT-004-CMAP', 'ST-HNY', 'C', '15'),
('TT-004-CMAP', 'ST-HNY', 'C', '16'),
('TT-004-CMAP', 'ST-NOR', 'D', '01'),
('TT-004-CMAP', 'ST-NOR', 'D', '02'),
('TT-004-CMAP', 'ST-NOR', 'D', '03'),
('TT-004-CMAP', 'ST-NOR', 'D', '04'),
('TT-004-CMAP', 'ST-NOR', 'D', '05'),
('TT-004-CMAP', 'ST-NOR', 'D', '06'),
('TT-004-CMAP', 'ST-NOR', 'D', '07'),
('TT-004-CMAP', 'ST-NOR', 'D', '08'),
('TT-004-CMAP', 'ST-NOR', 'D', '09'),
('TT-004-CMAP', 'ST-NOR', 'D', '10'),
('TT-004-CMAP', 'ST-NOR', 'D', '11'),
('TT-004-CMAP', 'ST-NOR', 'D', '12'),
('TT-004-CMAP', 'ST-NOR', 'D', '13'),
('TT-004-CMAP', 'ST-NOR', 'D', '14'),
('TT-004-CMAP', 'ST-NOR', 'D', '15'),
('TT-004-CMAP', 'ST-NOR', 'D', '16'),
('TT-004-CMAP', 'ST-NOR', 'E', '01'),
('TT-004-CMAP', 'ST-NOR', 'E', '02'),
('TT-004-CMAP', 'ST-NOR', 'E', '03'),
('TT-004-CMAP', 'ST-NOR', 'E', '04'),
('TT-004-CMAP', 'ST-NOR', 'E', '05'),
('TT-004-CMAP', 'ST-NOR', 'E', '06'),
('TT-004-CMAP', 'ST-NOR', 'E', '07'),
('TT-004-CMAP', 'ST-NOR', 'E', '08'),
('TT-004-CMAP', 'ST-NOR', 'E', '09'),
('TT-004-CMAP', 'ST-NOR', 'E', '10'),
('TT-004-CMAP', 'ST-NOR', 'E', '11'),
('TT-004-CMAP', 'ST-NOR', 'E', '12'),
('TT-004-CMAP', 'ST-NOR', 'E', '13'),
('TT-004-CMAP', 'ST-NOR', 'E', '14'),
('TT-004-CMAP', 'ST-NOR', 'E', '15'),
('TT-004-CMAP', 'ST-NOR', 'E', '16'),
('TT-004-CMAP', 'ST-NOR', 'F', '01'),
('TT-004-CMAP', 'ST-NOR', 'F', '02'),
('TT-004-CMAP', 'ST-NOR', 'F', '03'),
('TT-004-CMAP', 'ST-NOR', 'F', '04'),
('TT-004-CMAP', 'ST-NOR', 'F', '05'),
('TT-004-CMAP', 'ST-NOR', 'F', '06'),
('TT-004-CMAP', 'ST-NOR', 'F', '07'),
('TT-004-CMAP', 'ST-NOR', 'F', '08'),
('TT-004-CMAP', 'ST-NOR', 'F', '09'),
('TT-004-CMAP', 'ST-NOR', 'F', '10'),
('TT-004-CMAP', 'ST-NOR', 'F', '11'),
('TT-004-CMAP', 'ST-NOR', 'F', '12'),
('TT-004-CMAP', 'ST-NOR', 'F', '13'),
('TT-004-CMAP', 'ST-NOR', 'F', '14'),
('TT-004-CMAP', 'ST-NOR', 'F', '15'),
('TT-004-CMAP', 'ST-NOR', 'F', '16'),
('TT-004-CMAP', 'ST-NOR', 'G', '01'),
('TT-004-CMAP', 'ST-NOR', 'G', '02'),
('TT-004-CMAP', 'ST-NOR', 'G', '03'),
('TT-004-CMAP', 'ST-NOR', 'G', '04'),
('TT-004-CMAP', 'ST-NOR', 'G', '05'),
('TT-004-CMAP', 'ST-NOR', 'G', '06'),
('TT-004-CMAP', 'ST-NOR', 'G', '07'),
('TT-004-CMAP', 'ST-NOR', 'G', '08'),
('TT-004-CMAP', 'ST-NOR', 'G', '09'),
('TT-004-CMAP', 'ST-NOR', 'G', '10'),
('TT-004-CMAP', 'ST-NOR', 'G', '11'),
('TT-004-CMAP', 'ST-NOR', 'G', '12'),
('TT-004-CMAP', 'ST-NOR', 'G', '13'),
('TT-004-CMAP', 'ST-NOR', 'G', '14'),
('TT-004-CMAP', 'ST-NOR', 'G', '15'),
('TT-004-CMAP', 'ST-NOR', 'G', '16'),
('TT-004-CMAP', 'ST-NOR', 'H', '01'),
('TT-004-CMAP', 'ST-NOR', 'H', '02'),
('TT-004-CMAP', 'ST-NOR', 'H', '03'),
('TT-004-CMAP', 'ST-NOR', 'H', '04'),
('TT-004-CMAP', 'ST-NOR', 'H', '05'),
('TT-004-CMAP', 'ST-NOR', 'H', '06'),
('TT-004-CMAP', 'ST-NOR', 'H', '07'),
('TT-004-CMAP', 'ST-NOR', 'H', '08'),
('TT-004-CMAP', 'ST-NOR', 'H', '09'),
('TT-004-CMAP', 'ST-NOR', 'H', '10'),
('TT-004-CMAP', 'ST-NOR', 'H', '11'),
('TT-004-CMAP', 'ST-NOR', 'H', '12'),
('TT-004-CMAP', 'ST-NOR', 'H', '13'),
('TT-004-CMAP', 'ST-NOR', 'H', '14'),
('TT-004-CMAP', 'ST-NOR', 'H', '15'),
('TT-004-CMAP', 'ST-NOR', 'H', '16'),
('TT-004-CMAP', 'ST-NOR', 'I', '01'),
('TT-004-CMAP', 'ST-NOR', 'I', '02'),
('TT-004-CMAP', 'ST-NOR', 'I', '03'),
('TT-004-CMAP', 'ST-NOR', 'I', '04'),
('TT-004-CMAP', 'ST-NOR', 'I', '05'),
('TT-004-CMAP', 'ST-NOR', 'I', '06'),
('TT-004-CMAP', 'ST-NOR', 'I', '07'),
('TT-004-CMAP', 'ST-NOR', 'I', '08'),
('TT-004-CMAP', 'ST-NOR', 'I', '09'),
('TT-004-CMAP', 'ST-NOR', 'I', '10'),
('TT-004-CMAP', 'ST-NOR', 'I', '11'),
('TT-004-CMAP', 'ST-NOR', 'I', '12'),
('TT-004-CMAP', 'ST-NOR', 'I', '13'),
('TT-004-CMAP', 'ST-NOR', 'I', '14'),
('TT-004-CMAP', 'ST-NOR', 'I', '15'),
('TT-004-CMAP', 'ST-NOR', 'I', '16'),
('TT-004-CMAP', 'ST-NOR', 'J', '01'),
('TT-004-CMAP', 'ST-NOR', 'J', '02'),
('TT-004-CMAP', 'ST-NOR', 'J', '03'),
('TT-004-CMAP', 'ST-NOR', 'J', '04'),
('TT-004-CMAP', 'ST-NOR', 'J', '05'),
('TT-004-CMAP', 'ST-NOR', 'J', '06'),
('TT-004-CMAP', 'ST-NOR', 'J', '07'),
('TT-004-CMAP', 'ST-NOR', 'J', '08'),
('TT-004-CMAP', 'ST-NOR', 'J', '09'),
('TT-004-CMAP', 'ST-NOR', 'J', '10'),
('TT-004-CMAP', 'ST-NOR', 'J', '11'),
('TT-004-CMAP', 'ST-NOR', 'J', '12'),
('TT-004-CMAP', 'ST-NOR', 'J', '13'),
('TT-004-CMAP', 'ST-NOR', 'J', '14'),
('TT-004-CMAP', 'ST-NOR', 'J', '15'),
('TT-004-CMAP', 'ST-NOR', 'J', '16'),
('TT-004-CMAP', 'ST-NOR', 'K', '01'),
('TT-004-CMAP', 'ST-NOR', 'K', '02'),
('TT-004-CMAP', 'ST-NOR', 'K', '03'),
('TT-004-CMAP', 'ST-NOR', 'K', '04'),
('TT-004-CMAP', 'ST-NOR', 'K', '05'),
('TT-004-CMAP', 'ST-NOR', 'K', '06'),
('TT-004-CMAP', 'ST-NOR', 'K', '07'),
('TT-004-CMAP', 'ST-NOR', 'K', '08'),
('TT-004-CMAP', 'ST-NOR', 'K', '09'),
('TT-004-CMAP', 'ST-NOR', 'K', '10'),
('TT-004-CMAP', 'ST-NOR', 'K', '11'),
('TT-004-CMAP', 'ST-NOR', 'K', '12'),
('TT-004-CMAP', 'ST-NOR', 'K', '13'),
('TT-004-CMAP', 'ST-NOR', 'K', '14'),
('TT-004-CMAP', 'ST-NOR', 'K', '15'),
('TT-004-CMAP', 'ST-NOR', 'K', '16'),
('TT-004-CTCR', 'ST-HNY', 'A', '1'),
('TT-004-CTCR', 'ST-HNY', 'A', '10'),
('TT-004-CTCR', 'ST-HNY', 'A', '11'),
('TT-004-CTCR', 'ST-HNY', 'A', '12'),
('TT-004-CTCR', 'ST-HNY', 'A', '13'),
('TT-004-CTCR', 'ST-HNY', 'A', '14'),
('TT-004-CTCR', 'ST-HNY', 'A', '15'),
('TT-004-CTCR', 'ST-HNY', 'A', '2'),
('TT-004-CTCR', 'ST-HNY', 'A', '3'),
('TT-004-CTCR', 'ST-HNY', 'A', '4'),
('TT-004-CTCR', 'ST-HNY', 'A', '5'),
('TT-004-CTCR', 'ST-HNY', 'A', '6'),
('TT-004-CTCR', 'ST-HNY', 'A', '7'),
('TT-004-CTCR', 'ST-HNY', 'A', '8'),
('TT-004-CTCR', 'ST-HNY', 'A', '9'),
('TT-004-CTCR', 'ST-HNY', 'B', '1'),
('TT-004-CTCR', 'ST-HNY', 'B', '10'),
('TT-004-CTCR', 'ST-HNY', 'B', '11'),
('TT-004-CTCR', 'ST-HNY', 'B', '12'),
('TT-004-CTCR', 'ST-HNY', 'B', '13'),
('TT-004-CTCR', 'ST-HNY', 'B', '14'),
('TT-004-CTCR', 'ST-HNY', 'B', '15'),
('TT-004-CTCR', 'ST-HNY', 'B', '16'),
('TT-004-CTCR', 'ST-HNY', 'B', '17'),
('TT-004-CTCR', 'ST-HNY', 'B', '18'),
('TT-004-CTCR', 'ST-HNY', 'B', '19'),
('TT-004-CTCR', 'ST-HNY', 'B', '2'),
('TT-004-CTCR', 'ST-HNY', 'B', '3'),
('TT-004-CTCR', 'ST-HNY', 'B', '4'),
('TT-004-CTCR', 'ST-HNY', 'B', '5'),
('TT-004-CTCR', 'ST-HNY', 'B', '6'),
('TT-004-CTCR', 'ST-HNY', 'B', '7'),
('TT-004-CTCR', 'ST-HNY', 'B', '8'),
('TT-004-CTCR', 'ST-HNY', 'B', '9'),
('TT-004-CTCR', 'ST-HNY', 'C', '1'),
('TT-004-CTCR', 'ST-HNY', 'C', '10'),
('TT-004-CTCR', 'ST-HNY', 'C', '11'),
('TT-004-CTCR', 'ST-HNY', 'C', '12'),
('TT-004-CTCR', 'ST-HNY', 'C', '13'),
('TT-004-CTCR', 'ST-HNY', 'C', '14'),
('TT-004-CTCR', 'ST-HNY', 'C', '15'),
('TT-004-CTCR', 'ST-HNY', 'C', '16'),
('TT-004-CTCR', 'ST-HNY', 'C', '17'),
('TT-004-CTCR', 'ST-HNY', 'C', '18'),
('TT-004-CTCR', 'ST-HNY', 'C', '19'),
('TT-004-CTCR', 'ST-HNY', 'C', '2'),
('TT-004-CTCR', 'ST-HNY', 'C', '20'),
('TT-004-CTCR', 'ST-HNY', 'C', '3'),
('TT-004-CTCR', 'ST-HNY', 'C', '4'),
('TT-004-CTCR', 'ST-HNY', 'C', '5'),
('TT-004-CTCR', 'ST-HNY', 'C', '6'),
('TT-004-CTCR', 'ST-HNY', 'C', '7'),
('TT-004-CTCR', 'ST-HNY', 'C', '8'),
('TT-004-CTCR', 'ST-HNY', 'C', '9'),
('TT-004-CTCR', 'ST-HNY', 'D', '1'),
('TT-004-CTCR', 'ST-HNY', 'D', '10'),
('TT-004-CTCR', 'ST-HNY', 'D', '11'),
('TT-004-CTCR', 'ST-HNY', 'D', '12'),
('TT-004-CTCR', 'ST-HNY', 'D', '13'),
('TT-004-CTCR', 'ST-HNY', 'D', '14'),
('TT-004-CTCR', 'ST-HNY', 'D', '15'),
('TT-004-CTCR', 'ST-HNY', 'D', '16'),
('TT-004-CTCR', 'ST-HNY', 'D', '17'),
('TT-004-CTCR', 'ST-HNY', 'D', '18'),
('TT-004-CTCR', 'ST-HNY', 'D', '19'),
('TT-004-CTCR', 'ST-HNY', 'D', '2'),
('TT-004-CTCR', 'ST-HNY', 'D', '20'),
('TT-004-CTCR', 'ST-HNY', 'D', '3'),
('TT-004-CTCR', 'ST-HNY', 'D', '4'),
('TT-004-CTCR', 'ST-HNY', 'D', '5'),
('TT-004-CTCR', 'ST-HNY', 'D', '6'),
('TT-004-CTCR', 'ST-HNY', 'D', '7'),
('TT-004-CTCR', 'ST-HNY', 'D', '8'),
('TT-004-CTCR', 'ST-HNY', 'D', '9'),
('TT-004-CTCR', 'ST-NOR', 'E', '1'),
('TT-004-CTCR', 'ST-NOR', 'E', '10'),
('TT-004-CTCR', 'ST-NOR', 'E', '11'),
('TT-004-CTCR', 'ST-NOR', 'E', '12'),
('TT-004-CTCR', 'ST-NOR', 'E', '13'),
('TT-004-CTCR', 'ST-NOR', 'E', '14'),
('TT-004-CTCR', 'ST-NOR', 'E', '15'),
('TT-004-CTCR', 'ST-NOR', 'E', '16'),
('TT-004-CTCR', 'ST-NOR', 'E', '17'),
('TT-004-CTCR', 'ST-NOR', 'E', '18'),
('TT-004-CTCR', 'ST-NOR', 'E', '19'),
('TT-004-CTCR', 'ST-NOR', 'E', '2'),
('TT-004-CTCR', 'ST-NOR', 'E', '20'),
('TT-004-CTCR', 'ST-NOR', 'E', '3'),
('TT-004-CTCR', 'ST-NOR', 'E', '4'),
('TT-004-CTCR', 'ST-NOR', 'E', '5'),
('TT-004-CTCR', 'ST-NOR', 'E', '6'),
('TT-004-CTCR', 'ST-NOR', 'E', '7'),
('TT-004-CTCR', 'ST-NOR', 'E', '8'),
('TT-004-CTCR', 'ST-NOR', 'E', '9'),
('TT-004-CTCR', 'ST-NOR', 'F', '1'),
('TT-004-CTCR', 'ST-NOR', 'F', '10'),
('TT-004-CTCR', 'ST-NOR', 'F', '11'),
('TT-004-CTCR', 'ST-NOR', 'F', '12'),
('TT-004-CTCR', 'ST-NOR', 'F', '13'),
('TT-004-CTCR', 'ST-NOR', 'F', '14'),
('TT-004-CTCR', 'ST-NOR', 'F', '15'),
('TT-004-CTCR', 'ST-NOR', 'F', '16'),
('TT-004-CTCR', 'ST-NOR', 'F', '17'),
('TT-004-CTCR', 'ST-NOR', 'F', '18'),
('TT-004-CTCR', 'ST-NOR', 'F', '19'),
('TT-004-CTCR', 'ST-NOR', 'F', '2'),
('TT-004-CTCR', 'ST-NOR', 'F', '20'),
('TT-004-CTCR', 'ST-NOR', 'F', '3'),
('TT-004-CTCR', 'ST-NOR', 'F', '4'),
('TT-004-CTCR', 'ST-NOR', 'F', '5'),
('TT-004-CTCR', 'ST-NOR', 'F', '6'),
('TT-004-CTCR', 'ST-NOR', 'F', '7'),
('TT-004-CTCR', 'ST-NOR', 'F', '8'),
('TT-004-CTCR', 'ST-NOR', 'F', '9'),
('TT-004-CTCR', 'ST-NOR', 'G', '1'),
('TT-004-CTCR', 'ST-NOR', 'G', '10'),
('TT-004-CTCR', 'ST-NOR', 'G', '11'),
('TT-004-CTCR', 'ST-NOR', 'G', '12'),
('TT-004-CTCR', 'ST-NOR', 'G', '13'),
('TT-004-CTCR', 'ST-NOR', 'G', '14'),
('TT-004-CTCR', 'ST-NOR', 'G', '15'),
('TT-004-CTCR', 'ST-NOR', 'G', '16'),
('TT-004-CTCR', 'ST-NOR', 'G', '17'),
('TT-004-CTCR', 'ST-NOR', 'G', '18'),
('TT-004-CTCR', 'ST-NOR', 'G', '19'),
('TT-004-CTCR', 'ST-NOR', 'G', '2'),
('TT-004-CTCR', 'ST-NOR', 'G', '20'),
('TT-004-CTCR', 'ST-NOR', 'G', '3'),
('TT-004-CTCR', 'ST-NOR', 'G', '4'),
('TT-004-CTCR', 'ST-NOR', 'G', '5'),
('TT-004-CTCR', 'ST-NOR', 'G', '6'),
('TT-004-CTCR', 'ST-NOR', 'G', '7'),
('TT-004-CTCR', 'ST-NOR', 'G', '8'),
('TT-004-CTCR', 'ST-NOR', 'G', '9'),
('TT-004-CTCR', 'ST-NOR', 'H', '1'),
('TT-004-CTCR', 'ST-NOR', 'H', '10'),
('TT-004-CTCR', 'ST-NOR', 'H', '11'),
('TT-004-CTCR', 'ST-NOR', 'H', '12'),
('TT-004-CTCR', 'ST-NOR', 'H', '13'),
('TT-004-CTCR', 'ST-NOR', 'H', '14'),
('TT-004-CTCR', 'ST-NOR', 'H', '15'),
('TT-004-CTCR', 'ST-NOR', 'H', '16'),
('TT-004-CTCR', 'ST-NOR', 'H', '17'),
('TT-004-CTCR', 'ST-NOR', 'H', '18'),
('TT-004-CTCR', 'ST-NOR', 'H', '19'),
('TT-004-CTCR', 'ST-NOR', 'H', '2'),
('TT-004-CTCR', 'ST-NOR', 'H', '20'),
('TT-004-CTCR', 'ST-NOR', 'H', '3'),
('TT-004-CTCR', 'ST-NOR', 'H', '4'),
('TT-004-CTCR', 'ST-NOR', 'H', '5'),
('TT-004-CTCR', 'ST-NOR', 'H', '6'),
('TT-004-CTCR', 'ST-NOR', 'H', '7'),
('TT-004-CTCR', 'ST-NOR', 'H', '8'),
('TT-004-CTCR', 'ST-NOR', 'H', '9'),
('TT-004-CTCR', 'ST-NOR', 'I', '1'),
('TT-004-CTCR', 'ST-NOR', 'I', '10'),
('TT-004-CTCR', 'ST-NOR', 'I', '11'),
('TT-004-CTCR', 'ST-NOR', 'I', '12'),
('TT-004-CTCR', 'ST-NOR', 'I', '13'),
('TT-004-CTCR', 'ST-NOR', 'I', '14'),
('TT-004-CTCR', 'ST-NOR', 'I', '15'),
('TT-004-CTCR', 'ST-NOR', 'I', '16'),
('TT-004-CTCR', 'ST-NOR', 'I', '17'),
('TT-004-CTCR', 'ST-NOR', 'I', '18'),
('TT-004-CTCR', 'ST-NOR', 'I', '19'),
('TT-004-CTCR', 'ST-NOR', 'I', '2'),
('TT-004-CTCR', 'ST-NOR', 'I', '20'),
('TT-004-CTCR', 'ST-NOR', 'I', '3'),
('TT-004-CTCR', 'ST-NOR', 'I', '4'),
('TT-004-CTCR', 'ST-NOR', 'I', '5'),
('TT-004-CTCR', 'ST-NOR', 'I', '6'),
('TT-004-CTCR', 'ST-NOR', 'I', '7'),
('TT-004-CTCR', 'ST-NOR', 'I', '8'),
('TT-004-CTCR', 'ST-NOR', 'I', '9'),
('TT-004-CTCR', 'ST-NOR', 'J', '1'),
('TT-004-CTCR', 'ST-NOR', 'J', '10'),
('TT-004-CTCR', 'ST-NOR', 'J', '11'),
('TT-004-CTCR', 'ST-NOR', 'J', '12'),
('TT-004-CTCR', 'ST-NOR', 'J', '13'),
('TT-004-CTCR', 'ST-NOR', 'J', '14'),
('TT-004-CTCR', 'ST-NOR', 'J', '15'),
('TT-004-CTCR', 'ST-NOR', 'J', '16'),
('TT-004-CTCR', 'ST-NOR', 'J', '17'),
('TT-004-CTCR', 'ST-NOR', 'J', '18'),
('TT-004-CTCR', 'ST-NOR', 'J', '19'),
('TT-004-CTCR', 'ST-NOR', 'J', '2'),
('TT-004-CTCR', 'ST-NOR', 'J', '20'),
('TT-004-CTCR', 'ST-NOR', 'J', '3'),
('TT-004-CTCR', 'ST-NOR', 'J', '4'),
('TT-004-CTCR', 'ST-NOR', 'J', '5'),
('TT-004-CTCR', 'ST-NOR', 'J', '6'),
('TT-004-CTCR', 'ST-NOR', 'J', '7'),
('TT-004-CTCR', 'ST-NOR', 'J', '8'),
('TT-004-CTCR', 'ST-NOR', 'J', '9'),
('TT-004-CTCR', 'ST-NOR', 'K', '1'),
('TT-004-CTCR', 'ST-NOR', 'K', '10'),
('TT-004-CTCR', 'ST-NOR', 'K', '11'),
('TT-004-CTCR', 'ST-NOR', 'K', '12'),
('TT-004-CTCR', 'ST-NOR', 'K', '13'),
('TT-004-CTCR', 'ST-NOR', 'K', '14'),
('TT-004-CTCR', 'ST-NOR', 'K', '15'),
('TT-004-CTCR', 'ST-NOR', 'K', '16'),
('TT-004-CTCR', 'ST-NOR', 'K', '17'),
('TT-004-CTCR', 'ST-NOR', 'K', '18'),
('TT-004-CTCR', 'ST-NOR', 'K', '19'),
('TT-004-CTCR', 'ST-NOR', 'K', '2'),
('TT-004-CTCR', 'ST-NOR', 'K', '20'),
('TT-004-CTCR', 'ST-NOR', 'K', '3'),
('TT-004-CTCR', 'ST-NOR', 'K', '4'),
('TT-004-CTCR', 'ST-NOR', 'K', '5'),
('TT-004-CTCR', 'ST-NOR', 'K', '6'),
('TT-004-CTCR', 'ST-NOR', 'K', '7'),
('TT-004-CTCR', 'ST-NOR', 'K', '8'),
('TT-004-CTCR', 'ST-NOR', 'K', '9'),
('TT-004-MEGA', 'ST-1ULT', 'A', '1'),
('TT-004-MEGA', 'ST-1ULT', 'A', '10'),
('TT-004-MEGA', 'ST-1ULT', 'A', '2'),
('TT-004-MEGA', 'ST-1ULT', 'A', '3'),
('TT-004-MEGA', 'ST-1ULT', 'A', '4'),
('TT-004-MEGA', 'ST-1ULT', 'A', '5'),
('TT-004-MEGA', 'ST-1ULT', 'A', '6'),
('TT-004-MEGA', 'ST-1ULT', 'A', '7'),
('TT-004-MEGA', 'ST-1ULT', 'A', '8'),
('TT-004-MEGA', 'ST-1ULT', 'A', '9'),
('TT-004-MEGA', 'ST-1ULT', 'B', '1'),
('TT-004-MEGA', 'ST-1ULT', 'B', '10'),
('TT-004-MEGA', 'ST-1ULT', 'B', '11'),
('TT-004-MEGA', 'ST-1ULT', 'B', '12'),
('TT-004-MEGA', 'ST-1ULT', 'B', '2'),
('TT-004-MEGA', 'ST-1ULT', 'B', '3'),
('TT-004-MEGA', 'ST-1ULT', 'B', '4'),
('TT-004-MEGA', 'ST-1ULT', 'B', '5'),
('TT-004-MEGA', 'ST-1ULT', 'B', '6'),
('TT-004-MEGA', 'ST-1ULT', 'B', '7'),
('TT-004-MEGA', 'ST-1ULT', 'B', '8'),
('TT-004-MEGA', 'ST-1ULT', 'B', '9'),
('TT-004-MEGA', 'ST-1ULT', 'C', '1'),
('TT-004-MEGA', 'ST-1ULT', 'C', '10'),
('TT-004-MEGA', 'ST-1ULT', 'C', '11'),
('TT-004-MEGA', 'ST-1ULT', 'C', '12'),
('TT-004-MEGA', 'ST-1ULT', 'C', '2'),
('TT-004-MEGA', 'ST-1ULT', 'C', '3'),
('TT-004-MEGA', 'ST-1ULT', 'C', '4'),
('TT-004-MEGA', 'ST-1ULT', 'C', '5'),
('TT-004-MEGA', 'ST-1ULT', 'C', '6'),
('TT-004-MEGA', 'ST-1ULT', 'C', '7'),
('TT-004-MEGA', 'ST-1ULT', 'C', '8'),
('TT-004-MEGA', 'ST-1ULT', 'C', '9'),
('TT-004-MEGA', 'ST-1ULT', 'D', '1'),
('TT-004-MEGA', 'ST-1ULT', 'D', '10'),
('TT-004-MEGA', 'ST-1ULT', 'D', '11'),
('TT-004-MEGA', 'ST-1ULT', 'D', '12'),
('TT-004-MEGA', 'ST-1ULT', 'D', '2'),
('TT-004-MEGA', 'ST-1ULT', 'D', '3'),
('TT-004-MEGA', 'ST-1ULT', 'D', '4'),
('TT-004-MEGA', 'ST-1ULT', 'D', '5'),
('TT-004-MEGA', 'ST-1ULT', 'D', '6'),
('TT-004-MEGA', 'ST-1ULT', 'D', '7'),
('TT-004-MEGA', 'ST-1ULT', 'D', '8'),
('TT-004-MEGA', 'ST-1ULT', 'D', '9'),
('TT-004-MEGA', 'ST-1ULT', 'E', '1'),
('TT-004-MEGA', 'ST-1ULT', 'E', '10'),
('TT-004-MEGA', 'ST-1ULT', 'E', '11'),
('TT-004-MEGA', 'ST-1ULT', 'E', '12'),
('TT-004-MEGA', 'ST-1ULT', 'E', '2'),
('TT-004-MEGA', 'ST-1ULT', 'E', '3'),
('TT-004-MEGA', 'ST-1ULT', 'E', '4'),
('TT-004-MEGA', 'ST-1ULT', 'E', '5'),
('TT-004-MEGA', 'ST-1ULT', 'E', '6'),
('TT-004-MEGA', 'ST-1ULT', 'E', '7'),
('TT-004-MEGA', 'ST-1ULT', 'E', '8'),
('TT-004-MEGA', 'ST-1ULT', 'E', '9'),
('TT-004-MJRC', 'ST-HNY', 'A', '1'),
('TT-004-MJRC', 'ST-HNY', 'A', '2'),
('TT-004-MJRC', 'ST-HNY', 'A', '3'),
('TT-004-MJRC', 'ST-HNY', 'A', '4'),
('TT-004-MJRC', 'ST-HNY', 'A', '5'),
('TT-004-MJRC', 'ST-HNY', 'A', '6'),
('TT-004-MJRC', 'ST-HNY', 'A', '7'),
('TT-004-MJRC', 'ST-HNY', 'A', '8'),
('TT-004-MJRC', 'ST-HNY', 'A', '9'),
('TT-004-MJRC', 'ST-HNY', 'B', '1'),
('TT-004-MJRC', 'ST-HNY', 'B', '10'),
('TT-004-MJRC', 'ST-HNY', 'B', '11'),
('TT-004-MJRC', 'ST-HNY', 'B', '2'),
('TT-004-MJRC', 'ST-HNY', 'B', '3'),
('TT-004-MJRC', 'ST-HNY', 'B', '4'),
('TT-004-MJRC', 'ST-HNY', 'B', '5'),
('TT-004-MJRC', 'ST-HNY', 'B', '6'),
('TT-004-MJRC', 'ST-HNY', 'B', '7'),
('TT-004-MJRC', 'ST-HNY', 'B', '8'),
('TT-004-MJRC', 'ST-HNY', 'B', '9'),
('TT-004-MJRC', 'ST-HNY', 'C', '1'),
('TT-004-MJRC', 'ST-HNY', 'C', '10'),
('TT-004-MJRC', 'ST-HNY', 'C', '11'),
('TT-004-MJRC', 'ST-HNY', 'C', '2'),
('TT-004-MJRC', 'ST-HNY', 'C', '3'),
('TT-004-MJRC', 'ST-HNY', 'C', '4'),
('TT-004-MJRC', 'ST-HNY', 'C', '5'),
('TT-004-MJRC', 'ST-HNY', 'C', '6'),
('TT-004-MJRC', 'ST-HNY', 'C', '7'),
('TT-004-MJRC', 'ST-HNY', 'C', '8'),
('TT-004-MJRC', 'ST-HNY', 'C', '9'),
('TT-004-MJRC', 'ST-NOR', 'D', '1'),
('TT-004-MJRC', 'ST-NOR', 'D', '10'),
('TT-004-MJRC', 'ST-NOR', 'D', '11'),
('TT-004-MJRC', 'ST-NOR', 'D', '12'),
('TT-004-MJRC', 'ST-NOR', 'D', '2'),
('TT-004-MJRC', 'ST-NOR', 'D', '3'),
('TT-004-MJRC', 'ST-NOR', 'D', '4'),
('TT-004-MJRC', 'ST-NOR', 'D', '5'),
('TT-004-MJRC', 'ST-NOR', 'D', '6'),
('TT-004-MJRC', 'ST-NOR', 'D', '7'),
('TT-004-MJRC', 'ST-NOR', 'D', '8'),
('TT-004-MJRC', 'ST-NOR', 'D', '9'),
('TT-004-MJRC', 'ST-NOR', 'E', '1'),
('TT-004-MJRC', 'ST-NOR', 'E', '10'),
('TT-004-MJRC', 'ST-NOR', 'E', '11'),
('TT-004-MJRC', 'ST-NOR', 'E', '12'),
('TT-004-MJRC', 'ST-NOR', 'E', '2'),
('TT-004-MJRC', 'ST-NOR', 'E', '3'),
('TT-004-MJRC', 'ST-NOR', 'E', '4'),
('TT-004-MJRC', 'ST-NOR', 'E', '5'),
('TT-004-MJRC', 'ST-NOR', 'E', '6'),
('TT-004-MJRC', 'ST-NOR', 'E', '7'),
('TT-004-MJRC', 'ST-NOR', 'E', '8'),
('TT-004-MJRC', 'ST-NOR', 'E', '9'),
('TT-004-MJRC', 'ST-NOR', 'F', '1'),
('TT-004-MJRC', 'ST-NOR', 'F', '10'),
('TT-004-MJRC', 'ST-NOR', 'F', '11'),
('TT-004-MJRC', 'ST-NOR', 'F', '12'),
('TT-004-MJRC', 'ST-NOR', 'F', '2'),
('TT-004-MJRC', 'ST-NOR', 'F', '3'),
('TT-004-MJRC', 'ST-NOR', 'F', '4'),
('TT-004-MJRC', 'ST-NOR', 'F', '5'),
('TT-004-MJRC', 'ST-NOR', 'F', '6'),
('TT-004-MJRC', 'ST-NOR', 'F', '7'),
('TT-004-MJRC', 'ST-NOR', 'F', '8'),
('TT-004-MJRC', 'ST-NOR', 'F', '9'),
('TT-004-MJRC', 'ST-NOR', 'G', '1'),
('TT-004-MJRC', 'ST-NOR', 'G', '10'),
('TT-004-MJRC', 'ST-NOR', 'G', '11'),
('TT-004-MJRC', 'ST-NOR', 'G', '12'),
('TT-004-MJRC', 'ST-NOR', 'G', '2'),
('TT-004-MJRC', 'ST-NOR', 'G', '3'),
('TT-004-MJRC', 'ST-NOR', 'G', '4'),
('TT-004-MJRC', 'ST-NOR', 'G', '5'),
('TT-004-MJRC', 'ST-NOR', 'G', '6'),
('TT-004-MJRC', 'ST-NOR', 'G', '7'),
('TT-004-MJRC', 'ST-NOR', 'G', '8'),
('TT-004-MJRC', 'ST-NOR', 'G', '9'),
('TT-004-MJRC', 'ST-NOR', 'H', '1'),
('TT-004-MJRC', 'ST-NOR', 'H', '10'),
('TT-004-MJRC', 'ST-NOR', 'H', '11'),
('TT-004-MJRC', 'ST-NOR', 'H', '12'),
('TT-004-MJRC', 'ST-NOR', 'H', '2'),
('TT-004-MJRC', 'ST-NOR', 'H', '3'),
('TT-004-MJRC', 'ST-NOR', 'H', '4'),
('TT-004-MJRC', 'ST-NOR', 'H', '5'),
('TT-004-MJRC', 'ST-NOR', 'H', '6'),
('TT-004-MJRC', 'ST-NOR', 'H', '7'),
('TT-004-MJRC', 'ST-NOR', 'H', '8'),
('TT-004-MJRC', 'ST-NOR', 'H', '9'),
('TT-004-MJRC', 'ST-NOR', 'I', '1'),
('TT-004-MJRC', 'ST-NOR', 'I', '10'),
('TT-004-MJRC', 'ST-NOR', 'I', '11'),
('TT-004-MJRC', 'ST-NOR', 'I', '12'),
('TT-004-MJRC', 'ST-NOR', 'I', '2'),
('TT-004-MJRC', 'ST-NOR', 'I', '3'),
('TT-004-MJRC', 'ST-NOR', 'I', '4'),
('TT-004-MJRC', 'ST-NOR', 'I', '5'),
('TT-004-MJRC', 'ST-NOR', 'I', '6'),
('TT-004-MJRC', 'ST-NOR', 'I', '7'),
('TT-004-MJRC', 'ST-NOR', 'I', '8'),
('TT-004-MJRC', 'ST-NOR', 'I', '9'),
('TT-004-MJRC', 'ST-NOR', 'J', '1'),
('TT-004-MJRC', 'ST-NOR', 'J', '10'),
('TT-004-MJRC', 'ST-NOR', 'J', '11'),
('TT-004-MJRC', 'ST-NOR', 'J', '12'),
('TT-004-MJRC', 'ST-NOR', 'J', '2'),
('TT-004-MJRC', 'ST-NOR', 'J', '3'),
('TT-004-MJRC', 'ST-NOR', 'J', '4'),
('TT-004-MJRC', 'ST-NOR', 'J', '5'),
('TT-004-MJRC', 'ST-NOR', 'J', '6'),
('TT-004-MJRC', 'ST-NOR', 'J', '7'),
('TT-004-MJRC', 'ST-NOR', 'J', '8'),
('TT-004-MJRC', 'ST-NOR', 'J', '9'),
('TT-004-MJRC', 'ST-NOR', 'K', '1'),
('TT-004-MJRC', 'ST-NOR', 'K', '10'),
('TT-004-MJRC', 'ST-NOR', 'K', '11'),
('TT-004-MJRC', 'ST-NOR', 'K', '12'),
('TT-004-MJRC', 'ST-NOR', 'K', '2'),
('TT-004-MJRC', 'ST-NOR', 'K', '3'),
('TT-004-MJRC', 'ST-NOR', 'K', '4'),
('TT-004-MJRC', 'ST-NOR', 'K', '5'),
('TT-004-MJRC', 'ST-NOR', 'K', '6'),
('TT-004-MJRC', 'ST-NOR', 'K', '7'),
('TT-004-MJRC', 'ST-NOR', 'K', '8'),
('TT-004-MJRC', 'ST-NOR', 'K', '9'),
('TT-004-MJRC', 'ST-NOR', 'L', '1'),
('TT-004-MJRC', 'ST-NOR', 'L', '10'),
('TT-004-MJRC', 'ST-NOR', 'L', '11'),
('TT-004-MJRC', 'ST-NOR', 'L', '12'),
('TT-004-MJRC', 'ST-NOR', 'L', '2'),
('TT-004-MJRC', 'ST-NOR', 'L', '3'),
('TT-004-MJRC', 'ST-NOR', 'L', '4'),
('TT-004-MJRC', 'ST-NOR', 'L', '5'),
('TT-004-MJRC', 'ST-NOR', 'L', '6'),
('TT-004-MJRC', 'ST-NOR', 'L', '7'),
('TT-004-MJRC', 'ST-NOR', 'L', '8'),
('TT-004-MJRC', 'ST-NOR', 'L', '9'),
('TT-004-MJRC', 'ST-NOR', 'M', '1'),
('TT-004-MJRC', 'ST-NOR', 'M', '10'),
('TT-004-MJRC', 'ST-NOR', 'M', '11'),
('TT-004-MJRC', 'ST-NOR', 'M', '12'),
('TT-004-MJRC', 'ST-NOR', 'M', '2'),
('TT-004-MJRC', 'ST-NOR', 'M', '3'),
('TT-004-MJRC', 'ST-NOR', 'M', '4'),
('TT-004-MJRC', 'ST-NOR', 'M', '5'),
('TT-004-MJRC', 'ST-NOR', 'M', '6'),
('TT-004-MJRC', 'ST-NOR', 'M', '7'),
('TT-004-MJRC', 'ST-NOR', 'M', '8'),
('TT-004-MJRC', 'ST-NOR', 'M', '9'),
('TT-004-MJRC', 'ST-NOR', 'N', '1'),
('TT-004-MJRC', 'ST-NOR', 'N', '10'),
('TT-004-MJRC', 'ST-NOR', 'N', '11'),
('TT-004-MJRC', 'ST-NOR', 'N', '12'),
('TT-004-MJRC', 'ST-NOR', 'N', '2'),
('TT-004-MJRC', 'ST-NOR', 'N', '3'),
('TT-004-MJRC', 'ST-NOR', 'N', '4'),
('TT-004-MJRC', 'ST-NOR', 'N', '5'),
('TT-004-MJRC', 'ST-NOR', 'N', '6'),
('TT-004-MJRC', 'ST-NOR', 'N', '7'),
('TT-004-MJRC', 'ST-NOR', 'N', '8'),
('TT-004-MJRC', 'ST-NOR', 'N', '9'),
('TT-004-MJSK', 'ST-HNY', 'A', '1'),
('TT-004-MJSK', 'ST-HNY', 'A', '2'),
('TT-004-MJSK', 'ST-HNY', 'A', '3'),
('TT-004-MJSK', 'ST-HNY', 'A', '4'),
('TT-004-MJSK', 'ST-HNY', 'A', '5'),
('TT-004-MJSK', 'ST-HNY', 'A', '6'),
('TT-004-MJSK', 'ST-HNY', 'A', '7'),
('TT-004-MJSK', 'ST-HNY', 'B', '1'),
('TT-004-MJSK', 'ST-HNY', 'B', '10'),
('TT-004-MJSK', 'ST-HNY', 'B', '11'),
('TT-004-MJSK', 'ST-HNY', 'B', '12'),
('TT-004-MJSK', 'ST-HNY', 'B', '13'),
('TT-004-MJSK', 'ST-HNY', 'B', '14'),
('TT-004-MJSK', 'ST-HNY', 'B', '15'),
('TT-004-MJSK', 'ST-HNY', 'B', '2'),
('TT-004-MJSK', 'ST-HNY', 'B', '3'),
('TT-004-MJSK', 'ST-HNY', 'B', '4'),
('TT-004-MJSK', 'ST-HNY', 'B', '5'),
('TT-004-MJSK', 'ST-HNY', 'B', '6'),
('TT-004-MJSK', 'ST-HNY', 'B', '7'),
('TT-004-MJSK', 'ST-HNY', 'B', '8'),
('TT-004-MJSK', 'ST-HNY', 'B', '9'),
('TT-004-MJSK', 'ST-HNY', 'C', '1'),
('TT-004-MJSK', 'ST-HNY', 'C', '10'),
('TT-004-MJSK', 'ST-HNY', 'C', '11'),
('TT-004-MJSK', 'ST-HNY', 'C', '12'),
('TT-004-MJSK', 'ST-HNY', 'C', '13'),
('TT-004-MJSK', 'ST-HNY', 'C', '14'),
('TT-004-MJSK', 'ST-HNY', 'C', '15'),
('TT-004-MJSK', 'ST-HNY', 'C', '16'),
('TT-004-MJSK', 'ST-HNY', 'C', '17'),
('TT-004-MJSK', 'ST-HNY', 'C', '2'),
('TT-004-MJSK', 'ST-HNY', 'C', '3'),
('TT-004-MJSK', 'ST-HNY', 'C', '4'),
('TT-004-MJSK', 'ST-HNY', 'C', '5'),
('TT-004-MJSK', 'ST-HNY', 'C', '6'),
('TT-004-MJSK', 'ST-HNY', 'C', '7'),
('TT-004-MJSK', 'ST-HNY', 'C', '8'),
('TT-004-MJSK', 'ST-HNY', 'C', '9'),
('TT-004-MJSK', 'ST-NOR', 'D', '1'),
('TT-004-MJSK', 'ST-NOR', 'D', '10'),
('TT-004-MJSK', 'ST-NOR', 'D', '11'),
('TT-004-MJSK', 'ST-NOR', 'D', '12'),
('TT-004-MJSK', 'ST-NOR', 'D', '13'),
('TT-004-MJSK', 'ST-NOR', 'D', '14'),
('TT-004-MJSK', 'ST-NOR', 'D', '15'),
('TT-004-MJSK', 'ST-NOR', 'D', '16'),
('TT-004-MJSK', 'ST-NOR', 'D', '17'),
('TT-004-MJSK', 'ST-NOR', 'D', '2'),
('TT-004-MJSK', 'ST-NOR', 'D', '3'),
('TT-004-MJSK', 'ST-NOR', 'D', '4'),
('TT-004-MJSK', 'ST-NOR', 'D', '5'),
('TT-004-MJSK', 'ST-NOR', 'D', '6'),
('TT-004-MJSK', 'ST-NOR', 'D', '7'),
('TT-004-MJSK', 'ST-NOR', 'D', '8'),
('TT-004-MJSK', 'ST-NOR', 'D', '9'),
('TT-004-MJSK', 'ST-NOR', 'E', '1'),
('TT-004-MJSK', 'ST-NOR', 'E', '10'),
('TT-004-MJSK', 'ST-NOR', 'E', '11'),
('TT-004-MJSK', 'ST-NOR', 'E', '12'),
('TT-004-MJSK', 'ST-NOR', 'E', '13'),
('TT-004-MJSK', 'ST-NOR', 'E', '14'),
('TT-004-MJSK', 'ST-NOR', 'E', '15'),
('TT-004-MJSK', 'ST-NOR', 'E', '16'),
('TT-004-MJSK', 'ST-NOR', 'E', '17'),
('TT-004-MJSK', 'ST-NOR', 'E', '2'),
('TT-004-MJSK', 'ST-NOR', 'E', '3'),
('TT-004-MJSK', 'ST-NOR', 'E', '4'),
('TT-004-MJSK', 'ST-NOR', 'E', '5'),
('TT-004-MJSK', 'ST-NOR', 'E', '6'),
('TT-004-MJSK', 'ST-NOR', 'E', '7'),
('TT-004-MJSK', 'ST-NOR', 'E', '8'),
('TT-004-MJSK', 'ST-NOR', 'E', '9'),
('TT-004-MJSK', 'ST-NOR', 'F', '1'),
('TT-004-MJSK', 'ST-NOR', 'F', '10'),
('TT-004-MJSK', 'ST-NOR', 'F', '11'),
('TT-004-MJSK', 'ST-NOR', 'F', '12'),
('TT-004-MJSK', 'ST-NOR', 'F', '13'),
('TT-004-MJSK', 'ST-NOR', 'F', '14'),
('TT-004-MJSK', 'ST-NOR', 'F', '15'),
('TT-004-MJSK', 'ST-NOR', 'F', '16'),
('TT-004-MJSK', 'ST-NOR', 'F', '17'),
('TT-004-MJSK', 'ST-NOR', 'F', '2'),
('TT-004-MJSK', 'ST-NOR', 'F', '3'),
('TT-004-MJSK', 'ST-NOR', 'F', '4'),
('TT-004-MJSK', 'ST-NOR', 'F', '5'),
('TT-004-MJSK', 'ST-NOR', 'F', '6'),
('TT-004-MJSK', 'ST-NOR', 'F', '7'),
('TT-004-MJSK', 'ST-NOR', 'F', '8'),
('TT-004-MJSK', 'ST-NOR', 'F', '9'),
('TT-004-MJSK', 'ST-NOR', 'G', '1'),
('TT-004-MJSK', 'ST-NOR', 'G', '10'),
('TT-004-MJSK', 'ST-NOR', 'G', '11'),
('TT-004-MJSK', 'ST-NOR', 'G', '12'),
('TT-004-MJSK', 'ST-NOR', 'G', '13'),
('TT-004-MJSK', 'ST-NOR', 'G', '14'),
('TT-004-MJSK', 'ST-NOR', 'G', '15'),
('TT-004-MJSK', 'ST-NOR', 'G', '16'),
('TT-004-MJSK', 'ST-NOR', 'G', '17'),
('TT-004-MJSK', 'ST-NOR', 'G', '2'),
('TT-004-MJSK', 'ST-NOR', 'G', '3'),
('TT-004-MJSK', 'ST-NOR', 'G', '4'),
('TT-004-MJSK', 'ST-NOR', 'G', '5'),
('TT-004-MJSK', 'ST-NOR', 'G', '6'),
('TT-004-MJSK', 'ST-NOR', 'G', '7'),
('TT-004-MJSK', 'ST-NOR', 'G', '8'),
('TT-004-MJSK', 'ST-NOR', 'G', '9'),
('TT-004-MJSK', 'ST-NOR', 'H', '1'),
('TT-004-MJSK', 'ST-NOR', 'H', '10'),
('TT-004-MJSK', 'ST-NOR', 'H', '11'),
('TT-004-MJSK', 'ST-NOR', 'H', '12'),
('TT-004-MJSK', 'ST-NOR', 'H', '13'),
('TT-004-MJSK', 'ST-NOR', 'H', '14'),
('TT-004-MJSK', 'ST-NOR', 'H', '15'),
('TT-004-MJSK', 'ST-NOR', 'H', '16'),
('TT-004-MJSK', 'ST-NOR', 'H', '17'),
('TT-004-MJSK', 'ST-NOR', 'H', '2'),
('TT-004-MJSK', 'ST-NOR', 'H', '3'),
('TT-004-MJSK', 'ST-NOR', 'H', '4'),
('TT-004-MJSK', 'ST-NOR', 'H', '5'),
('TT-004-MJSK', 'ST-NOR', 'H', '6'),
('TT-004-MJSK', 'ST-NOR', 'H', '7'),
('TT-004-MJSK', 'ST-NOR', 'H', '8'),
('TT-004-MJSK', 'ST-NOR', 'H', '9'),
('TT-004-MJSK', 'ST-NOR', 'I', '1'),
('TT-004-MJSK', 'ST-NOR', 'I', '10'),
('TT-004-MJSK', 'ST-NOR', 'I', '11'),
('TT-004-MJSK', 'ST-NOR', 'I', '12'),
('TT-004-MJSK', 'ST-NOR', 'I', '13'),
('TT-004-MJSK', 'ST-NOR', 'I', '14'),
('TT-004-MJSK', 'ST-NOR', 'I', '15'),
('TT-004-MJSK', 'ST-NOR', 'I', '16'),
('TT-004-MJSK', 'ST-NOR', 'I', '17'),
('TT-004-MJSK', 'ST-NOR', 'I', '2'),
('TT-004-MJSK', 'ST-NOR', 'I', '3'),
('TT-004-MJSK', 'ST-NOR', 'I', '4'),
('TT-004-MJSK', 'ST-NOR', 'I', '5'),
('TT-004-MJSK', 'ST-NOR', 'I', '6'),
('TT-004-MJSK', 'ST-NOR', 'I', '7'),
('TT-004-MJSK', 'ST-NOR', 'I', '8'),
('TT-004-MJSK', 'ST-NOR', 'I', '9'),
('TT-004-MJSK', 'ST-NOR', 'J', '1'),
('TT-004-MJSK', 'ST-NOR', 'J', '10'),
('TT-004-MJSK', 'ST-NOR', 'J', '11'),
('TT-004-MJSK', 'ST-NOR', 'J', '12'),
('TT-004-MJSK', 'ST-NOR', 'J', '13'),
('TT-004-MJSK', 'ST-NOR', 'J', '14'),
('TT-004-MJSK', 'ST-NOR', 'J', '15'),
('TT-004-MJSK', 'ST-NOR', 'J', '16'),
('TT-004-MJSK', 'ST-NOR', 'J', '17'),
('TT-004-MJSK', 'ST-NOR', 'J', '2'),
('TT-004-MJSK', 'ST-NOR', 'J', '3'),
('TT-004-MJSK', 'ST-NOR', 'J', '4'),
('TT-004-MJSK', 'ST-NOR', 'J', '5'),
('TT-004-MJSK', 'ST-NOR', 'J', '6'),
('TT-004-MJSK', 'ST-NOR', 'J', '7'),
('TT-004-MJSK', 'ST-NOR', 'J', '8'),
('TT-004-MJSK', 'ST-NOR', 'J', '9'),
('TT-004-MJSK', 'ST-NOR', 'K', '1'),
('TT-004-MJSK', 'ST-NOR', 'K', '10'),
('TT-004-MJSK', 'ST-NOR', 'K', '11'),
('TT-004-MJSK', 'ST-NOR', 'K', '12'),
('TT-004-MJSK', 'ST-NOR', 'K', '13'),
('TT-004-MJSK', 'ST-NOR', 'K', '14'),
('TT-004-MJSK', 'ST-NOR', 'K', '15'),
('TT-004-MJSK', 'ST-NOR', 'K', '16'),
('TT-004-MJSK', 'ST-NOR', 'K', '17'),
('TT-004-MJSK', 'ST-NOR', 'K', '2'),
('TT-004-MJSK', 'ST-NOR', 'K', '3'),
('TT-004-MJSK', 'ST-NOR', 'K', '4'),
('TT-004-MJSK', 'ST-NOR', 'K', '5'),
('TT-004-MJSK', 'ST-NOR', 'K', '6'),
('TT-004-MJSK', 'ST-NOR', 'K', '7'),
('TT-004-MJSK', 'ST-NOR', 'K', '8'),
('TT-004-MJSK', 'ST-NOR', 'K', '9'),
('TT-004-PRGC', 'ST-HNY', 'A', '10'),
('TT-004-PRGC', 'ST-HNY', 'A', '11'),
('TT-004-PRGC', 'ST-HNY', 'A', '12'),
('TT-004-PRGC', 'ST-HNY', 'A', '13'),
('TT-004-PRGC', 'ST-HNY', 'A', '14'),
('TT-004-PRGC', 'ST-HNY', 'A', '15'),
('TT-004-PRGC', 'ST-HNY', 'A', '16'),
('TT-004-PRGC', 'ST-HNY', 'A', '5'),
('TT-004-PRGC', 'ST-HNY', 'A', '6'),
('TT-004-PRGC', 'ST-HNY', 'A', '7'),
('TT-004-PRGC', 'ST-HNY', 'A', '8'),
('TT-004-PRGC', 'ST-HNY', 'A', '9'),
('TT-004-PRGC', 'ST-HNY', 'B', '10'),
('TT-004-PRGC', 'ST-HNY', 'B', '11'),
('TT-004-PRGC', 'ST-HNY', 'B', '12'),
('TT-004-PRGC', 'ST-HNY', 'B', '13'),
('TT-004-PRGC', 'ST-HNY', 'B', '14'),
('TT-004-PRGC', 'ST-HNY', 'B', '15'),
('TT-004-PRGC', 'ST-HNY', 'B', '16'),
('TT-004-PRGC', 'ST-HNY', 'B', '5'),
('TT-004-PRGC', 'ST-HNY', 'B', '6'),
('TT-004-PRGC', 'ST-HNY', 'B', '7'),
('TT-004-PRGC', 'ST-HNY', 'B', '8'),
('TT-004-PRGC', 'ST-HNY', 'B', '9'),
('TT-004-PRGC', 'ST-HNY', 'C', '10'),
('TT-004-PRGC', 'ST-HNY', 'C', '11'),
('TT-004-PRGC', 'ST-HNY', 'C', '12'),
('TT-004-PRGC', 'ST-HNY', 'C', '13'),
('TT-004-PRGC', 'ST-HNY', 'C', '14'),
('TT-004-PRGC', 'ST-HNY', 'C', '15'),
('TT-004-PRGC', 'ST-HNY', 'C', '16'),
('TT-004-PRGC', 'ST-HNY', 'C', '5'),
('TT-004-PRGC', 'ST-HNY', 'C', '6'),
('TT-004-PRGC', 'ST-HNY', 'C', '7'),
('TT-004-PRGC', 'ST-HNY', 'C', '8'),
('TT-004-PRGC', 'ST-HNY', 'C', '9'),
('TT-004-PRGC', 'ST-HNY', 'D', '10'),
('TT-004-PRGC', 'ST-HNY', 'D', '11'),
('TT-004-PRGC', 'ST-HNY', 'D', '12'),
('TT-004-PRGC', 'ST-HNY', 'D', '13'),
('TT-004-PRGC', 'ST-HNY', 'D', '14'),
('TT-004-PRGC', 'ST-HNY', 'D', '15'),
('TT-004-PRGC', 'ST-HNY', 'D', '16'),
('TT-004-PRGC', 'ST-HNY', 'D', '5'),
('TT-004-PRGC', 'ST-HNY', 'D', '6'),
('TT-004-PRGC', 'ST-HNY', 'D', '7'),
('TT-004-PRGC', 'ST-HNY', 'D', '8'),
('TT-004-PRGC', 'ST-HNY', 'D', '9'),
('TT-004-PRGC', 'ST-HNY', 'E', '10'),
('TT-004-PRGC', 'ST-HNY', 'E', '11'),
('TT-004-PRGC', 'ST-HNY', 'E', '12'),
('TT-004-PRGC', 'ST-HNY', 'E', '13'),
('TT-004-PRGC', 'ST-HNY', 'E', '14'),
('TT-004-PRGC', 'ST-HNY', 'E', '15'),
('TT-004-PRGC', 'ST-HNY', 'E', '16'),
('TT-004-PRGC', 'ST-HNY', 'E', '5'),
('TT-004-PRGC', 'ST-HNY', 'E', '6'),
('TT-004-PRGC', 'ST-HNY', 'E', '7'),
('TT-004-PRGC', 'ST-HNY', 'E', '8'),
('TT-004-PRGC', 'ST-HNY', 'E', '9'),
('TT-004-PRGC', 'ST-NOR', 'A', '1'),
('TT-004-PRGC', 'ST-NOR', 'A', '17'),
('TT-004-PRGC', 'ST-NOR', 'A', '18'),
('TT-004-PRGC', 'ST-NOR', 'A', '19'),
('TT-004-PRGC', 'ST-NOR', 'A', '2'),
('TT-004-PRGC', 'ST-NOR', 'A', '20'),
('TT-004-PRGC', 'ST-NOR', 'A', '3'),
('TT-004-PRGC', 'ST-NOR', 'A', '4'),
('TT-004-PRGC', 'ST-NOR', 'B', '1'),
('TT-004-PRGC', 'ST-NOR', 'B', '17'),
('TT-004-PRGC', 'ST-NOR', 'B', '18'),
('TT-004-PRGC', 'ST-NOR', 'B', '19'),
('TT-004-PRGC', 'ST-NOR', 'B', '2'),
('TT-004-PRGC', 'ST-NOR', 'B', '20'),
('TT-004-PRGC', 'ST-NOR', 'B', '3'),
('TT-004-PRGC', 'ST-NOR', 'B', '4'),
('TT-004-PRGC', 'ST-NOR', 'C', '1'),
('TT-004-PRGC', 'ST-NOR', 'C', '17'),
('TT-004-PRGC', 'ST-NOR', 'C', '18'),
('TT-004-PRGC', 'ST-NOR', 'C', '19'),
('TT-004-PRGC', 'ST-NOR', 'C', '2'),
('TT-004-PRGC', 'ST-NOR', 'C', '20'),
('TT-004-PRGC', 'ST-NOR', 'C', '3'),
('TT-004-PRGC', 'ST-NOR', 'C', '4'),
('TT-004-PRGC', 'ST-NOR', 'D', '1'),
('TT-004-PRGC', 'ST-NOR', 'D', '17'),
('TT-004-PRGC', 'ST-NOR', 'D', '18'),
('TT-004-PRGC', 'ST-NOR', 'D', '19'),
('TT-004-PRGC', 'ST-NOR', 'D', '2'),
('TT-004-PRGC', 'ST-NOR', 'D', '20'),
('TT-004-PRGC', 'ST-NOR', 'D', '3'),
('TT-004-PRGC', 'ST-NOR', 'D', '4'),
('TT-004-PRGC', 'ST-NOR', 'E', '1'),
('TT-004-PRGC', 'ST-NOR', 'E', '17'),
('TT-004-PRGC', 'ST-NOR', 'E', '18'),
('TT-004-PRGC', 'ST-NOR', 'E', '19'),
('TT-004-PRGC', 'ST-NOR', 'E', '2'),
('TT-004-PRGC', 'ST-NOR', 'E', '20'),
('TT-004-PRGC', 'ST-NOR', 'E', '3'),
('TT-004-PRGC', 'ST-NOR', 'E', '4'),
('TT-004-PRGC', 'ST-NOR', 'F', '1'),
('TT-004-PRGC', 'ST-NOR', 'F', '10'),
('TT-004-PRGC', 'ST-NOR', 'F', '11'),
('TT-004-PRGC', 'ST-NOR', 'F', '12'),
('TT-004-PRGC', 'ST-NOR', 'F', '13'),
('TT-004-PRGC', 'ST-NOR', 'F', '14'),
('TT-004-PRGC', 'ST-NOR', 'F', '15'),
('TT-004-PRGC', 'ST-NOR', 'F', '16'),
('TT-004-PRGC', 'ST-NOR', 'F', '17'),
('TT-004-PRGC', 'ST-NOR', 'F', '18'),
('TT-004-PRGC', 'ST-NOR', 'F', '19'),
('TT-004-PRGC', 'ST-NOR', 'F', '2'),
('TT-004-PRGC', 'ST-NOR', 'F', '20'),
('TT-004-PRGC', 'ST-NOR', 'F', '3'),
('TT-004-PRGC', 'ST-NOR', 'F', '4'),
('TT-004-PRGC', 'ST-NOR', 'F', '5'),
('TT-004-PRGC', 'ST-NOR', 'F', '6'),
('TT-004-PRGC', 'ST-NOR', 'F', '7'),
('TT-004-PRGC', 'ST-NOR', 'F', '8'),
('TT-004-PRGC', 'ST-NOR', 'F', '9'),
('TT-004-PRGC', 'ST-NOR', 'G', '1'),
('TT-004-PRGC', 'ST-NOR', 'G', '10'),
('TT-004-PRGC', 'ST-NOR', 'G', '11'),
('TT-004-PRGC', 'ST-NOR', 'G', '12'),
('TT-004-PRGC', 'ST-NOR', 'G', '13'),
('TT-004-PRGC', 'ST-NOR', 'G', '14'),
('TT-004-PRGC', 'ST-NOR', 'G', '15'),
('TT-004-PRGC', 'ST-NOR', 'G', '16'),
('TT-004-PRGC', 'ST-NOR', 'G', '17'),
('TT-004-PRGC', 'ST-NOR', 'G', '18'),
('TT-004-PRGC', 'ST-NOR', 'G', '19'),
('TT-004-PRGC', 'ST-NOR', 'G', '2'),
('TT-004-PRGC', 'ST-NOR', 'G', '20'),
('TT-004-PRGC', 'ST-NOR', 'G', '3'),
('TT-004-PRGC', 'ST-NOR', 'G', '4'),
('TT-004-PRGC', 'ST-NOR', 'G', '5'),
('TT-004-PRGC', 'ST-NOR', 'G', '6'),
('TT-004-PRGC', 'ST-NOR', 'G', '7'),
('TT-004-PRGC', 'ST-NOR', 'G', '8'),
('TT-004-PRGC', 'ST-NOR', 'G', '9'),
('TT-004-QTCA', 'ST-NOR', 'D', '1'),
('TT-004-QTCA', 'ST-NOR', 'D', '10'),
('TT-004-QTCA', 'ST-NOR', 'D', '11'),
('TT-004-QTCA', 'ST-NOR', 'D', '12'),
('TT-004-QTCA', 'ST-NOR', 'D', '13'),
('TT-004-QTCA', 'ST-NOR', 'D', '14'),
('TT-004-QTCA', 'ST-NOR', 'D', '15'),
('TT-004-QTCA', 'ST-NOR', 'D', '16'),
('TT-004-QTCA', 'ST-NOR', 'D', '17'),
('TT-004-QTCA', 'ST-NOR', 'D', '18'),
('TT-004-QTCA', 'ST-NOR', 'D', '2'),
('TT-004-QTCA', 'ST-NOR', 'D', '3'),
('TT-004-QTCA', 'ST-NOR', 'D', '4'),
('TT-004-QTCA', 'ST-NOR', 'D', '5'),
('TT-004-QTCA', 'ST-NOR', 'D', '6'),
('TT-004-QTCA', 'ST-NOR', 'D', '7'),
('TT-004-QTCA', 'ST-NOR', 'D', '8'),
('TT-004-QTCA', 'ST-NOR', 'D', '9'),
('TT-004-QTCA', 'ST-NOR', 'E', '1'),
('TT-004-QTCA', 'ST-NOR', 'E', '10'),
('TT-004-QTCA', 'ST-NOR', 'E', '11'),
('TT-004-QTCA', 'ST-NOR', 'E', '12'),
('TT-004-QTCA', 'ST-NOR', 'E', '13'),
('TT-004-QTCA', 'ST-NOR', 'E', '14'),
('TT-004-QTCA', 'ST-NOR', 'E', '15'),
('TT-004-QTCA', 'ST-NOR', 'E', '16'),
('TT-004-QTCA', 'ST-NOR', 'E', '17'),
('TT-004-QTCA', 'ST-NOR', 'E', '18'),
('TT-004-QTCA', 'ST-NOR', 'E', '2'),
('TT-004-QTCA', 'ST-NOR', 'E', '3'),
('TT-004-QTCA', 'ST-NOR', 'E', '4'),
('TT-004-QTCA', 'ST-NOR', 'E', '5'),
('TT-004-QTCA', 'ST-NOR', 'E', '6'),
('TT-004-QTCA', 'ST-NOR', 'E', '7'),
('TT-004-QTCA', 'ST-NOR', 'E', '8'),
('TT-004-QTCA', 'ST-NOR', 'E', '9'),
('TT-004-QTCA', 'ST-NOR', 'F', '1'),
('TT-004-QTCA', 'ST-NOR', 'F', '10'),
('TT-004-QTCA', 'ST-NOR', 'F', '11'),
('TT-004-QTCA', 'ST-NOR', 'F', '12'),
('TT-004-QTCA', 'ST-NOR', 'F', '13'),
('TT-004-QTCA', 'ST-NOR', 'F', '14'),
('TT-004-QTCA', 'ST-NOR', 'F', '15'),
('TT-004-QTCA', 'ST-NOR', 'F', '16'),
('TT-004-QTCA', 'ST-NOR', 'F', '17'),
('TT-004-QTCA', 'ST-NOR', 'F', '18'),
('TT-004-QTCA', 'ST-NOR', 'F', '2'),
('TT-004-QTCA', 'ST-NOR', 'F', '3'),
('TT-004-QTCA', 'ST-NOR', 'F', '4'),
('TT-004-QTCA', 'ST-NOR', 'F', '5'),
('TT-004-QTCA', 'ST-NOR', 'F', '6'),
('TT-004-QTCA', 'ST-NOR', 'F', '7'),
('TT-004-QTCA', 'ST-NOR', 'F', '8'),
('TT-004-QTCA', 'ST-NOR', 'F', '9'),
('TT-004-QTCA', 'ST-NOR', 'G', '1'),
('TT-004-QTCA', 'ST-NOR', 'G', '10'),
('TT-004-QTCA', 'ST-NOR', 'G', '11'),
('TT-004-QTCA', 'ST-NOR', 'G', '12'),
('TT-004-QTCA', 'ST-NOR', 'G', '13'),
('TT-004-QTCA', 'ST-NOR', 'G', '14'),
('TT-004-QTCA', 'ST-NOR', 'G', '15'),
('TT-004-QTCA', 'ST-NOR', 'G', '16'),
('TT-004-QTCA', 'ST-NOR', 'G', '17'),
('TT-004-QTCA', 'ST-NOR', 'G', '18'),
('TT-004-QTCA', 'ST-NOR', 'G', '2'),
('TT-004-QTCA', 'ST-NOR', 'G', '3'),
('TT-004-QTCA', 'ST-NOR', 'G', '4'),
('TT-004-QTCA', 'ST-NOR', 'G', '5'),
('TT-004-QTCA', 'ST-NOR', 'G', '6'),
('TT-004-QTCA', 'ST-NOR', 'G', '7'),
('TT-004-QTCA', 'ST-NOR', 'G', '8'),
('TT-004-QTCA', 'ST-NOR', 'G', '9'),
('TT-004-QTCA', 'ST-NOR', 'H', '1'),
('TT-004-QTCA', 'ST-NOR', 'H', '10'),
('TT-004-QTCA', 'ST-NOR', 'H', '11'),
('TT-004-QTCA', 'ST-NOR', 'H', '12'),
('TT-004-QTCA', 'ST-NOR', 'H', '13'),
('TT-004-QTCA', 'ST-NOR', 'H', '14'),
('TT-004-QTCA', 'ST-NOR', 'H', '15'),
('TT-004-QTCA', 'ST-NOR', 'H', '16'),
('TT-004-QTCA', 'ST-NOR', 'H', '17'),
('TT-004-QTCA', 'ST-NOR', 'H', '18'),
('TT-004-QTCA', 'ST-NOR', 'H', '2'),
('TT-004-QTCA', 'ST-NOR', 'H', '3'),
('TT-004-QTCA', 'ST-NOR', 'H', '4'),
('TT-004-QTCA', 'ST-NOR', 'H', '5'),
('TT-004-QTCA', 'ST-NOR', 'H', '6'),
('TT-004-QTCA', 'ST-NOR', 'H', '7'),
('TT-004-QTCA', 'ST-NOR', 'H', '8'),
('TT-004-QTCA', 'ST-NOR', 'H', '9'),
('TT-004-QTCA', 'ST-NOR', 'I', '1'),
('TT-004-QTCA', 'ST-NOR', 'I', '10'),
('TT-004-QTCA', 'ST-NOR', 'I', '11'),
('TT-004-QTCA', 'ST-NOR', 'I', '12'),
('TT-004-QTCA', 'ST-NOR', 'I', '13'),
('TT-004-QTCA', 'ST-NOR', 'I', '14'),
('TT-004-QTCA', 'ST-NOR', 'I', '15'),
('TT-004-QTCA', 'ST-NOR', 'I', '16'),
('TT-004-QTCA', 'ST-NOR', 'I', '17'),
('TT-004-QTCA', 'ST-NOR', 'I', '18'),
('TT-004-QTCA', 'ST-NOR', 'I', '2'),
('TT-004-QTCA', 'ST-NOR', 'I', '3'),
('TT-004-QTCA', 'ST-NOR', 'I', '4'),
('TT-004-QTCA', 'ST-NOR', 'I', '5'),
('TT-004-QTCA', 'ST-NOR', 'I', '6'),
('TT-004-QTCA', 'ST-NOR', 'I', '7'),
('TT-004-QTCA', 'ST-NOR', 'I', '8'),
('TT-004-QTCA', 'ST-NOR', 'I', '9'),
('TT-004-QTCA', 'ST-NOR', 'J', '1'),
('TT-004-QTCA', 'ST-NOR', 'J', '10'),
('TT-004-QTCA', 'ST-NOR', 'J', '11'),
('TT-004-QTCA', 'ST-NOR', 'J', '12'),
('TT-004-QTCA', 'ST-NOR', 'J', '13'),
('TT-004-QTCA', 'ST-NOR', 'J', '14'),
('TT-004-QTCA', 'ST-NOR', 'J', '15'),
('TT-004-QTCA', 'ST-NOR', 'J', '16'),
('TT-004-QTCA', 'ST-NOR', 'J', '17'),
('TT-004-QTCA', 'ST-NOR', 'J', '18'),
('TT-004-QTCA', 'ST-NOR', 'J', '2'),
('TT-004-QTCA', 'ST-NOR', 'J', '3'),
('TT-004-QTCA', 'ST-NOR', 'J', '4'),
('TT-004-QTCA', 'ST-NOR', 'J', '5'),
('TT-004-QTCA', 'ST-NOR', 'J', '6'),
('TT-004-QTCA', 'ST-NOR', 'J', '7'),
('TT-004-QTCA', 'ST-NOR', 'J', '8'),
('TT-004-QTCA', 'ST-NOR', 'J', '9'),
('TT-004-QTCA', 'ST-OPR', 'K', '1'),
('TT-004-QTCA', 'ST-OPR', 'K', '2'),
('TT-004-QTCA', 'ST-OPR', 'K', '3'),
('TT-004-QTCA', 'ST-OPR', 'K', '4'),
('TT-004-QTCA', 'ST-OPR', 'K', '5'),
('TT-004-QTCA', 'ST-OPR', 'K', '6'),
('TT-004-QTCA', 'ST-OPR', 'K', '7'),
('TT-004-QTCA', 'ST-OPR', 'K', '8'),
('TT-004-QTCA', 'ST-PRV', 'A', '1'),
('TT-004-QTCA', 'ST-PRV', 'A', '2'),
('TT-004-QTCA', 'ST-PRV', 'A', '3'),
('TT-004-QTCA', 'ST-PRV', 'A', '4'),
('TT-004-QTCA', 'ST-PRV', 'A', '5'),
('TT-004-QTCA', 'ST-PRV', 'A', '6'),
('TT-004-QTCA', 'ST-PRV', 'A', '7'),
('TT-004-QTCA', 'ST-PRV', 'A', '8'),
('TT-004-QTCA', 'ST-PRV', 'A', '9'),
('TT-004-QTCA', 'ST-PRV', 'B', '1'),
('TT-004-QTCA', 'ST-PRV', 'B', '2'),
('TT-004-QTCA', 'ST-PRV', 'B', '3'),
('TT-004-QTCA', 'ST-PRV', 'B', '4'),
('TT-004-QTCA', 'ST-PRV', 'B', '5'),
('TT-004-QTCA', 'ST-PRV', 'B', '6'),
('TT-004-QTCA', 'ST-PRV', 'B', '7'),
('TT-004-QTCA', 'ST-PRV', 'B', '8'),
('TT-004-QTCA', 'ST-PRV', 'B', '9'),
('TT-004-QTCA', 'ST-PRV', 'C', '1'),
('TT-004-QTCA', 'ST-PRV', 'C', '2'),
('TT-004-QTCA', 'ST-PRV', 'C', '3'),
('TT-004-QTCA', 'ST-PRV', 'C', '4'),
('TT-004-QTCA', 'ST-PRV', 'C', '5'),
('TT-004-QTCA', 'ST-PRV', 'C', '6'),
('TT-004-QTCA', 'ST-PRV', 'C', '7'),
('TT-004-QTCA', 'ST-PRV', 'C', '8'),
('TT-004-QTCA', 'ST-PRV', 'C', '9'),
('TT-005-CMAP', 'ST-HNY', 'A', '01'),
('TT-005-CMAP', 'ST-HNY', 'A', '02'),
('TT-005-CMAP', 'ST-HNY', 'A', '03'),
('TT-005-CMAP', 'ST-HNY', 'A', '04'),
('TT-005-CMAP', 'ST-HNY', 'A', '05'),
('TT-005-CMAP', 'ST-HNY', 'A', '06'),
('TT-005-CMAP', 'ST-HNY', 'A', '07'),
('TT-005-CMAP', 'ST-HNY', 'A', '08'),
('TT-005-CMAP', 'ST-HNY', 'A', '09'),
('TT-005-CMAP', 'ST-HNY', 'A', '10'),
('TT-005-CMAP', 'ST-HNY', 'A', '11'),
('TT-005-CMAP', 'ST-HNY', 'A', '12'),
('TT-005-CMAP', 'ST-HNY', 'A', '13'),
('TT-005-CMAP', 'ST-HNY', 'A', '14'),
('TT-005-CMAP', 'ST-HNY', 'A', '15'),
('TT-005-CMAP', 'ST-HNY', 'A', '16'),
('TT-005-CMAP', 'ST-HNY', 'A', '17'),
('TT-005-CMAP', 'ST-HNY', 'A', '18'),
('TT-005-CMAP', 'ST-HNY', 'A', '19'),
('TT-005-CMAP', 'ST-HNY', 'A', '20'),
('TT-005-CMAP', 'ST-HNY', 'A', '21'),
('TT-005-CMAP', 'ST-HNY', 'B', '01'),
('TT-005-CMAP', 'ST-HNY', 'B', '02'),
('TT-005-CMAP', 'ST-HNY', 'B', '03'),
('TT-005-CMAP', 'ST-HNY', 'B', '04'),
('TT-005-CMAP', 'ST-HNY', 'B', '05'),
('TT-005-CMAP', 'ST-HNY', 'B', '06'),
('TT-005-CMAP', 'ST-HNY', 'B', '07'),
('TT-005-CMAP', 'ST-HNY', 'B', '08'),
('TT-005-CMAP', 'ST-HNY', 'B', '09'),
('TT-005-CMAP', 'ST-HNY', 'B', '10'),
('TT-005-CMAP', 'ST-HNY', 'B', '11'),
('TT-005-CMAP', 'ST-HNY', 'B', '12'),
('TT-005-CMAP', 'ST-HNY', 'B', '13'),
('TT-005-CMAP', 'ST-HNY', 'B', '14'),
('TT-005-CMAP', 'ST-HNY', 'B', '15'),
('TT-005-CMAP', 'ST-HNY', 'B', '16'),
('TT-005-CMAP', 'ST-HNY', 'B', '17'),
('TT-005-CMAP', 'ST-HNY', 'B', '18'),
('TT-005-CMAP', 'ST-HNY', 'B', '19'),
('TT-005-CMAP', 'ST-HNY', 'B', '20'),
('TT-005-CMAP', 'ST-HNY', 'B', '21'),
('TT-005-CMAP', 'ST-HNY', 'C', '01'),
('TT-005-CMAP', 'ST-HNY', 'C', '02'),
('TT-005-CMAP', 'ST-HNY', 'C', '03'),
('TT-005-CMAP', 'ST-HNY', 'C', '04'),
('TT-005-CMAP', 'ST-HNY', 'C', '05'),
('TT-005-CMAP', 'ST-HNY', 'C', '06'),
('TT-005-CMAP', 'ST-HNY', 'C', '07'),
('TT-005-CMAP', 'ST-HNY', 'C', '08'),
('TT-005-CMAP', 'ST-HNY', 'C', '09'),
('TT-005-CMAP', 'ST-HNY', 'C', '10'),
('TT-005-CMAP', 'ST-HNY', 'C', '11'),
('TT-005-CMAP', 'ST-HNY', 'C', '12'),
('TT-005-CMAP', 'ST-HNY', 'C', '13'),
('TT-005-CMAP', 'ST-HNY', 'C', '14'),
('TT-005-CMAP', 'ST-HNY', 'C', '15'),
('TT-005-CMAP', 'ST-HNY', 'C', '16'),
('TT-005-CMAP', 'ST-HNY', 'C', '17'),
('TT-005-CMAP', 'ST-HNY', 'C', '18'),
('TT-005-CMAP', 'ST-HNY', 'C', '19'),
('TT-005-CMAP', 'ST-HNY', 'C', '20'),
('TT-005-CMAP', 'ST-HNY', 'C', '21'),
('TT-005-CMAP', 'ST-HNY', 'C', '22'),
('TT-005-CMAP', 'ST-NOR', 'D', '01'),
('TT-005-CMAP', 'ST-NOR', 'D', '02'),
('TT-005-CMAP', 'ST-NOR', 'D', '03'),
('TT-005-CMAP', 'ST-NOR', 'D', '04'),
('TT-005-CMAP', 'ST-NOR', 'D', '05'),
('TT-005-CMAP', 'ST-NOR', 'D', '06'),
('TT-005-CMAP', 'ST-NOR', 'D', '07'),
('TT-005-CMAP', 'ST-NOR', 'D', '08'),
('TT-005-CMAP', 'ST-NOR', 'D', '09'),
('TT-005-CMAP', 'ST-NOR', 'D', '10'),
('TT-005-CMAP', 'ST-NOR', 'D', '11'),
('TT-005-CMAP', 'ST-NOR', 'D', '12'),
('TT-005-CMAP', 'ST-NOR', 'D', '13'),
('TT-005-CMAP', 'ST-NOR', 'D', '14'),
('TT-005-CMAP', 'ST-NOR', 'D', '15'),
('TT-005-CMAP', 'ST-NOR', 'D', '16'),
('TT-005-CMAP', 'ST-NOR', 'D', '17'),
('TT-005-CMAP', 'ST-NOR', 'D', '18'),
('TT-005-CMAP', 'ST-NOR', 'D', '19'),
('TT-005-CMAP', 'ST-NOR', 'D', '20'),
('TT-005-CMAP', 'ST-NOR', 'D', '21'),
('TT-005-CMAP', 'ST-NOR', 'D', '22'),
('TT-005-CMAP', 'ST-NOR', 'E', '01'),
('TT-005-CMAP', 'ST-NOR', 'E', '02'),
('TT-005-CMAP', 'ST-NOR', 'E', '03'),
('TT-005-CMAP', 'ST-NOR', 'E', '04'),
('TT-005-CMAP', 'ST-NOR', 'E', '05'),
('TT-005-CMAP', 'ST-NOR', 'E', '06'),
('TT-005-CMAP', 'ST-NOR', 'E', '07'),
('TT-005-CMAP', 'ST-NOR', 'E', '08'),
('TT-005-CMAP', 'ST-NOR', 'E', '09'),
('TT-005-CMAP', 'ST-NOR', 'E', '10'),
('TT-005-CMAP', 'ST-NOR', 'E', '11'),
('TT-005-CMAP', 'ST-NOR', 'E', '12'),
('TT-005-CMAP', 'ST-NOR', 'E', '13'),
('TT-005-CMAP', 'ST-NOR', 'E', '14'),
('TT-005-CMAP', 'ST-NOR', 'E', '15'),
('TT-005-CMAP', 'ST-NOR', 'E', '16'),
('TT-005-CMAP', 'ST-NOR', 'E', '17'),
('TT-005-CMAP', 'ST-NOR', 'E', '18'),
('TT-005-CMAP', 'ST-NOR', 'E', '19'),
('TT-005-CMAP', 'ST-NOR', 'E', '20'),
('TT-005-CMAP', 'ST-NOR', 'E', '21'),
('TT-005-CMAP', 'ST-NOR', 'E', '22'),
('TT-005-CMAP', 'ST-NOR', 'F', '01'),
('TT-005-CMAP', 'ST-NOR', 'F', '02'),
('TT-005-CMAP', 'ST-NOR', 'F', '03'),
('TT-005-CMAP', 'ST-NOR', 'F', '04'),
('TT-005-CMAP', 'ST-NOR', 'F', '05'),
('TT-005-CMAP', 'ST-NOR', 'F', '06'),
('TT-005-CMAP', 'ST-NOR', 'F', '07'),
('TT-005-CMAP', 'ST-NOR', 'F', '08'),
('TT-005-CMAP', 'ST-NOR', 'F', '09'),
('TT-005-CMAP', 'ST-NOR', 'F', '10'),
('TT-005-CMAP', 'ST-NOR', 'F', '11'),
('TT-005-CMAP', 'ST-NOR', 'F', '12'),
('TT-005-CMAP', 'ST-NOR', 'F', '13'),
('TT-005-CMAP', 'ST-NOR', 'F', '14'),
('TT-005-CMAP', 'ST-NOR', 'F', '15'),
('TT-005-CMAP', 'ST-NOR', 'F', '16'),
('TT-005-CMAP', 'ST-NOR', 'F', '17'),
('TT-005-CMAP', 'ST-NOR', 'F', '18'),
('TT-005-CMAP', 'ST-NOR', 'F', '19'),
('TT-005-CMAP', 'ST-NOR', 'F', '20'),
('TT-005-CMAP', 'ST-NOR', 'F', '21'),
('TT-005-CMAP', 'ST-NOR', 'F', '22'),
('TT-005-CMAP', 'ST-NOR', 'G', '01'),
('TT-005-CMAP', 'ST-NOR', 'G', '02'),
('TT-005-CMAP', 'ST-NOR', 'G', '03'),
('TT-005-CMAP', 'ST-NOR', 'G', '04'),
('TT-005-CMAP', 'ST-NOR', 'G', '05'),
('TT-005-CMAP', 'ST-NOR', 'G', '06'),
('TT-005-CMAP', 'ST-NOR', 'G', '07'),
('TT-005-CMAP', 'ST-NOR', 'G', '08'),
('TT-005-CMAP', 'ST-NOR', 'G', '09'),
('TT-005-CMAP', 'ST-NOR', 'G', '10'),
('TT-005-CMAP', 'ST-NOR', 'G', '11'),
('TT-005-CMAP', 'ST-NOR', 'G', '12'),
('TT-005-CMAP', 'ST-NOR', 'G', '13'),
('TT-005-CMAP', 'ST-NOR', 'G', '14'),
('TT-005-CMAP', 'ST-NOR', 'G', '15'),
('TT-005-CMAP', 'ST-NOR', 'G', '16'),
('TT-005-CMAP', 'ST-NOR', 'G', '17'),
('TT-005-CMAP', 'ST-NOR', 'G', '18'),
('TT-005-CMAP', 'ST-NOR', 'G', '19'),
('TT-005-CMAP', 'ST-NOR', 'G', '20'),
('TT-005-CMAP', 'ST-NOR', 'G', '21'),
('TT-005-CMAP', 'ST-NOR', 'G', '22'),
('TT-005-CMAP', 'ST-NOR', 'H', '01'),
('TT-005-CMAP', 'ST-NOR', 'H', '02'),
('TT-005-CMAP', 'ST-NOR', 'H', '03'),
('TT-005-CMAP', 'ST-NOR', 'H', '04'),
('TT-005-CMAP', 'ST-NOR', 'H', '05'),
('TT-005-CMAP', 'ST-NOR', 'H', '06'),
('TT-005-CMAP', 'ST-NOR', 'H', '07'),
('TT-005-CMAP', 'ST-NOR', 'H', '08'),
('TT-005-CMAP', 'ST-NOR', 'H', '09'),
('TT-005-CMAP', 'ST-NOR', 'H', '10'),
('TT-005-CMAP', 'ST-NOR', 'H', '11'),
('TT-005-CMAP', 'ST-NOR', 'H', '12'),
('TT-005-CMAP', 'ST-NOR', 'H', '13'),
('TT-005-CMAP', 'ST-NOR', 'H', '14'),
('TT-005-CMAP', 'ST-NOR', 'H', '15'),
('TT-005-CMAP', 'ST-NOR', 'H', '16'),
('TT-005-CMAP', 'ST-NOR', 'H', '17'),
('TT-005-CMAP', 'ST-NOR', 'H', '18'),
('TT-005-CMAP', 'ST-NOR', 'H', '19'),
('TT-005-CMAP', 'ST-NOR', 'H', '20'),
('TT-005-CMAP', 'ST-NOR', 'H', '21'),
('TT-005-CMAP', 'ST-NOR', 'H', '22'),
('TT-005-CMAP', 'ST-NOR', 'I', '01'),
('TT-005-CMAP', 'ST-NOR', 'I', '02'),
('TT-005-CMAP', 'ST-NOR', 'I', '03'),
('TT-005-CMAP', 'ST-NOR', 'I', '04'),
('TT-005-CMAP', 'ST-NOR', 'I', '05'),
('TT-005-CMAP', 'ST-NOR', 'I', '06'),
('TT-005-CMAP', 'ST-NOR', 'I', '07'),
('TT-005-CMAP', 'ST-NOR', 'I', '08'),
('TT-005-CMAP', 'ST-NOR', 'I', '09'),
('TT-005-CMAP', 'ST-NOR', 'I', '10'),
('TT-005-CMAP', 'ST-NOR', 'I', '11'),
('TT-005-CMAP', 'ST-NOR', 'I', '12'),
('TT-005-CMAP', 'ST-NOR', 'I', '13'),
('TT-005-CMAP', 'ST-NOR', 'I', '14'),
('TT-005-CMAP', 'ST-NOR', 'I', '15'),
('TT-005-CMAP', 'ST-NOR', 'I', '16'),
('TT-005-CMAP', 'ST-NOR', 'I', '17'),
('TT-005-CMAP', 'ST-NOR', 'I', '18'),
('TT-005-CMAP', 'ST-NOR', 'I', '19'),
('TT-005-CMAP', 'ST-NOR', 'I', '20'),
('TT-005-CMAP', 'ST-NOR', 'I', '21'),
('TT-005-CMAP', 'ST-NOR', 'I', '22'),
('TT-005-CMAP', 'ST-NOR', 'J', '01'),
('TT-005-CMAP', 'ST-NOR', 'J', '02'),
('TT-005-CMAP', 'ST-NOR', 'J', '03'),
('TT-005-CMAP', 'ST-NOR', 'J', '04'),
('TT-005-CMAP', 'ST-NOR', 'J', '05'),
('TT-005-CMAP', 'ST-NOR', 'J', '06'),
('TT-005-CMAP', 'ST-NOR', 'J', '07'),
('TT-005-CMAP', 'ST-NOR', 'J', '08'),
('TT-005-CMAP', 'ST-NOR', 'J', '09'),
('TT-005-CMAP', 'ST-NOR', 'J', '10'),
('TT-005-CMAP', 'ST-NOR', 'J', '11'),
('TT-005-CMAP', 'ST-NOR', 'J', '12'),
('TT-005-CMAP', 'ST-NOR', 'J', '13'),
('TT-005-CMAP', 'ST-NOR', 'J', '14'),
('TT-005-CMAP', 'ST-NOR', 'J', '15'),
('TT-005-CMAP', 'ST-NOR', 'J', '16'),
('TT-005-CMAP', 'ST-NOR', 'J', '17'),
('TT-005-CMAP', 'ST-NOR', 'J', '18'),
('TT-005-CMAP', 'ST-NOR', 'J', '19'),
('TT-005-CMAP', 'ST-NOR', 'J', '20'),
('TT-005-CMAP', 'ST-NOR', 'J', '21'),
('TT-005-CMAP', 'ST-NOR', 'J', '22'),
('TT-005-CMAP', 'ST-NOR', 'K', '01'),
('TT-005-CMAP', 'ST-NOR', 'K', '02'),
('TT-005-CMAP', 'ST-NOR', 'K', '03'),
('TT-005-CMAP', 'ST-NOR', 'K', '04'),
('TT-005-CMAP', 'ST-NOR', 'K', '05'),
('TT-005-CMAP', 'ST-NOR', 'K', '06'),
('TT-005-CMAP', 'ST-NOR', 'K', '07'),
('TT-005-CMAP', 'ST-NOR', 'K', '08'),
('TT-005-CMAP', 'ST-NOR', 'K', '09'),
('TT-005-CMAP', 'ST-NOR', 'K', '10'),
('TT-005-CMAP', 'ST-NOR', 'K', '11'),
('TT-005-CMAP', 'ST-NOR', 'K', '12'),
('TT-005-CMAP', 'ST-NOR', 'K', '13'),
('TT-005-CMAP', 'ST-NOR', 'K', '14'),
('TT-005-CMAP', 'ST-NOR', 'K', '15'),
('TT-005-CMAP', 'ST-NOR', 'K', '16'),
('TT-005-CMAP', 'ST-NOR', 'K', '17'),
('TT-005-CMAP', 'ST-NOR', 'K', '18'),
('TT-005-CMAP', 'ST-NOR', 'K', '19'),
('TT-005-CMAP', 'ST-NOR', 'K', '20'),
('TT-005-CMAP', 'ST-NOR', 'K', '21'),
('TT-005-CMAP', 'ST-NOR', 'K', '22'),
('TT-005-CMAP', 'ST-NOR', 'L', '01'),
('TT-005-CMAP', 'ST-NOR', 'L', '02'),
('TT-005-CMAP', 'ST-NOR', 'L', '03'),
('TT-005-CMAP', 'ST-NOR', 'L', '04'),
('TT-005-CMAP', 'ST-NOR', 'L', '05'),
('TT-005-CMAP', 'ST-NOR', 'L', '06'),
('TT-005-CMAP', 'ST-NOR', 'L', '07'),
('TT-005-CMAP', 'ST-NOR', 'L', '08'),
('TT-005-CMAP', 'ST-NOR', 'L', '09'),
('TT-005-CMAP', 'ST-NOR', 'L', '10'),
('TT-005-CMAP', 'ST-NOR', 'L', '11'),
('TT-005-CMAP', 'ST-NOR', 'L', '12'),
('TT-005-CMAP', 'ST-NOR', 'L', '13'),
('TT-005-CMAP', 'ST-NOR', 'L', '14'),
('TT-005-CMAP', 'ST-NOR', 'L', '15'),
('TT-005-CMAP', 'ST-NOR', 'L', '16');
INSERT INTO `Seat` (`Theatre_ID`, `SeatType_ID`, `Seat_Row`, `Seat_Number`) VALUES
('TT-005-CMAP', 'ST-NOR', 'L', '17'),
('TT-005-CMAP', 'ST-NOR', 'L', '18'),
('TT-005-CMAP', 'ST-NOR', 'L', '19'),
('TT-005-CMAP', 'ST-NOR', 'L', '20'),
('TT-005-CMAP', 'ST-NOR', 'L', '21'),
('TT-005-CMAP', 'ST-NOR', 'L', '22'),
('TT-005-CMAP', 'ST-NOR', 'M', '01'),
('TT-005-CMAP', 'ST-NOR', 'M', '02'),
('TT-005-CMAP', 'ST-NOR', 'M', '03'),
('TT-005-CMAP', 'ST-NOR', 'M', '04'),
('TT-005-CMAP', 'ST-NOR', 'M', '05'),
('TT-005-CMAP', 'ST-NOR', 'M', '06'),
('TT-005-CMAP', 'ST-NOR', 'M', '07'),
('TT-005-CMAP', 'ST-NOR', 'M', '08'),
('TT-005-CMAP', 'ST-NOR', 'M', '09'),
('TT-005-CMAP', 'ST-NOR', 'M', '10'),
('TT-005-CMAP', 'ST-NOR', 'M', '11'),
('TT-005-CMAP', 'ST-NOR', 'M', '12'),
('TT-005-CMAP', 'ST-NOR', 'M', '13'),
('TT-005-CMAP', 'ST-NOR', 'M', '14'),
('TT-005-CMAP', 'ST-NOR', 'M', '15'),
('TT-005-CMAP', 'ST-NOR', 'M', '16'),
('TT-005-CMAP', 'ST-NOR', 'M', '17'),
('TT-005-CMAP', 'ST-NOR', 'M', '18'),
('TT-005-CMAP', 'ST-NOR', 'M', '19'),
('TT-005-CMAP', 'ST-NOR', 'M', '20'),
('TT-005-CMAP', 'ST-NOR', 'M', '21'),
('TT-005-CMAP', 'ST-NOR', 'M', '22'),
('TT-005-CMAP', 'ST-NOR', 'N', '01'),
('TT-005-CMAP', 'ST-NOR', 'N', '02'),
('TT-005-CMAP', 'ST-NOR', 'N', '03'),
('TT-005-CMAP', 'ST-NOR', 'N', '04'),
('TT-005-CMAP', 'ST-NOR', 'N', '05'),
('TT-005-CMAP', 'ST-NOR', 'N', '06'),
('TT-005-CMAP', 'ST-NOR', 'N', '07'),
('TT-005-CMAP', 'ST-NOR', 'N', '08'),
('TT-005-CMAP', 'ST-NOR', 'N', '09'),
('TT-005-CMAP', 'ST-NOR', 'N', '10'),
('TT-005-CMAP', 'ST-NOR', 'N', '11'),
('TT-005-CMAP', 'ST-NOR', 'N', '12'),
('TT-005-CMAP', 'ST-NOR', 'N', '13'),
('TT-005-CMAP', 'ST-NOR', 'N', '14'),
('TT-005-CMAP', 'ST-NOR', 'N', '15'),
('TT-005-CMAP', 'ST-NOR', 'N', '16'),
('TT-005-CMAP', 'ST-NOR', 'N', '17'),
('TT-005-CMAP', 'ST-NOR', 'N', '18'),
('TT-005-CMAP', 'ST-NOR', 'N', '19'),
('TT-005-CMAP', 'ST-NOR', 'N', '20'),
('TT-005-CMAP', 'ST-NOR', 'N', '21'),
('TT-005-CMAP', 'ST-NOR', 'N', '22'),
('TT-005-CTCR', 'ST-HNY', 'A', '1'),
('TT-005-CTCR', 'ST-HNY', 'A', '10'),
('TT-005-CTCR', 'ST-HNY', 'A', '11'),
('TT-005-CTCR', 'ST-HNY', 'A', '12'),
('TT-005-CTCR', 'ST-HNY', 'A', '13'),
('TT-005-CTCR', 'ST-HNY', 'A', '14'),
('TT-005-CTCR', 'ST-HNY', 'A', '15'),
('TT-005-CTCR', 'ST-HNY', 'A', '16'),
('TT-005-CTCR', 'ST-HNY', 'A', '17'),
('TT-005-CTCR', 'ST-HNY', 'A', '2'),
('TT-005-CTCR', 'ST-HNY', 'A', '3'),
('TT-005-CTCR', 'ST-HNY', 'A', '4'),
('TT-005-CTCR', 'ST-HNY', 'A', '5'),
('TT-005-CTCR', 'ST-HNY', 'A', '6'),
('TT-005-CTCR', 'ST-HNY', 'A', '7'),
('TT-005-CTCR', 'ST-HNY', 'A', '8'),
('TT-005-CTCR', 'ST-HNY', 'A', '9'),
('TT-005-CTCR', 'ST-HNY', 'B', '1'),
('TT-005-CTCR', 'ST-HNY', 'B', '10'),
('TT-005-CTCR', 'ST-HNY', 'B', '11'),
('TT-005-CTCR', 'ST-HNY', 'B', '12'),
('TT-005-CTCR', 'ST-HNY', 'B', '13'),
('TT-005-CTCR', 'ST-HNY', 'B', '14'),
('TT-005-CTCR', 'ST-HNY', 'B', '15'),
('TT-005-CTCR', 'ST-HNY', 'B', '16'),
('TT-005-CTCR', 'ST-HNY', 'B', '17'),
('TT-005-CTCR', 'ST-HNY', 'B', '2'),
('TT-005-CTCR', 'ST-HNY', 'B', '3'),
('TT-005-CTCR', 'ST-HNY', 'B', '4'),
('TT-005-CTCR', 'ST-HNY', 'B', '5'),
('TT-005-CTCR', 'ST-HNY', 'B', '6'),
('TT-005-CTCR', 'ST-HNY', 'B', '7'),
('TT-005-CTCR', 'ST-HNY', 'B', '8'),
('TT-005-CTCR', 'ST-HNY', 'B', '9'),
('TT-005-CTCR', 'ST-HNY', 'C', '1'),
('TT-005-CTCR', 'ST-HNY', 'C', '10'),
('TT-005-CTCR', 'ST-HNY', 'C', '11'),
('TT-005-CTCR', 'ST-HNY', 'C', '12'),
('TT-005-CTCR', 'ST-HNY', 'C', '13'),
('TT-005-CTCR', 'ST-HNY', 'C', '14'),
('TT-005-CTCR', 'ST-HNY', 'C', '15'),
('TT-005-CTCR', 'ST-HNY', 'C', '16'),
('TT-005-CTCR', 'ST-HNY', 'C', '17'),
('TT-005-CTCR', 'ST-HNY', 'C', '2'),
('TT-005-CTCR', 'ST-HNY', 'C', '3'),
('TT-005-CTCR', 'ST-HNY', 'C', '4'),
('TT-005-CTCR', 'ST-HNY', 'C', '5'),
('TT-005-CTCR', 'ST-HNY', 'C', '6'),
('TT-005-CTCR', 'ST-HNY', 'C', '7'),
('TT-005-CTCR', 'ST-HNY', 'C', '8'),
('TT-005-CTCR', 'ST-HNY', 'C', '9'),
('TT-005-CTCR', 'ST-NOR', 'D', '1'),
('TT-005-CTCR', 'ST-NOR', 'D', '10'),
('TT-005-CTCR', 'ST-NOR', 'D', '11'),
('TT-005-CTCR', 'ST-NOR', 'D', '12'),
('TT-005-CTCR', 'ST-NOR', 'D', '13'),
('TT-005-CTCR', 'ST-NOR', 'D', '14'),
('TT-005-CTCR', 'ST-NOR', 'D', '15'),
('TT-005-CTCR', 'ST-NOR', 'D', '16'),
('TT-005-CTCR', 'ST-NOR', 'D', '17'),
('TT-005-CTCR', 'ST-NOR', 'D', '2'),
('TT-005-CTCR', 'ST-NOR', 'D', '3'),
('TT-005-CTCR', 'ST-NOR', 'D', '4'),
('TT-005-CTCR', 'ST-NOR', 'D', '5'),
('TT-005-CTCR', 'ST-NOR', 'D', '6'),
('TT-005-CTCR', 'ST-NOR', 'D', '7'),
('TT-005-CTCR', 'ST-NOR', 'D', '8'),
('TT-005-CTCR', 'ST-NOR', 'D', '9'),
('TT-005-CTCR', 'ST-NOR', 'E', '1'),
('TT-005-CTCR', 'ST-NOR', 'E', '10'),
('TT-005-CTCR', 'ST-NOR', 'E', '11'),
('TT-005-CTCR', 'ST-NOR', 'E', '12'),
('TT-005-CTCR', 'ST-NOR', 'E', '13'),
('TT-005-CTCR', 'ST-NOR', 'E', '14'),
('TT-005-CTCR', 'ST-NOR', 'E', '15'),
('TT-005-CTCR', 'ST-NOR', 'E', '16'),
('TT-005-CTCR', 'ST-NOR', 'E', '17'),
('TT-005-CTCR', 'ST-NOR', 'E', '2'),
('TT-005-CTCR', 'ST-NOR', 'E', '3'),
('TT-005-CTCR', 'ST-NOR', 'E', '4'),
('TT-005-CTCR', 'ST-NOR', 'E', '5'),
('TT-005-CTCR', 'ST-NOR', 'E', '6'),
('TT-005-CTCR', 'ST-NOR', 'E', '7'),
('TT-005-CTCR', 'ST-NOR', 'E', '8'),
('TT-005-CTCR', 'ST-NOR', 'E', '9'),
('TT-005-CTCR', 'ST-NOR', 'F', '1'),
('TT-005-CTCR', 'ST-NOR', 'F', '10'),
('TT-005-CTCR', 'ST-NOR', 'F', '11'),
('TT-005-CTCR', 'ST-NOR', 'F', '12'),
('TT-005-CTCR', 'ST-NOR', 'F', '13'),
('TT-005-CTCR', 'ST-NOR', 'F', '14'),
('TT-005-CTCR', 'ST-NOR', 'F', '15'),
('TT-005-CTCR', 'ST-NOR', 'F', '16'),
('TT-005-CTCR', 'ST-NOR', 'F', '17'),
('TT-005-CTCR', 'ST-NOR', 'F', '2'),
('TT-005-CTCR', 'ST-NOR', 'F', '3'),
('TT-005-CTCR', 'ST-NOR', 'F', '4'),
('TT-005-CTCR', 'ST-NOR', 'F', '5'),
('TT-005-CTCR', 'ST-NOR', 'F', '6'),
('TT-005-CTCR', 'ST-NOR', 'F', '7'),
('TT-005-CTCR', 'ST-NOR', 'F', '8'),
('TT-005-CTCR', 'ST-NOR', 'F', '9'),
('TT-005-CTCR', 'ST-NOR', 'G', '1'),
('TT-005-CTCR', 'ST-NOR', 'G', '10'),
('TT-005-CTCR', 'ST-NOR', 'G', '11'),
('TT-005-CTCR', 'ST-NOR', 'G', '12'),
('TT-005-CTCR', 'ST-NOR', 'G', '13'),
('TT-005-CTCR', 'ST-NOR', 'G', '14'),
('TT-005-CTCR', 'ST-NOR', 'G', '15'),
('TT-005-CTCR', 'ST-NOR', 'G', '16'),
('TT-005-CTCR', 'ST-NOR', 'G', '17'),
('TT-005-CTCR', 'ST-NOR', 'G', '2'),
('TT-005-CTCR', 'ST-NOR', 'G', '3'),
('TT-005-CTCR', 'ST-NOR', 'G', '4'),
('TT-005-CTCR', 'ST-NOR', 'G', '5'),
('TT-005-CTCR', 'ST-NOR', 'G', '6'),
('TT-005-CTCR', 'ST-NOR', 'G', '7'),
('TT-005-CTCR', 'ST-NOR', 'G', '8'),
('TT-005-CTCR', 'ST-NOR', 'G', '9'),
('TT-005-CTCR', 'ST-NOR', 'H', '1'),
('TT-005-CTCR', 'ST-NOR', 'H', '10'),
('TT-005-CTCR', 'ST-NOR', 'H', '11'),
('TT-005-CTCR', 'ST-NOR', 'H', '12'),
('TT-005-CTCR', 'ST-NOR', 'H', '13'),
('TT-005-CTCR', 'ST-NOR', 'H', '14'),
('TT-005-CTCR', 'ST-NOR', 'H', '15'),
('TT-005-CTCR', 'ST-NOR', 'H', '16'),
('TT-005-CTCR', 'ST-NOR', 'H', '17'),
('TT-005-CTCR', 'ST-NOR', 'H', '2'),
('TT-005-CTCR', 'ST-NOR', 'H', '3'),
('TT-005-CTCR', 'ST-NOR', 'H', '4'),
('TT-005-CTCR', 'ST-NOR', 'H', '5'),
('TT-005-CTCR', 'ST-NOR', 'H', '6'),
('TT-005-CTCR', 'ST-NOR', 'H', '7'),
('TT-005-CTCR', 'ST-NOR', 'H', '8'),
('TT-005-CTCR', 'ST-NOR', 'H', '9'),
('TT-005-CTCR', 'ST-NOR', 'I', '1'),
('TT-005-CTCR', 'ST-NOR', 'I', '10'),
('TT-005-CTCR', 'ST-NOR', 'I', '11'),
('TT-005-CTCR', 'ST-NOR', 'I', '12'),
('TT-005-CTCR', 'ST-NOR', 'I', '13'),
('TT-005-CTCR', 'ST-NOR', 'I', '14'),
('TT-005-CTCR', 'ST-NOR', 'I', '15'),
('TT-005-CTCR', 'ST-NOR', 'I', '16'),
('TT-005-CTCR', 'ST-NOR', 'I', '17'),
('TT-005-CTCR', 'ST-NOR', 'I', '2'),
('TT-005-CTCR', 'ST-NOR', 'I', '3'),
('TT-005-CTCR', 'ST-NOR', 'I', '4'),
('TT-005-CTCR', 'ST-NOR', 'I', '5'),
('TT-005-CTCR', 'ST-NOR', 'I', '6'),
('TT-005-CTCR', 'ST-NOR', 'I', '7'),
('TT-005-CTCR', 'ST-NOR', 'I', '8'),
('TT-005-CTCR', 'ST-NOR', 'I', '9'),
('TT-005-CTCR', 'ST-NOR', 'J', '1'),
('TT-005-CTCR', 'ST-NOR', 'J', '10'),
('TT-005-CTCR', 'ST-NOR', 'J', '11'),
('TT-005-CTCR', 'ST-NOR', 'J', '12'),
('TT-005-CTCR', 'ST-NOR', 'J', '13'),
('TT-005-CTCR', 'ST-NOR', 'J', '14'),
('TT-005-CTCR', 'ST-NOR', 'J', '15'),
('TT-005-CTCR', 'ST-NOR', 'J', '16'),
('TT-005-CTCR', 'ST-NOR', 'J', '17'),
('TT-005-CTCR', 'ST-NOR', 'J', '2'),
('TT-005-CTCR', 'ST-NOR', 'J', '3'),
('TT-005-CTCR', 'ST-NOR', 'J', '4'),
('TT-005-CTCR', 'ST-NOR', 'J', '5'),
('TT-005-CTCR', 'ST-NOR', 'J', '6'),
('TT-005-CTCR', 'ST-NOR', 'J', '7'),
('TT-005-CTCR', 'ST-NOR', 'J', '8'),
('TT-005-CTCR', 'ST-NOR', 'J', '9'),
('TT-005-CTCR', 'ST-NOR', 'K', '1'),
('TT-005-CTCR', 'ST-NOR', 'K', '10'),
('TT-005-CTCR', 'ST-NOR', 'K', '11'),
('TT-005-CTCR', 'ST-NOR', 'K', '12'),
('TT-005-CTCR', 'ST-NOR', 'K', '13'),
('TT-005-CTCR', 'ST-NOR', 'K', '14'),
('TT-005-CTCR', 'ST-NOR', 'K', '15'),
('TT-005-CTCR', 'ST-NOR', 'K', '16'),
('TT-005-CTCR', 'ST-NOR', 'K', '17'),
('TT-005-CTCR', 'ST-NOR', 'K', '2'),
('TT-005-CTCR', 'ST-NOR', 'K', '3'),
('TT-005-CTCR', 'ST-NOR', 'K', '4'),
('TT-005-CTCR', 'ST-NOR', 'K', '5'),
('TT-005-CTCR', 'ST-NOR', 'K', '6'),
('TT-005-CTCR', 'ST-NOR', 'K', '7'),
('TT-005-CTCR', 'ST-NOR', 'K', '8'),
('TT-005-CTCR', 'ST-NOR', 'K', '9'),
('TT-005-CTCR', 'ST-NOR', 'L', '1'),
('TT-005-CTCR', 'ST-NOR', 'L', '10'),
('TT-005-CTCR', 'ST-NOR', 'L', '11'),
('TT-005-CTCR', 'ST-NOR', 'L', '12'),
('TT-005-CTCR', 'ST-NOR', 'L', '13'),
('TT-005-CTCR', 'ST-NOR', 'L', '14'),
('TT-005-CTCR', 'ST-NOR', 'L', '15'),
('TT-005-CTCR', 'ST-NOR', 'L', '16'),
('TT-005-CTCR', 'ST-NOR', 'L', '17'),
('TT-005-CTCR', 'ST-NOR', 'L', '2'),
('TT-005-CTCR', 'ST-NOR', 'L', '3'),
('TT-005-CTCR', 'ST-NOR', 'L', '4'),
('TT-005-CTCR', 'ST-NOR', 'L', '5'),
('TT-005-CTCR', 'ST-NOR', 'L', '6'),
('TT-005-CTCR', 'ST-NOR', 'L', '7'),
('TT-005-CTCR', 'ST-NOR', 'L', '8'),
('TT-005-CTCR', 'ST-NOR', 'L', '9'),
('TT-005-CTCR', 'ST-NOR', 'M', '1'),
('TT-005-CTCR', 'ST-NOR', 'M', '10'),
('TT-005-CTCR', 'ST-NOR', 'M', '11'),
('TT-005-CTCR', 'ST-NOR', 'M', '12'),
('TT-005-CTCR', 'ST-NOR', 'M', '13'),
('TT-005-CTCR', 'ST-NOR', 'M', '14'),
('TT-005-CTCR', 'ST-NOR', 'M', '15'),
('TT-005-CTCR', 'ST-NOR', 'M', '16'),
('TT-005-CTCR', 'ST-NOR', 'M', '17'),
('TT-005-CTCR', 'ST-NOR', 'M', '2'),
('TT-005-CTCR', 'ST-NOR', 'M', '3'),
('TT-005-CTCR', 'ST-NOR', 'M', '4'),
('TT-005-CTCR', 'ST-NOR', 'M', '5'),
('TT-005-CTCR', 'ST-NOR', 'M', '6'),
('TT-005-CTCR', 'ST-NOR', 'M', '7'),
('TT-005-CTCR', 'ST-NOR', 'M', '8'),
('TT-005-CTCR', 'ST-NOR', 'M', '9'),
('TT-005-CTCR', 'ST-OPR', 'VP', '1'),
('TT-005-CTCR', 'ST-OPR', 'VP', '10'),
('TT-005-CTCR', 'ST-OPR', 'VP', '2'),
('TT-005-CTCR', 'ST-OPR', 'VP', '3'),
('TT-005-CTCR', 'ST-OPR', 'VP', '4'),
('TT-005-CTCR', 'ST-OPR', 'VP', '5'),
('TT-005-CTCR', 'ST-OPR', 'VP', '6'),
('TT-005-CTCR', 'ST-OPR', 'VP', '7'),
('TT-005-CTCR', 'ST-OPR', 'VP', '8'),
('TT-005-CTCR', 'ST-OPR', 'VP', '9'),
('TT-005-MEGA', 'ST-HNY', 'A', '1'),
('TT-005-MEGA', 'ST-HNY', 'A', '10'),
('TT-005-MEGA', 'ST-HNY', 'A', '11'),
('TT-005-MEGA', 'ST-HNY', 'A', '12'),
('TT-005-MEGA', 'ST-HNY', 'A', '13'),
('TT-005-MEGA', 'ST-HNY', 'A', '14'),
('TT-005-MEGA', 'ST-HNY', 'A', '15'),
('TT-005-MEGA', 'ST-HNY', 'A', '16'),
('TT-005-MEGA', 'ST-HNY', 'A', '2'),
('TT-005-MEGA', 'ST-HNY', 'A', '3'),
('TT-005-MEGA', 'ST-HNY', 'A', '4'),
('TT-005-MEGA', 'ST-HNY', 'A', '5'),
('TT-005-MEGA', 'ST-HNY', 'A', '6'),
('TT-005-MEGA', 'ST-HNY', 'A', '7'),
('TT-005-MEGA', 'ST-HNY', 'A', '8'),
('TT-005-MEGA', 'ST-HNY', 'A', '9'),
('TT-005-MEGA', 'ST-HNY', 'B', '1'),
('TT-005-MEGA', 'ST-HNY', 'B', '10'),
('TT-005-MEGA', 'ST-HNY', 'B', '11'),
('TT-005-MEGA', 'ST-HNY', 'B', '12'),
('TT-005-MEGA', 'ST-HNY', 'B', '13'),
('TT-005-MEGA', 'ST-HNY', 'B', '14'),
('TT-005-MEGA', 'ST-HNY', 'B', '15'),
('TT-005-MEGA', 'ST-HNY', 'B', '16'),
('TT-005-MEGA', 'ST-HNY', 'B', '2'),
('TT-005-MEGA', 'ST-HNY', 'B', '3'),
('TT-005-MEGA', 'ST-HNY', 'B', '4'),
('TT-005-MEGA', 'ST-HNY', 'B', '5'),
('TT-005-MEGA', 'ST-HNY', 'B', '6'),
('TT-005-MEGA', 'ST-HNY', 'B', '7'),
('TT-005-MEGA', 'ST-HNY', 'B', '8'),
('TT-005-MEGA', 'ST-HNY', 'B', '9'),
('TT-005-MEGA', 'ST-HNY', 'C', '1'),
('TT-005-MEGA', 'ST-HNY', 'C', '10'),
('TT-005-MEGA', 'ST-HNY', 'C', '11'),
('TT-005-MEGA', 'ST-HNY', 'C', '12'),
('TT-005-MEGA', 'ST-HNY', 'C', '13'),
('TT-005-MEGA', 'ST-HNY', 'C', '14'),
('TT-005-MEGA', 'ST-HNY', 'C', '15'),
('TT-005-MEGA', 'ST-HNY', 'C', '16'),
('TT-005-MEGA', 'ST-HNY', 'C', '2'),
('TT-005-MEGA', 'ST-HNY', 'C', '3'),
('TT-005-MEGA', 'ST-HNY', 'C', '4'),
('TT-005-MEGA', 'ST-HNY', 'C', '5'),
('TT-005-MEGA', 'ST-HNY', 'C', '6'),
('TT-005-MEGA', 'ST-HNY', 'C', '7'),
('TT-005-MEGA', 'ST-HNY', 'C', '8'),
('TT-005-MEGA', 'ST-HNY', 'C', '9'),
('TT-005-MEGA', 'ST-NOR', 'D', '1'),
('TT-005-MEGA', 'ST-NOR', 'D', '10'),
('TT-005-MEGA', 'ST-NOR', 'D', '11'),
('TT-005-MEGA', 'ST-NOR', 'D', '12'),
('TT-005-MEGA', 'ST-NOR', 'D', '13'),
('TT-005-MEGA', 'ST-NOR', 'D', '14'),
('TT-005-MEGA', 'ST-NOR', 'D', '15'),
('TT-005-MEGA', 'ST-NOR', 'D', '16'),
('TT-005-MEGA', 'ST-NOR', 'D', '2'),
('TT-005-MEGA', 'ST-NOR', 'D', '3'),
('TT-005-MEGA', 'ST-NOR', 'D', '4'),
('TT-005-MEGA', 'ST-NOR', 'D', '5'),
('TT-005-MEGA', 'ST-NOR', 'D', '6'),
('TT-005-MEGA', 'ST-NOR', 'D', '7'),
('TT-005-MEGA', 'ST-NOR', 'D', '8'),
('TT-005-MEGA', 'ST-NOR', 'D', '9'),
('TT-005-MEGA', 'ST-NOR', 'E', '1'),
('TT-005-MEGA', 'ST-NOR', 'E', '10'),
('TT-005-MEGA', 'ST-NOR', 'E', '11'),
('TT-005-MEGA', 'ST-NOR', 'E', '12'),
('TT-005-MEGA', 'ST-NOR', 'E', '13'),
('TT-005-MEGA', 'ST-NOR', 'E', '14'),
('TT-005-MEGA', 'ST-NOR', 'E', '15'),
('TT-005-MEGA', 'ST-NOR', 'E', '16'),
('TT-005-MEGA', 'ST-NOR', 'E', '2'),
('TT-005-MEGA', 'ST-NOR', 'E', '3'),
('TT-005-MEGA', 'ST-NOR', 'E', '4'),
('TT-005-MEGA', 'ST-NOR', 'E', '5'),
('TT-005-MEGA', 'ST-NOR', 'E', '6'),
('TT-005-MEGA', 'ST-NOR', 'E', '7'),
('TT-005-MEGA', 'ST-NOR', 'E', '8'),
('TT-005-MEGA', 'ST-NOR', 'E', '9'),
('TT-005-MEGA', 'ST-NOR', 'F', '1'),
('TT-005-MEGA', 'ST-NOR', 'F', '10'),
('TT-005-MEGA', 'ST-NOR', 'F', '11'),
('TT-005-MEGA', 'ST-NOR', 'F', '12'),
('TT-005-MEGA', 'ST-NOR', 'F', '13'),
('TT-005-MEGA', 'ST-NOR', 'F', '14'),
('TT-005-MEGA', 'ST-NOR', 'F', '15'),
('TT-005-MEGA', 'ST-NOR', 'F', '16'),
('TT-005-MEGA', 'ST-NOR', 'F', '2'),
('TT-005-MEGA', 'ST-NOR', 'F', '3'),
('TT-005-MEGA', 'ST-NOR', 'F', '4'),
('TT-005-MEGA', 'ST-NOR', 'F', '5'),
('TT-005-MEGA', 'ST-NOR', 'F', '6'),
('TT-005-MEGA', 'ST-NOR', 'F', '7'),
('TT-005-MEGA', 'ST-NOR', 'F', '8'),
('TT-005-MEGA', 'ST-NOR', 'F', '9'),
('TT-005-MEGA', 'ST-NOR', 'G', '1'),
('TT-005-MEGA', 'ST-NOR', 'G', '10'),
('TT-005-MEGA', 'ST-NOR', 'G', '11'),
('TT-005-MEGA', 'ST-NOR', 'G', '12'),
('TT-005-MEGA', 'ST-NOR', 'G', '13'),
('TT-005-MEGA', 'ST-NOR', 'G', '14'),
('TT-005-MEGA', 'ST-NOR', 'G', '15'),
('TT-005-MEGA', 'ST-NOR', 'G', '16'),
('TT-005-MEGA', 'ST-NOR', 'G', '2'),
('TT-005-MEGA', 'ST-NOR', 'G', '3'),
('TT-005-MEGA', 'ST-NOR', 'G', '4'),
('TT-005-MEGA', 'ST-NOR', 'G', '5'),
('TT-005-MEGA', 'ST-NOR', 'G', '6'),
('TT-005-MEGA', 'ST-NOR', 'G', '7'),
('TT-005-MEGA', 'ST-NOR', 'G', '8'),
('TT-005-MEGA', 'ST-NOR', 'G', '9'),
('TT-005-MJSK', 'ST-HNY', 'A', '1'),
('TT-005-MJSK', 'ST-HNY', 'A', '2'),
('TT-005-MJSK', 'ST-HNY', 'A', '3'),
('TT-005-MJSK', 'ST-HNY', 'A', '4'),
('TT-005-MJSK', 'ST-HNY', 'A', '5'),
('TT-005-MJSK', 'ST-HNY', 'A', '6'),
('TT-005-MJSK', 'ST-HNY', 'B', '1'),
('TT-005-MJSK', 'ST-HNY', 'B', '10'),
('TT-005-MJSK', 'ST-HNY', 'B', '11'),
('TT-005-MJSK', 'ST-HNY', 'B', '12'),
('TT-005-MJSK', 'ST-HNY', 'B', '13'),
('TT-005-MJSK', 'ST-HNY', 'B', '14'),
('TT-005-MJSK', 'ST-HNY', 'B', '15'),
('TT-005-MJSK', 'ST-HNY', 'B', '2'),
('TT-005-MJSK', 'ST-HNY', 'B', '3'),
('TT-005-MJSK', 'ST-HNY', 'B', '4'),
('TT-005-MJSK', 'ST-HNY', 'B', '5'),
('TT-005-MJSK', 'ST-HNY', 'B', '6'),
('TT-005-MJSK', 'ST-HNY', 'B', '7'),
('TT-005-MJSK', 'ST-HNY', 'B', '8'),
('TT-005-MJSK', 'ST-HNY', 'B', '9'),
('TT-005-MJSK', 'ST-HNY', 'C', '1'),
('TT-005-MJSK', 'ST-HNY', 'C', '10'),
('TT-005-MJSK', 'ST-HNY', 'C', '11'),
('TT-005-MJSK', 'ST-HNY', 'C', '12'),
('TT-005-MJSK', 'ST-HNY', 'C', '13'),
('TT-005-MJSK', 'ST-HNY', 'C', '14'),
('TT-005-MJSK', 'ST-HNY', 'C', '15'),
('TT-005-MJSK', 'ST-HNY', 'C', '2'),
('TT-005-MJSK', 'ST-HNY', 'C', '3'),
('TT-005-MJSK', 'ST-HNY', 'C', '4'),
('TT-005-MJSK', 'ST-HNY', 'C', '5'),
('TT-005-MJSK', 'ST-HNY', 'C', '6'),
('TT-005-MJSK', 'ST-HNY', 'C', '7'),
('TT-005-MJSK', 'ST-HNY', 'C', '8'),
('TT-005-MJSK', 'ST-HNY', 'C', '9'),
('TT-005-MJSK', 'ST-NOR', 'D', '1'),
('TT-005-MJSK', 'ST-NOR', 'D', '10'),
('TT-005-MJSK', 'ST-NOR', 'D', '11'),
('TT-005-MJSK', 'ST-NOR', 'D', '12'),
('TT-005-MJSK', 'ST-NOR', 'D', '13'),
('TT-005-MJSK', 'ST-NOR', 'D', '14'),
('TT-005-MJSK', 'ST-NOR', 'D', '15'),
('TT-005-MJSK', 'ST-NOR', 'D', '2'),
('TT-005-MJSK', 'ST-NOR', 'D', '3'),
('TT-005-MJSK', 'ST-NOR', 'D', '4'),
('TT-005-MJSK', 'ST-NOR', 'D', '5'),
('TT-005-MJSK', 'ST-NOR', 'D', '6'),
('TT-005-MJSK', 'ST-NOR', 'D', '7'),
('TT-005-MJSK', 'ST-NOR', 'D', '8'),
('TT-005-MJSK', 'ST-NOR', 'D', '9'),
('TT-005-MJSK', 'ST-NOR', 'E', '1'),
('TT-005-MJSK', 'ST-NOR', 'E', '10'),
('TT-005-MJSK', 'ST-NOR', 'E', '11'),
('TT-005-MJSK', 'ST-NOR', 'E', '12'),
('TT-005-MJSK', 'ST-NOR', 'E', '13'),
('TT-005-MJSK', 'ST-NOR', 'E', '14'),
('TT-005-MJSK', 'ST-NOR', 'E', '15'),
('TT-005-MJSK', 'ST-NOR', 'E', '2'),
('TT-005-MJSK', 'ST-NOR', 'E', '3'),
('TT-005-MJSK', 'ST-NOR', 'E', '4'),
('TT-005-MJSK', 'ST-NOR', 'E', '5'),
('TT-005-MJSK', 'ST-NOR', 'E', '6'),
('TT-005-MJSK', 'ST-NOR', 'E', '7'),
('TT-005-MJSK', 'ST-NOR', 'E', '8'),
('TT-005-MJSK', 'ST-NOR', 'E', '9'),
('TT-005-MJSK', 'ST-NOR', 'F', '1'),
('TT-005-MJSK', 'ST-NOR', 'F', '10'),
('TT-005-MJSK', 'ST-NOR', 'F', '11'),
('TT-005-MJSK', 'ST-NOR', 'F', '12'),
('TT-005-MJSK', 'ST-NOR', 'F', '13'),
('TT-005-MJSK', 'ST-NOR', 'F', '14'),
('TT-005-MJSK', 'ST-NOR', 'F', '15'),
('TT-005-MJSK', 'ST-NOR', 'F', '2'),
('TT-005-MJSK', 'ST-NOR', 'F', '3'),
('TT-005-MJSK', 'ST-NOR', 'F', '4'),
('TT-005-MJSK', 'ST-NOR', 'F', '5'),
('TT-005-MJSK', 'ST-NOR', 'F', '6'),
('TT-005-MJSK', 'ST-NOR', 'F', '7'),
('TT-005-MJSK', 'ST-NOR', 'F', '8'),
('TT-005-MJSK', 'ST-NOR', 'F', '9'),
('TT-005-MJSK', 'ST-NOR', 'G', '1'),
('TT-005-MJSK', 'ST-NOR', 'G', '10'),
('TT-005-MJSK', 'ST-NOR', 'G', '11'),
('TT-005-MJSK', 'ST-NOR', 'G', '12'),
('TT-005-MJSK', 'ST-NOR', 'G', '13'),
('TT-005-MJSK', 'ST-NOR', 'G', '14'),
('TT-005-MJSK', 'ST-NOR', 'G', '15'),
('TT-005-MJSK', 'ST-NOR', 'G', '2'),
('TT-005-MJSK', 'ST-NOR', 'G', '3'),
('TT-005-MJSK', 'ST-NOR', 'G', '4'),
('TT-005-MJSK', 'ST-NOR', 'G', '5'),
('TT-005-MJSK', 'ST-NOR', 'G', '6'),
('TT-005-MJSK', 'ST-NOR', 'G', '7'),
('TT-005-MJSK', 'ST-NOR', 'G', '8'),
('TT-005-MJSK', 'ST-NOR', 'G', '9'),
('TT-005-MJSK', 'ST-NOR', 'H', '1'),
('TT-005-MJSK', 'ST-NOR', 'H', '10'),
('TT-005-MJSK', 'ST-NOR', 'H', '11'),
('TT-005-MJSK', 'ST-NOR', 'H', '12'),
('TT-005-MJSK', 'ST-NOR', 'H', '13'),
('TT-005-MJSK', 'ST-NOR', 'H', '14'),
('TT-005-MJSK', 'ST-NOR', 'H', '15'),
('TT-005-MJSK', 'ST-NOR', 'H', '2'),
('TT-005-MJSK', 'ST-NOR', 'H', '3'),
('TT-005-MJSK', 'ST-NOR', 'H', '4'),
('TT-005-MJSK', 'ST-NOR', 'H', '5'),
('TT-005-MJSK', 'ST-NOR', 'H', '6'),
('TT-005-MJSK', 'ST-NOR', 'H', '7'),
('TT-005-MJSK', 'ST-NOR', 'H', '8'),
('TT-005-MJSK', 'ST-NOR', 'H', '9'),
('TT-005-MJSK', 'ST-NOR', 'I', '1'),
('TT-005-MJSK', 'ST-NOR', 'I', '10'),
('TT-005-MJSK', 'ST-NOR', 'I', '11'),
('TT-005-MJSK', 'ST-NOR', 'I', '12'),
('TT-005-MJSK', 'ST-NOR', 'I', '13'),
('TT-005-MJSK', 'ST-NOR', 'I', '14'),
('TT-005-MJSK', 'ST-NOR', 'I', '15'),
('TT-005-MJSK', 'ST-NOR', 'I', '2'),
('TT-005-MJSK', 'ST-NOR', 'I', '3'),
('TT-005-MJSK', 'ST-NOR', 'I', '4'),
('TT-005-MJSK', 'ST-NOR', 'I', '5'),
('TT-005-MJSK', 'ST-NOR', 'I', '6'),
('TT-005-MJSK', 'ST-NOR', 'I', '7'),
('TT-005-MJSK', 'ST-NOR', 'I', '8'),
('TT-005-MJSK', 'ST-NOR', 'I', '9'),
('TT-005-MJSK', 'ST-NOR', 'J', '1'),
('TT-005-MJSK', 'ST-NOR', 'J', '10'),
('TT-005-MJSK', 'ST-NOR', 'J', '11'),
('TT-005-MJSK', 'ST-NOR', 'J', '12'),
('TT-005-MJSK', 'ST-NOR', 'J', '13'),
('TT-005-MJSK', 'ST-NOR', 'J', '14'),
('TT-005-MJSK', 'ST-NOR', 'J', '15'),
('TT-005-MJSK', 'ST-NOR', 'J', '2'),
('TT-005-MJSK', 'ST-NOR', 'J', '3'),
('TT-005-MJSK', 'ST-NOR', 'J', '4'),
('TT-005-MJSK', 'ST-NOR', 'J', '5'),
('TT-005-MJSK', 'ST-NOR', 'J', '6'),
('TT-005-MJSK', 'ST-NOR', 'J', '7'),
('TT-005-MJSK', 'ST-NOR', 'J', '8'),
('TT-005-MJSK', 'ST-NOR', 'J', '9'),
('TT-005-QTCA', 'ST-NOR', 'D', '1'),
('TT-005-QTCA', 'ST-NOR', 'D', '10'),
('TT-005-QTCA', 'ST-NOR', 'D', '11'),
('TT-005-QTCA', 'ST-NOR', 'D', '12'),
('TT-005-QTCA', 'ST-NOR', 'D', '13'),
('TT-005-QTCA', 'ST-NOR', 'D', '14'),
('TT-005-QTCA', 'ST-NOR', 'D', '15'),
('TT-005-QTCA', 'ST-NOR', 'D', '16'),
('TT-005-QTCA', 'ST-NOR', 'D', '17'),
('TT-005-QTCA', 'ST-NOR', 'D', '18'),
('TT-005-QTCA', 'ST-NOR', 'D', '2'),
('TT-005-QTCA', 'ST-NOR', 'D', '3'),
('TT-005-QTCA', 'ST-NOR', 'D', '4'),
('TT-005-QTCA', 'ST-NOR', 'D', '5'),
('TT-005-QTCA', 'ST-NOR', 'D', '6'),
('TT-005-QTCA', 'ST-NOR', 'D', '7'),
('TT-005-QTCA', 'ST-NOR', 'D', '8'),
('TT-005-QTCA', 'ST-NOR', 'D', '9'),
('TT-005-QTCA', 'ST-NOR', 'E', '1'),
('TT-005-QTCA', 'ST-NOR', 'E', '10'),
('TT-005-QTCA', 'ST-NOR', 'E', '11'),
('TT-005-QTCA', 'ST-NOR', 'E', '12'),
('TT-005-QTCA', 'ST-NOR', 'E', '13'),
('TT-005-QTCA', 'ST-NOR', 'E', '14'),
('TT-005-QTCA', 'ST-NOR', 'E', '15'),
('TT-005-QTCA', 'ST-NOR', 'E', '16'),
('TT-005-QTCA', 'ST-NOR', 'E', '17'),
('TT-005-QTCA', 'ST-NOR', 'E', '18'),
('TT-005-QTCA', 'ST-NOR', 'E', '2'),
('TT-005-QTCA', 'ST-NOR', 'E', '3'),
('TT-005-QTCA', 'ST-NOR', 'E', '4'),
('TT-005-QTCA', 'ST-NOR', 'E', '5'),
('TT-005-QTCA', 'ST-NOR', 'E', '6'),
('TT-005-QTCA', 'ST-NOR', 'E', '7'),
('TT-005-QTCA', 'ST-NOR', 'E', '8'),
('TT-005-QTCA', 'ST-NOR', 'E', '9'),
('TT-005-QTCA', 'ST-NOR', 'F', '1'),
('TT-005-QTCA', 'ST-NOR', 'F', '10'),
('TT-005-QTCA', 'ST-NOR', 'F', '11'),
('TT-005-QTCA', 'ST-NOR', 'F', '12'),
('TT-005-QTCA', 'ST-NOR', 'F', '13'),
('TT-005-QTCA', 'ST-NOR', 'F', '14'),
('TT-005-QTCA', 'ST-NOR', 'F', '15'),
('TT-005-QTCA', 'ST-NOR', 'F', '16'),
('TT-005-QTCA', 'ST-NOR', 'F', '17'),
('TT-005-QTCA', 'ST-NOR', 'F', '18'),
('TT-005-QTCA', 'ST-NOR', 'F', '2'),
('TT-005-QTCA', 'ST-NOR', 'F', '3'),
('TT-005-QTCA', 'ST-NOR', 'F', '4'),
('TT-005-QTCA', 'ST-NOR', 'F', '5'),
('TT-005-QTCA', 'ST-NOR', 'F', '6'),
('TT-005-QTCA', 'ST-NOR', 'F', '7'),
('TT-005-QTCA', 'ST-NOR', 'F', '8'),
('TT-005-QTCA', 'ST-NOR', 'F', '9'),
('TT-005-QTCA', 'ST-NOR', 'G', '1'),
('TT-005-QTCA', 'ST-NOR', 'G', '10'),
('TT-005-QTCA', 'ST-NOR', 'G', '11'),
('TT-005-QTCA', 'ST-NOR', 'G', '12'),
('TT-005-QTCA', 'ST-NOR', 'G', '13'),
('TT-005-QTCA', 'ST-NOR', 'G', '14'),
('TT-005-QTCA', 'ST-NOR', 'G', '15'),
('TT-005-QTCA', 'ST-NOR', 'G', '16'),
('TT-005-QTCA', 'ST-NOR', 'G', '17'),
('TT-005-QTCA', 'ST-NOR', 'G', '18'),
('TT-005-QTCA', 'ST-NOR', 'G', '2'),
('TT-005-QTCA', 'ST-NOR', 'G', '3'),
('TT-005-QTCA', 'ST-NOR', 'G', '4'),
('TT-005-QTCA', 'ST-NOR', 'G', '5'),
('TT-005-QTCA', 'ST-NOR', 'G', '6'),
('TT-005-QTCA', 'ST-NOR', 'G', '7'),
('TT-005-QTCA', 'ST-NOR', 'G', '8'),
('TT-005-QTCA', 'ST-NOR', 'G', '9'),
('TT-005-QTCA', 'ST-NOR', 'H', '1'),
('TT-005-QTCA', 'ST-NOR', 'H', '10'),
('TT-005-QTCA', 'ST-NOR', 'H', '11'),
('TT-005-QTCA', 'ST-NOR', 'H', '12'),
('TT-005-QTCA', 'ST-NOR', 'H', '13'),
('TT-005-QTCA', 'ST-NOR', 'H', '14'),
('TT-005-QTCA', 'ST-NOR', 'H', '15'),
('TT-005-QTCA', 'ST-NOR', 'H', '16'),
('TT-005-QTCA', 'ST-NOR', 'H', '17'),
('TT-005-QTCA', 'ST-NOR', 'H', '18'),
('TT-005-QTCA', 'ST-NOR', 'H', '2'),
('TT-005-QTCA', 'ST-NOR', 'H', '3'),
('TT-005-QTCA', 'ST-NOR', 'H', '4'),
('TT-005-QTCA', 'ST-NOR', 'H', '5'),
('TT-005-QTCA', 'ST-NOR', 'H', '6'),
('TT-005-QTCA', 'ST-NOR', 'H', '7'),
('TT-005-QTCA', 'ST-NOR', 'H', '8'),
('TT-005-QTCA', 'ST-NOR', 'H', '9'),
('TT-005-QTCA', 'ST-NOR', 'I', '1'),
('TT-005-QTCA', 'ST-NOR', 'I', '10'),
('TT-005-QTCA', 'ST-NOR', 'I', '11'),
('TT-005-QTCA', 'ST-NOR', 'I', '12'),
('TT-005-QTCA', 'ST-NOR', 'I', '13'),
('TT-005-QTCA', 'ST-NOR', 'I', '14'),
('TT-005-QTCA', 'ST-NOR', 'I', '15'),
('TT-005-QTCA', 'ST-NOR', 'I', '16'),
('TT-005-QTCA', 'ST-NOR', 'I', '17'),
('TT-005-QTCA', 'ST-NOR', 'I', '18'),
('TT-005-QTCA', 'ST-NOR', 'I', '2'),
('TT-005-QTCA', 'ST-NOR', 'I', '3'),
('TT-005-QTCA', 'ST-NOR', 'I', '4'),
('TT-005-QTCA', 'ST-NOR', 'I', '5'),
('TT-005-QTCA', 'ST-NOR', 'I', '6'),
('TT-005-QTCA', 'ST-NOR', 'I', '7'),
('TT-005-QTCA', 'ST-NOR', 'I', '8'),
('TT-005-QTCA', 'ST-NOR', 'I', '9'),
('TT-005-QTCA', 'ST-NOR', 'J', '1'),
('TT-005-QTCA', 'ST-NOR', 'J', '10'),
('TT-005-QTCA', 'ST-NOR', 'J', '11'),
('TT-005-QTCA', 'ST-NOR', 'J', '12'),
('TT-005-QTCA', 'ST-NOR', 'J', '13'),
('TT-005-QTCA', 'ST-NOR', 'J', '14'),
('TT-005-QTCA', 'ST-NOR', 'J', '15'),
('TT-005-QTCA', 'ST-NOR', 'J', '16'),
('TT-005-QTCA', 'ST-NOR', 'J', '17'),
('TT-005-QTCA', 'ST-NOR', 'J', '18'),
('TT-005-QTCA', 'ST-NOR', 'J', '2'),
('TT-005-QTCA', 'ST-NOR', 'J', '3'),
('TT-005-QTCA', 'ST-NOR', 'J', '4'),
('TT-005-QTCA', 'ST-NOR', 'J', '5'),
('TT-005-QTCA', 'ST-NOR', 'J', '6'),
('TT-005-QTCA', 'ST-NOR', 'J', '7'),
('TT-005-QTCA', 'ST-NOR', 'J', '8'),
('TT-005-QTCA', 'ST-NOR', 'J', '9'),
('TT-005-QTCA', 'ST-NOR', 'K', '1'),
('TT-005-QTCA', 'ST-NOR', 'K', '10'),
('TT-005-QTCA', 'ST-NOR', 'K', '11'),
('TT-005-QTCA', 'ST-NOR', 'K', '12'),
('TT-005-QTCA', 'ST-NOR', 'K', '13'),
('TT-005-QTCA', 'ST-NOR', 'K', '14'),
('TT-005-QTCA', 'ST-NOR', 'K', '15'),
('TT-005-QTCA', 'ST-NOR', 'K', '16'),
('TT-005-QTCA', 'ST-NOR', 'K', '17'),
('TT-005-QTCA', 'ST-NOR', 'K', '18'),
('TT-005-QTCA', 'ST-NOR', 'K', '2'),
('TT-005-QTCA', 'ST-NOR', 'K', '3'),
('TT-005-QTCA', 'ST-NOR', 'K', '4'),
('TT-005-QTCA', 'ST-NOR', 'K', '5'),
('TT-005-QTCA', 'ST-NOR', 'K', '6'),
('TT-005-QTCA', 'ST-NOR', 'K', '7'),
('TT-005-QTCA', 'ST-NOR', 'K', '8'),
('TT-005-QTCA', 'ST-NOR', 'K', '9'),
('TT-005-QTCA', 'ST-NOR', 'L', '1'),
('TT-005-QTCA', 'ST-NOR', 'L', '10'),
('TT-005-QTCA', 'ST-NOR', 'L', '11'),
('TT-005-QTCA', 'ST-NOR', 'L', '12'),
('TT-005-QTCA', 'ST-NOR', 'L', '13'),
('TT-005-QTCA', 'ST-NOR', 'L', '14'),
('TT-005-QTCA', 'ST-NOR', 'L', '15'),
('TT-005-QTCA', 'ST-NOR', 'L', '16'),
('TT-005-QTCA', 'ST-NOR', 'L', '17'),
('TT-005-QTCA', 'ST-NOR', 'L', '18'),
('TT-005-QTCA', 'ST-NOR', 'L', '2'),
('TT-005-QTCA', 'ST-NOR', 'L', '3'),
('TT-005-QTCA', 'ST-NOR', 'L', '4'),
('TT-005-QTCA', 'ST-NOR', 'L', '5'),
('TT-005-QTCA', 'ST-NOR', 'L', '6'),
('TT-005-QTCA', 'ST-NOR', 'L', '7'),
('TT-005-QTCA', 'ST-NOR', 'L', '8'),
('TT-005-QTCA', 'ST-NOR', 'L', '9'),
('TT-005-QTCA', 'ST-NOR', 'M', '1'),
('TT-005-QTCA', 'ST-NOR', 'M', '10'),
('TT-005-QTCA', 'ST-NOR', 'M', '11'),
('TT-005-QTCA', 'ST-NOR', 'M', '12'),
('TT-005-QTCA', 'ST-NOR', 'M', '13'),
('TT-005-QTCA', 'ST-NOR', 'M', '14'),
('TT-005-QTCA', 'ST-NOR', 'M', '2'),
('TT-005-QTCA', 'ST-NOR', 'M', '3'),
('TT-005-QTCA', 'ST-NOR', 'M', '4'),
('TT-005-QTCA', 'ST-NOR', 'M', '5'),
('TT-005-QTCA', 'ST-NOR', 'M', '6'),
('TT-005-QTCA', 'ST-NOR', 'M', '7'),
('TT-005-QTCA', 'ST-NOR', 'M', '8'),
('TT-005-QTCA', 'ST-NOR', 'M', '9'),
('TT-005-QTCA', 'ST-OPR', 'VP', '1'),
('TT-005-QTCA', 'ST-OPR', 'VP', '2'),
('TT-005-QTCA', 'ST-OPR', 'VP', '3'),
('TT-005-QTCA', 'ST-OPR', 'VP', '4'),
('TT-005-QTCA', 'ST-OPR', 'VP', '5'),
('TT-005-QTCA', 'ST-OPR', 'VP', '6'),
('TT-005-QTCA', 'ST-OPR', 'VP', '7'),
('TT-005-QTCA', 'ST-OPR', 'VP', '8'),
('TT-005-QTCA', 'ST-PRV', 'A', '1'),
('TT-005-QTCA', 'ST-PRV', 'A', '2'),
('TT-005-QTCA', 'ST-PRV', 'A', '3'),
('TT-005-QTCA', 'ST-PRV', 'A', '4'),
('TT-005-QTCA', 'ST-PRV', 'A', '5'),
('TT-005-QTCA', 'ST-PRV', 'A', '6'),
('TT-005-QTCA', 'ST-PRV', 'A', '7'),
('TT-005-QTCA', 'ST-PRV', 'A', '8'),
('TT-005-QTCA', 'ST-PRV', 'A', '9'),
('TT-005-QTCA', 'ST-PRV', 'B', '1'),
('TT-005-QTCA', 'ST-PRV', 'B', '2'),
('TT-005-QTCA', 'ST-PRV', 'B', '3'),
('TT-005-QTCA', 'ST-PRV', 'B', '4'),
('TT-005-QTCA', 'ST-PRV', 'B', '5'),
('TT-005-QTCA', 'ST-PRV', 'B', '6'),
('TT-005-QTCA', 'ST-PRV', 'B', '7'),
('TT-005-QTCA', 'ST-PRV', 'B', '8'),
('TT-005-QTCA', 'ST-PRV', 'B', '9'),
('TT-005-QTCA', 'ST-PRV', 'C', '1'),
('TT-005-QTCA', 'ST-PRV', 'C', '2'),
('TT-005-QTCA', 'ST-PRV', 'C', '3'),
('TT-005-QTCA', 'ST-PRV', 'C', '4'),
('TT-005-QTCA', 'ST-PRV', 'C', '5'),
('TT-005-QTCA', 'ST-PRV', 'C', '6'),
('TT-005-QTCA', 'ST-PRV', 'C', '7'),
('TT-005-QTCA', 'ST-PRV', 'C', '8'),
('TT-005-QTCA', 'ST-PRV', 'C', '9'),
('TT-006-CMAP', 'ST-HNY', 'A', '1'),
('TT-006-CMAP', 'ST-HNY', 'A', '10'),
('TT-006-CMAP', 'ST-HNY', 'A', '11'),
('TT-006-CMAP', 'ST-HNY', 'A', '12'),
('TT-006-CMAP', 'ST-HNY', 'A', '13'),
('TT-006-CMAP', 'ST-HNY', 'A', '14'),
('TT-006-CMAP', 'ST-HNY', 'A', '15'),
('TT-006-CMAP', 'ST-HNY', 'A', '16'),
('TT-006-CMAP', 'ST-HNY', 'A', '17'),
('TT-006-CMAP', 'ST-HNY', 'A', '18'),
('TT-006-CMAP', 'ST-HNY', 'A', '19'),
('TT-006-CMAP', 'ST-HNY', 'A', '2'),
('TT-006-CMAP', 'ST-HNY', 'A', '20'),
('TT-006-CMAP', 'ST-HNY', 'A', '21'),
('TT-006-CMAP', 'ST-HNY', 'A', '22'),
('TT-006-CMAP', 'ST-HNY', 'A', '23'),
('TT-006-CMAP', 'ST-HNY', 'A', '24'),
('TT-006-CMAP', 'ST-HNY', 'A', '25'),
('TT-006-CMAP', 'ST-HNY', 'A', '26'),
('TT-006-CMAP', 'ST-HNY', 'A', '3'),
('TT-006-CMAP', 'ST-HNY', 'A', '4'),
('TT-006-CMAP', 'ST-HNY', 'A', '5'),
('TT-006-CMAP', 'ST-HNY', 'A', '6'),
('TT-006-CMAP', 'ST-HNY', 'A', '7'),
('TT-006-CMAP', 'ST-HNY', 'A', '8'),
('TT-006-CMAP', 'ST-HNY', 'A', '9'),
('TT-006-CMAP', 'ST-HNY', 'B', '1'),
('TT-006-CMAP', 'ST-HNY', 'B', '10'),
('TT-006-CMAP', 'ST-HNY', 'B', '11'),
('TT-006-CMAP', 'ST-HNY', 'B', '12'),
('TT-006-CMAP', 'ST-HNY', 'B', '13'),
('TT-006-CMAP', 'ST-HNY', 'B', '14'),
('TT-006-CMAP', 'ST-HNY', 'B', '15'),
('TT-006-CMAP', 'ST-HNY', 'B', '16'),
('TT-006-CMAP', 'ST-HNY', 'B', '17'),
('TT-006-CMAP', 'ST-HNY', 'B', '18'),
('TT-006-CMAP', 'ST-HNY', 'B', '19'),
('TT-006-CMAP', 'ST-HNY', 'B', '2'),
('TT-006-CMAP', 'ST-HNY', 'B', '20'),
('TT-006-CMAP', 'ST-HNY', 'B', '21'),
('TT-006-CMAP', 'ST-HNY', 'B', '22'),
('TT-006-CMAP', 'ST-HNY', 'B', '23'),
('TT-006-CMAP', 'ST-HNY', 'B', '3'),
('TT-006-CMAP', 'ST-HNY', 'B', '4'),
('TT-006-CMAP', 'ST-HNY', 'B', '5'),
('TT-006-CMAP', 'ST-HNY', 'B', '6'),
('TT-006-CMAP', 'ST-HNY', 'B', '7'),
('TT-006-CMAP', 'ST-HNY', 'B', '8'),
('TT-006-CMAP', 'ST-HNY', 'B', '9'),
('TT-006-CMAP', 'ST-HNY', 'C', '1'),
('TT-006-CMAP', 'ST-HNY', 'C', '10'),
('TT-006-CMAP', 'ST-HNY', 'C', '11'),
('TT-006-CMAP', 'ST-HNY', 'C', '12'),
('TT-006-CMAP', 'ST-HNY', 'C', '13'),
('TT-006-CMAP', 'ST-HNY', 'C', '14'),
('TT-006-CMAP', 'ST-HNY', 'C', '15'),
('TT-006-CMAP', 'ST-HNY', 'C', '16'),
('TT-006-CMAP', 'ST-HNY', 'C', '17'),
('TT-006-CMAP', 'ST-HNY', 'C', '18'),
('TT-006-CMAP', 'ST-HNY', 'C', '19'),
('TT-006-CMAP', 'ST-HNY', 'C', '2'),
('TT-006-CMAP', 'ST-HNY', 'C', '20'),
('TT-006-CMAP', 'ST-HNY', 'C', '21'),
('TT-006-CMAP', 'ST-HNY', 'C', '22'),
('TT-006-CMAP', 'ST-HNY', 'C', '23'),
('TT-006-CMAP', 'ST-HNY', 'C', '3'),
('TT-006-CMAP', 'ST-HNY', 'C', '4'),
('TT-006-CMAP', 'ST-HNY', 'C', '5'),
('TT-006-CMAP', 'ST-HNY', 'C', '6'),
('TT-006-CMAP', 'ST-HNY', 'C', '7'),
('TT-006-CMAP', 'ST-HNY', 'C', '8'),
('TT-006-CMAP', 'ST-HNY', 'C', '9'),
('TT-006-CMAP', 'ST-NOR', 'D', '1'),
('TT-006-CMAP', 'ST-NOR', 'D', '10'),
('TT-006-CMAP', 'ST-NOR', 'D', '11'),
('TT-006-CMAP', 'ST-NOR', 'D', '12'),
('TT-006-CMAP', 'ST-NOR', 'D', '13'),
('TT-006-CMAP', 'ST-NOR', 'D', '14'),
('TT-006-CMAP', 'ST-NOR', 'D', '15'),
('TT-006-CMAP', 'ST-NOR', 'D', '16'),
('TT-006-CMAP', 'ST-NOR', 'D', '17'),
('TT-006-CMAP', 'ST-NOR', 'D', '18'),
('TT-006-CMAP', 'ST-NOR', 'D', '19'),
('TT-006-CMAP', 'ST-NOR', 'D', '2'),
('TT-006-CMAP', 'ST-NOR', 'D', '20'),
('TT-006-CMAP', 'ST-NOR', 'D', '21'),
('TT-006-CMAP', 'ST-NOR', 'D', '22'),
('TT-006-CMAP', 'ST-NOR', 'D', '23'),
('TT-006-CMAP', 'ST-NOR', 'D', '3'),
('TT-006-CMAP', 'ST-NOR', 'D', '4'),
('TT-006-CMAP', 'ST-NOR', 'D', '5'),
('TT-006-CMAP', 'ST-NOR', 'D', '6'),
('TT-006-CMAP', 'ST-NOR', 'D', '7'),
('TT-006-CMAP', 'ST-NOR', 'D', '8'),
('TT-006-CMAP', 'ST-NOR', 'D', '9'),
('TT-006-CMAP', 'ST-NOR', 'E', '1'),
('TT-006-CMAP', 'ST-NOR', 'E', '10'),
('TT-006-CMAP', 'ST-NOR', 'E', '11'),
('TT-006-CMAP', 'ST-NOR', 'E', '12'),
('TT-006-CMAP', 'ST-NOR', 'E', '13'),
('TT-006-CMAP', 'ST-NOR', 'E', '14'),
('TT-006-CMAP', 'ST-NOR', 'E', '15'),
('TT-006-CMAP', 'ST-NOR', 'E', '16'),
('TT-006-CMAP', 'ST-NOR', 'E', '17'),
('TT-006-CMAP', 'ST-NOR', 'E', '18'),
('TT-006-CMAP', 'ST-NOR', 'E', '19'),
('TT-006-CMAP', 'ST-NOR', 'E', '2'),
('TT-006-CMAP', 'ST-NOR', 'E', '20'),
('TT-006-CMAP', 'ST-NOR', 'E', '21'),
('TT-006-CMAP', 'ST-NOR', 'E', '22'),
('TT-006-CMAP', 'ST-NOR', 'E', '23'),
('TT-006-CMAP', 'ST-NOR', 'E', '3'),
('TT-006-CMAP', 'ST-NOR', 'E', '4'),
('TT-006-CMAP', 'ST-NOR', 'E', '5'),
('TT-006-CMAP', 'ST-NOR', 'E', '6'),
('TT-006-CMAP', 'ST-NOR', 'E', '7'),
('TT-006-CMAP', 'ST-NOR', 'E', '8'),
('TT-006-CMAP', 'ST-NOR', 'E', '9'),
('TT-006-CMAP', 'ST-NOR', 'F', '1'),
('TT-006-CMAP', 'ST-NOR', 'F', '10'),
('TT-006-CMAP', 'ST-NOR', 'F', '11'),
('TT-006-CMAP', 'ST-NOR', 'F', '12'),
('TT-006-CMAP', 'ST-NOR', 'F', '13'),
('TT-006-CMAP', 'ST-NOR', 'F', '14'),
('TT-006-CMAP', 'ST-NOR', 'F', '15'),
('TT-006-CMAP', 'ST-NOR', 'F', '16'),
('TT-006-CMAP', 'ST-NOR', 'F', '17'),
('TT-006-CMAP', 'ST-NOR', 'F', '18'),
('TT-006-CMAP', 'ST-NOR', 'F', '19'),
('TT-006-CMAP', 'ST-NOR', 'F', '2'),
('TT-006-CMAP', 'ST-NOR', 'F', '20'),
('TT-006-CMAP', 'ST-NOR', 'F', '21'),
('TT-006-CMAP', 'ST-NOR', 'F', '22'),
('TT-006-CMAP', 'ST-NOR', 'F', '23'),
('TT-006-CMAP', 'ST-NOR', 'F', '3'),
('TT-006-CMAP', 'ST-NOR', 'F', '4'),
('TT-006-CMAP', 'ST-NOR', 'F', '5'),
('TT-006-CMAP', 'ST-NOR', 'F', '6'),
('TT-006-CMAP', 'ST-NOR', 'F', '7'),
('TT-006-CMAP', 'ST-NOR', 'F', '8'),
('TT-006-CMAP', 'ST-NOR', 'F', '9'),
('TT-006-CMAP', 'ST-NOR', 'G', '1'),
('TT-006-CMAP', 'ST-NOR', 'G', '10'),
('TT-006-CMAP', 'ST-NOR', 'G', '11'),
('TT-006-CMAP', 'ST-NOR', 'G', '12'),
('TT-006-CMAP', 'ST-NOR', 'G', '13'),
('TT-006-CMAP', 'ST-NOR', 'G', '14'),
('TT-006-CMAP', 'ST-NOR', 'G', '15'),
('TT-006-CMAP', 'ST-NOR', 'G', '16'),
('TT-006-CMAP', 'ST-NOR', 'G', '17'),
('TT-006-CMAP', 'ST-NOR', 'G', '18'),
('TT-006-CMAP', 'ST-NOR', 'G', '19'),
('TT-006-CMAP', 'ST-NOR', 'G', '2'),
('TT-006-CMAP', 'ST-NOR', 'G', '20'),
('TT-006-CMAP', 'ST-NOR', 'G', '21'),
('TT-006-CMAP', 'ST-NOR', 'G', '22'),
('TT-006-CMAP', 'ST-NOR', 'G', '23'),
('TT-006-CMAP', 'ST-NOR', 'G', '3'),
('TT-006-CMAP', 'ST-NOR', 'G', '4'),
('TT-006-CMAP', 'ST-NOR', 'G', '5'),
('TT-006-CMAP', 'ST-NOR', 'G', '6'),
('TT-006-CMAP', 'ST-NOR', 'G', '7'),
('TT-006-CMAP', 'ST-NOR', 'G', '8'),
('TT-006-CMAP', 'ST-NOR', 'G', '9'),
('TT-006-CMAP', 'ST-NOR', 'H', '1'),
('TT-006-CMAP', 'ST-NOR', 'H', '10'),
('TT-006-CMAP', 'ST-NOR', 'H', '11'),
('TT-006-CMAP', 'ST-NOR', 'H', '12'),
('TT-006-CMAP', 'ST-NOR', 'H', '13'),
('TT-006-CMAP', 'ST-NOR', 'H', '14'),
('TT-006-CMAP', 'ST-NOR', 'H', '15'),
('TT-006-CMAP', 'ST-NOR', 'H', '16'),
('TT-006-CMAP', 'ST-NOR', 'H', '17'),
('TT-006-CMAP', 'ST-NOR', 'H', '18'),
('TT-006-CMAP', 'ST-NOR', 'H', '19'),
('TT-006-CMAP', 'ST-NOR', 'H', '2'),
('TT-006-CMAP', 'ST-NOR', 'H', '20'),
('TT-006-CMAP', 'ST-NOR', 'H', '21'),
('TT-006-CMAP', 'ST-NOR', 'H', '22'),
('TT-006-CMAP', 'ST-NOR', 'H', '23'),
('TT-006-CMAP', 'ST-NOR', 'H', '3'),
('TT-006-CMAP', 'ST-NOR', 'H', '4'),
('TT-006-CMAP', 'ST-NOR', 'H', '5'),
('TT-006-CMAP', 'ST-NOR', 'H', '6'),
('TT-006-CMAP', 'ST-NOR', 'H', '7'),
('TT-006-CMAP', 'ST-NOR', 'H', '8'),
('TT-006-CMAP', 'ST-NOR', 'H', '9'),
('TT-006-CMAP', 'ST-NOR', 'I', '1'),
('TT-006-CMAP', 'ST-NOR', 'I', '10'),
('TT-006-CMAP', 'ST-NOR', 'I', '11'),
('TT-006-CMAP', 'ST-NOR', 'I', '12'),
('TT-006-CMAP', 'ST-NOR', 'I', '13'),
('TT-006-CMAP', 'ST-NOR', 'I', '14'),
('TT-006-CMAP', 'ST-NOR', 'I', '15'),
('TT-006-CMAP', 'ST-NOR', 'I', '16'),
('TT-006-CMAP', 'ST-NOR', 'I', '17'),
('TT-006-CMAP', 'ST-NOR', 'I', '18'),
('TT-006-CMAP', 'ST-NOR', 'I', '19'),
('TT-006-CMAP', 'ST-NOR', 'I', '2'),
('TT-006-CMAP', 'ST-NOR', 'I', '20'),
('TT-006-CMAP', 'ST-NOR', 'I', '21'),
('TT-006-CMAP', 'ST-NOR', 'I', '22'),
('TT-006-CMAP', 'ST-NOR', 'I', '23'),
('TT-006-CMAP', 'ST-NOR', 'I', '3'),
('TT-006-CMAP', 'ST-NOR', 'I', '4'),
('TT-006-CMAP', 'ST-NOR', 'I', '5'),
('TT-006-CMAP', 'ST-NOR', 'I', '6'),
('TT-006-CMAP', 'ST-NOR', 'I', '7'),
('TT-006-CMAP', 'ST-NOR', 'I', '8'),
('TT-006-CMAP', 'ST-NOR', 'I', '9'),
('TT-006-CMAP', 'ST-NOR', 'J', '1'),
('TT-006-CMAP', 'ST-NOR', 'J', '10'),
('TT-006-CMAP', 'ST-NOR', 'J', '11'),
('TT-006-CMAP', 'ST-NOR', 'J', '12'),
('TT-006-CMAP', 'ST-NOR', 'J', '13'),
('TT-006-CMAP', 'ST-NOR', 'J', '14'),
('TT-006-CMAP', 'ST-NOR', 'J', '15'),
('TT-006-CMAP', 'ST-NOR', 'J', '16'),
('TT-006-CMAP', 'ST-NOR', 'J', '17'),
('TT-006-CMAP', 'ST-NOR', 'J', '18'),
('TT-006-CMAP', 'ST-NOR', 'J', '19'),
('TT-006-CMAP', 'ST-NOR', 'J', '2'),
('TT-006-CMAP', 'ST-NOR', 'J', '20'),
('TT-006-CMAP', 'ST-NOR', 'J', '21'),
('TT-006-CMAP', 'ST-NOR', 'J', '22'),
('TT-006-CMAP', 'ST-NOR', 'J', '23'),
('TT-006-CMAP', 'ST-NOR', 'J', '3'),
('TT-006-CMAP', 'ST-NOR', 'J', '4'),
('TT-006-CMAP', 'ST-NOR', 'J', '5'),
('TT-006-CMAP', 'ST-NOR', 'J', '6'),
('TT-006-CMAP', 'ST-NOR', 'J', '7'),
('TT-006-CMAP', 'ST-NOR', 'J', '8'),
('TT-006-CMAP', 'ST-NOR', 'J', '9'),
('TT-006-CMAP', 'ST-NOR', 'K', '1'),
('TT-006-CMAP', 'ST-NOR', 'K', '10'),
('TT-006-CMAP', 'ST-NOR', 'K', '11'),
('TT-006-CMAP', 'ST-NOR', 'K', '12'),
('TT-006-CMAP', 'ST-NOR', 'K', '13'),
('TT-006-CMAP', 'ST-NOR', 'K', '14'),
('TT-006-CMAP', 'ST-NOR', 'K', '15'),
('TT-006-CMAP', 'ST-NOR', 'K', '16'),
('TT-006-CMAP', 'ST-NOR', 'K', '17'),
('TT-006-CMAP', 'ST-NOR', 'K', '18'),
('TT-006-CMAP', 'ST-NOR', 'K', '19'),
('TT-006-CMAP', 'ST-NOR', 'K', '2'),
('TT-006-CMAP', 'ST-NOR', 'K', '20'),
('TT-006-CMAP', 'ST-NOR', 'K', '21'),
('TT-006-CMAP', 'ST-NOR', 'K', '22'),
('TT-006-CMAP', 'ST-NOR', 'K', '23'),
('TT-006-CMAP', 'ST-NOR', 'K', '3'),
('TT-006-CMAP', 'ST-NOR', 'K', '4'),
('TT-006-CMAP', 'ST-NOR', 'K', '5'),
('TT-006-CMAP', 'ST-NOR', 'K', '6'),
('TT-006-CMAP', 'ST-NOR', 'K', '7'),
('TT-006-CMAP', 'ST-NOR', 'K', '8'),
('TT-006-CMAP', 'ST-NOR', 'K', '9'),
('TT-006-CMAP', 'ST-NOR', 'L', '1'),
('TT-006-CMAP', 'ST-NOR', 'L', '10'),
('TT-006-CMAP', 'ST-NOR', 'L', '11'),
('TT-006-CMAP', 'ST-NOR', 'L', '12'),
('TT-006-CMAP', 'ST-NOR', 'L', '13'),
('TT-006-CMAP', 'ST-NOR', 'L', '14'),
('TT-006-CMAP', 'ST-NOR', 'L', '15'),
('TT-006-CMAP', 'ST-NOR', 'L', '16'),
('TT-006-CMAP', 'ST-NOR', 'L', '17'),
('TT-006-CMAP', 'ST-NOR', 'L', '18'),
('TT-006-CMAP', 'ST-NOR', 'L', '19'),
('TT-006-CMAP', 'ST-NOR', 'L', '2'),
('TT-006-CMAP', 'ST-NOR', 'L', '20'),
('TT-006-CMAP', 'ST-NOR', 'L', '21'),
('TT-006-CMAP', 'ST-NOR', 'L', '22'),
('TT-006-CMAP', 'ST-NOR', 'L', '23'),
('TT-006-CMAP', 'ST-NOR', 'L', '3'),
('TT-006-CMAP', 'ST-NOR', 'L', '4'),
('TT-006-CMAP', 'ST-NOR', 'L', '5'),
('TT-006-CMAP', 'ST-NOR', 'L', '6'),
('TT-006-CMAP', 'ST-NOR', 'L', '7'),
('TT-006-CMAP', 'ST-NOR', 'L', '8'),
('TT-006-CMAP', 'ST-NOR', 'L', '9'),
('TT-006-CMAP', 'ST-NOR', 'M', '1'),
('TT-006-CMAP', 'ST-NOR', 'M', '10'),
('TT-006-CMAP', 'ST-NOR', 'M', '11'),
('TT-006-CMAP', 'ST-NOR', 'M', '12'),
('TT-006-CMAP', 'ST-NOR', 'M', '13'),
('TT-006-CMAP', 'ST-NOR', 'M', '14'),
('TT-006-CMAP', 'ST-NOR', 'M', '15'),
('TT-006-CMAP', 'ST-NOR', 'M', '16'),
('TT-006-CMAP', 'ST-NOR', 'M', '17'),
('TT-006-CMAP', 'ST-NOR', 'M', '18'),
('TT-006-CMAP', 'ST-NOR', 'M', '19'),
('TT-006-CMAP', 'ST-NOR', 'M', '2'),
('TT-006-CMAP', 'ST-NOR', 'M', '20'),
('TT-006-CMAP', 'ST-NOR', 'M', '21'),
('TT-006-CMAP', 'ST-NOR', 'M', '22'),
('TT-006-CMAP', 'ST-NOR', 'M', '23'),
('TT-006-CMAP', 'ST-NOR', 'M', '3'),
('TT-006-CMAP', 'ST-NOR', 'M', '4'),
('TT-006-CMAP', 'ST-NOR', 'M', '5'),
('TT-006-CMAP', 'ST-NOR', 'M', '6'),
('TT-006-CMAP', 'ST-NOR', 'M', '7'),
('TT-006-CMAP', 'ST-NOR', 'M', '8'),
('TT-006-CMAP', 'ST-NOR', 'M', '9'),
('TT-006-CMAP', 'ST-NOR', 'N', '1'),
('TT-006-CMAP', 'ST-NOR', 'N', '10'),
('TT-006-CMAP', 'ST-NOR', 'N', '11'),
('TT-006-CMAP', 'ST-NOR', 'N', '12'),
('TT-006-CMAP', 'ST-NOR', 'N', '13'),
('TT-006-CMAP', 'ST-NOR', 'N', '14'),
('TT-006-CMAP', 'ST-NOR', 'N', '15'),
('TT-006-CMAP', 'ST-NOR', 'N', '16'),
('TT-006-CMAP', 'ST-NOR', 'N', '17'),
('TT-006-CMAP', 'ST-NOR', 'N', '18'),
('TT-006-CMAP', 'ST-NOR', 'N', '19'),
('TT-006-CMAP', 'ST-NOR', 'N', '2'),
('TT-006-CMAP', 'ST-NOR', 'N', '20'),
('TT-006-CMAP', 'ST-NOR', 'N', '21'),
('TT-006-CMAP', 'ST-NOR', 'N', '22'),
('TT-006-CMAP', 'ST-NOR', 'N', '23'),
('TT-006-CMAP', 'ST-NOR', 'N', '3'),
('TT-006-CMAP', 'ST-NOR', 'N', '4'),
('TT-006-CMAP', 'ST-NOR', 'N', '5'),
('TT-006-CMAP', 'ST-NOR', 'N', '6'),
('TT-006-CMAP', 'ST-NOR', 'N', '7'),
('TT-006-CMAP', 'ST-NOR', 'N', '8'),
('TT-006-CMAP', 'ST-NOR', 'N', '9'),
('TT-006-CMAP', 'ST-NOR', 'O', '1'),
('TT-006-CMAP', 'ST-NOR', 'O', '10'),
('TT-006-CMAP', 'ST-NOR', 'O', '11'),
('TT-006-CMAP', 'ST-NOR', 'O', '12'),
('TT-006-CMAP', 'ST-NOR', 'O', '13'),
('TT-006-CMAP', 'ST-NOR', 'O', '14'),
('TT-006-CMAP', 'ST-NOR', 'O', '15'),
('TT-006-CMAP', 'ST-NOR', 'O', '16'),
('TT-006-CMAP', 'ST-NOR', 'O', '17'),
('TT-006-CMAP', 'ST-NOR', 'O', '18'),
('TT-006-CMAP', 'ST-NOR', 'O', '19'),
('TT-006-CMAP', 'ST-NOR', 'O', '2'),
('TT-006-CMAP', 'ST-NOR', 'O', '20'),
('TT-006-CMAP', 'ST-NOR', 'O', '21'),
('TT-006-CMAP', 'ST-NOR', 'O', '22'),
('TT-006-CMAP', 'ST-NOR', 'O', '23'),
('TT-006-CMAP', 'ST-NOR', 'O', '3'),
('TT-006-CMAP', 'ST-NOR', 'O', '4'),
('TT-006-CMAP', 'ST-NOR', 'O', '5'),
('TT-006-CMAP', 'ST-NOR', 'O', '6'),
('TT-006-CMAP', 'ST-NOR', 'O', '7'),
('TT-006-CMAP', 'ST-NOR', 'O', '8'),
('TT-006-CMAP', 'ST-NOR', 'O', '9'),
('TT-006-MEGA', 'ST-NOR', 'C', '1'),
('TT-006-MEGA', 'ST-NOR', 'C', '10'),
('TT-006-MEGA', 'ST-NOR', 'C', '11'),
('TT-006-MEGA', 'ST-NOR', 'C', '12'),
('TT-006-MEGA', 'ST-NOR', 'C', '13'),
('TT-006-MEGA', 'ST-NOR', 'C', '14'),
('TT-006-MEGA', 'ST-NOR', 'C', '15'),
('TT-006-MEGA', 'ST-NOR', 'C', '16'),
('TT-006-MEGA', 'ST-NOR', 'C', '17'),
('TT-006-MEGA', 'ST-NOR', 'C', '18'),
('TT-006-MEGA', 'ST-NOR', 'C', '19'),
('TT-006-MEGA', 'ST-NOR', 'C', '2'),
('TT-006-MEGA', 'ST-NOR', 'C', '20'),
('TT-006-MEGA', 'ST-NOR', 'C', '3'),
('TT-006-MEGA', 'ST-NOR', 'C', '4'),
('TT-006-MEGA', 'ST-NOR', 'C', '5'),
('TT-006-MEGA', 'ST-NOR', 'C', '6'),
('TT-006-MEGA', 'ST-NOR', 'C', '7'),
('TT-006-MEGA', 'ST-NOR', 'C', '8'),
('TT-006-MEGA', 'ST-NOR', 'C', '9'),
('TT-006-MEGA', 'ST-NOR', 'D', '1'),
('TT-006-MEGA', 'ST-NOR', 'D', '10'),
('TT-006-MEGA', 'ST-NOR', 'D', '11'),
('TT-006-MEGA', 'ST-NOR', 'D', '12'),
('TT-006-MEGA', 'ST-NOR', 'D', '13'),
('TT-006-MEGA', 'ST-NOR', 'D', '14'),
('TT-006-MEGA', 'ST-NOR', 'D', '15'),
('TT-006-MEGA', 'ST-NOR', 'D', '16'),
('TT-006-MEGA', 'ST-NOR', 'D', '17'),
('TT-006-MEGA', 'ST-NOR', 'D', '18'),
('TT-006-MEGA', 'ST-NOR', 'D', '19'),
('TT-006-MEGA', 'ST-NOR', 'D', '2'),
('TT-006-MEGA', 'ST-NOR', 'D', '20'),
('TT-006-MEGA', 'ST-NOR', 'D', '3'),
('TT-006-MEGA', 'ST-NOR', 'D', '4'),
('TT-006-MEGA', 'ST-NOR', 'D', '5'),
('TT-006-MEGA', 'ST-NOR', 'D', '6'),
('TT-006-MEGA', 'ST-NOR', 'D', '7'),
('TT-006-MEGA', 'ST-NOR', 'D', '8'),
('TT-006-MEGA', 'ST-NOR', 'D', '9'),
('TT-006-MEGA', 'ST-NOR', 'E', '1'),
('TT-006-MEGA', 'ST-NOR', 'E', '10'),
('TT-006-MEGA', 'ST-NOR', 'E', '11'),
('TT-006-MEGA', 'ST-NOR', 'E', '12'),
('TT-006-MEGA', 'ST-NOR', 'E', '13'),
('TT-006-MEGA', 'ST-NOR', 'E', '14'),
('TT-006-MEGA', 'ST-NOR', 'E', '15'),
('TT-006-MEGA', 'ST-NOR', 'E', '16'),
('TT-006-MEGA', 'ST-NOR', 'E', '17'),
('TT-006-MEGA', 'ST-NOR', 'E', '18'),
('TT-006-MEGA', 'ST-NOR', 'E', '19'),
('TT-006-MEGA', 'ST-NOR', 'E', '2'),
('TT-006-MEGA', 'ST-NOR', 'E', '20'),
('TT-006-MEGA', 'ST-NOR', 'E', '3'),
('TT-006-MEGA', 'ST-NOR', 'E', '4'),
('TT-006-MEGA', 'ST-NOR', 'E', '5'),
('TT-006-MEGA', 'ST-NOR', 'E', '6'),
('TT-006-MEGA', 'ST-NOR', 'E', '7'),
('TT-006-MEGA', 'ST-NOR', 'E', '8'),
('TT-006-MEGA', 'ST-NOR', 'E', '9'),
('TT-006-MEGA', 'ST-NOR', 'F', '1'),
('TT-006-MEGA', 'ST-NOR', 'F', '10'),
('TT-006-MEGA', 'ST-NOR', 'F', '11'),
('TT-006-MEGA', 'ST-NOR', 'F', '12'),
('TT-006-MEGA', 'ST-NOR', 'F', '13'),
('TT-006-MEGA', 'ST-NOR', 'F', '14'),
('TT-006-MEGA', 'ST-NOR', 'F', '15'),
('TT-006-MEGA', 'ST-NOR', 'F', '16'),
('TT-006-MEGA', 'ST-NOR', 'F', '17'),
('TT-006-MEGA', 'ST-NOR', 'F', '18'),
('TT-006-MEGA', 'ST-NOR', 'F', '19'),
('TT-006-MEGA', 'ST-NOR', 'F', '2'),
('TT-006-MEGA', 'ST-NOR', 'F', '20'),
('TT-006-MEGA', 'ST-NOR', 'F', '3'),
('TT-006-MEGA', 'ST-NOR', 'F', '4'),
('TT-006-MEGA', 'ST-NOR', 'F', '5'),
('TT-006-MEGA', 'ST-NOR', 'F', '6'),
('TT-006-MEGA', 'ST-NOR', 'F', '7'),
('TT-006-MEGA', 'ST-NOR', 'F', '8'),
('TT-006-MEGA', 'ST-NOR', 'F', '9'),
('TT-006-MEGA', 'ST-NOR', 'G', '1'),
('TT-006-MEGA', 'ST-NOR', 'G', '10'),
('TT-006-MEGA', 'ST-NOR', 'G', '11'),
('TT-006-MEGA', 'ST-NOR', 'G', '12'),
('TT-006-MEGA', 'ST-NOR', 'G', '13'),
('TT-006-MEGA', 'ST-NOR', 'G', '14'),
('TT-006-MEGA', 'ST-NOR', 'G', '15'),
('TT-006-MEGA', 'ST-NOR', 'G', '16'),
('TT-006-MEGA', 'ST-NOR', 'G', '17'),
('TT-006-MEGA', 'ST-NOR', 'G', '18'),
('TT-006-MEGA', 'ST-NOR', 'G', '19'),
('TT-006-MEGA', 'ST-NOR', 'G', '2'),
('TT-006-MEGA', 'ST-NOR', 'G', '20'),
('TT-006-MEGA', 'ST-NOR', 'G', '3'),
('TT-006-MEGA', 'ST-NOR', 'G', '4'),
('TT-006-MEGA', 'ST-NOR', 'G', '5'),
('TT-006-MEGA', 'ST-NOR', 'G', '6'),
('TT-006-MEGA', 'ST-NOR', 'G', '7'),
('TT-006-MEGA', 'ST-NOR', 'G', '8'),
('TT-006-MEGA', 'ST-NOR', 'G', '9'),
('TT-006-MEGA', 'ST-NOR', 'H', '1'),
('TT-006-MEGA', 'ST-NOR', 'H', '10'),
('TT-006-MEGA', 'ST-NOR', 'H', '11'),
('TT-006-MEGA', 'ST-NOR', 'H', '12'),
('TT-006-MEGA', 'ST-NOR', 'H', '13'),
('TT-006-MEGA', 'ST-NOR', 'H', '14'),
('TT-006-MEGA', 'ST-NOR', 'H', '15'),
('TT-006-MEGA', 'ST-NOR', 'H', '16'),
('TT-006-MEGA', 'ST-NOR', 'H', '17'),
('TT-006-MEGA', 'ST-NOR', 'H', '18'),
('TT-006-MEGA', 'ST-NOR', 'H', '19'),
('TT-006-MEGA', 'ST-NOR', 'H', '2'),
('TT-006-MEGA', 'ST-NOR', 'H', '20'),
('TT-006-MEGA', 'ST-NOR', 'H', '3'),
('TT-006-MEGA', 'ST-NOR', 'H', '4'),
('TT-006-MEGA', 'ST-NOR', 'H', '5'),
('TT-006-MEGA', 'ST-NOR', 'H', '6'),
('TT-006-MEGA', 'ST-NOR', 'H', '7'),
('TT-006-MEGA', 'ST-NOR', 'H', '8'),
('TT-006-MEGA', 'ST-NOR', 'H', '9'),
('TT-006-MEGA', 'ST-NOR', 'I', '1'),
('TT-006-MEGA', 'ST-NOR', 'I', '10'),
('TT-006-MEGA', 'ST-NOR', 'I', '11'),
('TT-006-MEGA', 'ST-NOR', 'I', '12'),
('TT-006-MEGA', 'ST-NOR', 'I', '13'),
('TT-006-MEGA', 'ST-NOR', 'I', '14'),
('TT-006-MEGA', 'ST-NOR', 'I', '15'),
('TT-006-MEGA', 'ST-NOR', 'I', '16'),
('TT-006-MEGA', 'ST-NOR', 'I', '17'),
('TT-006-MEGA', 'ST-NOR', 'I', '18'),
('TT-006-MEGA', 'ST-NOR', 'I', '19'),
('TT-006-MEGA', 'ST-NOR', 'I', '2'),
('TT-006-MEGA', 'ST-NOR', 'I', '20'),
('TT-006-MEGA', 'ST-NOR', 'I', '3'),
('TT-006-MEGA', 'ST-NOR', 'I', '4'),
('TT-006-MEGA', 'ST-NOR', 'I', '5'),
('TT-006-MEGA', 'ST-NOR', 'I', '6'),
('TT-006-MEGA', 'ST-NOR', 'I', '7'),
('TT-006-MEGA', 'ST-NOR', 'I', '8'),
('TT-006-MEGA', 'ST-NOR', 'I', '9'),
('TT-006-MEGA', 'ST-NOR', 'J', '1'),
('TT-006-MEGA', 'ST-NOR', 'J', '10'),
('TT-006-MEGA', 'ST-NOR', 'J', '11'),
('TT-006-MEGA', 'ST-NOR', 'J', '12'),
('TT-006-MEGA', 'ST-NOR', 'J', '13'),
('TT-006-MEGA', 'ST-NOR', 'J', '14'),
('TT-006-MEGA', 'ST-NOR', 'J', '15'),
('TT-006-MEGA', 'ST-NOR', 'J', '16'),
('TT-006-MEGA', 'ST-NOR', 'J', '17'),
('TT-006-MEGA', 'ST-NOR', 'J', '18'),
('TT-006-MEGA', 'ST-NOR', 'J', '19'),
('TT-006-MEGA', 'ST-NOR', 'J', '2'),
('TT-006-MEGA', 'ST-NOR', 'J', '20'),
('TT-006-MEGA', 'ST-NOR', 'J', '3'),
('TT-006-MEGA', 'ST-NOR', 'J', '4'),
('TT-006-MEGA', 'ST-NOR', 'J', '5'),
('TT-006-MEGA', 'ST-NOR', 'J', '6'),
('TT-006-MEGA', 'ST-NOR', 'J', '7'),
('TT-006-MEGA', 'ST-NOR', 'J', '8'),
('TT-006-MEGA', 'ST-NOR', 'J', '9'),
('TT-006-MEGA', 'ST-NOR', 'K', '1'),
('TT-006-MEGA', 'ST-NOR', 'K', '10'),
('TT-006-MEGA', 'ST-NOR', 'K', '11'),
('TT-006-MEGA', 'ST-NOR', 'K', '12'),
('TT-006-MEGA', 'ST-NOR', 'K', '13'),
('TT-006-MEGA', 'ST-NOR', 'K', '14'),
('TT-006-MEGA', 'ST-NOR', 'K', '15'),
('TT-006-MEGA', 'ST-NOR', 'K', '16'),
('TT-006-MEGA', 'ST-NOR', 'K', '17'),
('TT-006-MEGA', 'ST-NOR', 'K', '18'),
('TT-006-MEGA', 'ST-NOR', 'K', '19'),
('TT-006-MEGA', 'ST-NOR', 'K', '2'),
('TT-006-MEGA', 'ST-NOR', 'K', '20'),
('TT-006-MEGA', 'ST-NOR', 'K', '3'),
('TT-006-MEGA', 'ST-NOR', 'K', '4'),
('TT-006-MEGA', 'ST-NOR', 'K', '5'),
('TT-006-MEGA', 'ST-NOR', 'K', '6'),
('TT-006-MEGA', 'ST-NOR', 'K', '7'),
('TT-006-MEGA', 'ST-NOR', 'K', '8'),
('TT-006-MEGA', 'ST-NOR', 'K', '9'),
('TT-006-MEGA', 'ST-PRM', 'A', '1'),
('TT-006-MEGA', 'ST-PRM', 'A', '10'),
('TT-006-MEGA', 'ST-PRM', 'A', '11'),
('TT-006-MEGA', 'ST-PRM', 'A', '12'),
('TT-006-MEGA', 'ST-PRM', 'A', '13'),
('TT-006-MEGA', 'ST-PRM', 'A', '14'),
('TT-006-MEGA', 'ST-PRM', 'A', '15'),
('TT-006-MEGA', 'ST-PRM', 'A', '16'),
('TT-006-MEGA', 'ST-PRM', 'A', '17'),
('TT-006-MEGA', 'ST-PRM', 'A', '18'),
('TT-006-MEGA', 'ST-PRM', 'A', '2'),
('TT-006-MEGA', 'ST-PRM', 'A', '3'),
('TT-006-MEGA', 'ST-PRM', 'A', '4'),
('TT-006-MEGA', 'ST-PRM', 'A', '5'),
('TT-006-MEGA', 'ST-PRM', 'A', '6'),
('TT-006-MEGA', 'ST-PRM', 'A', '7'),
('TT-006-MEGA', 'ST-PRM', 'A', '8'),
('TT-006-MEGA', 'ST-PRM', 'A', '9'),
('TT-006-MEGA', 'ST-PRM', 'B', '1'),
('TT-006-MEGA', 'ST-PRM', 'B', '10'),
('TT-006-MEGA', 'ST-PRM', 'B', '11'),
('TT-006-MEGA', 'ST-PRM', 'B', '12'),
('TT-006-MEGA', 'ST-PRM', 'B', '13'),
('TT-006-MEGA', 'ST-PRM', 'B', '14'),
('TT-006-MEGA', 'ST-PRM', 'B', '15'),
('TT-006-MEGA', 'ST-PRM', 'B', '16'),
('TT-006-MEGA', 'ST-PRM', 'B', '17'),
('TT-006-MEGA', 'ST-PRM', 'B', '18'),
('TT-006-MEGA', 'ST-PRM', 'B', '2'),
('TT-006-MEGA', 'ST-PRM', 'B', '3'),
('TT-006-MEGA', 'ST-PRM', 'B', '4'),
('TT-006-MEGA', 'ST-PRM', 'B', '5'),
('TT-006-MEGA', 'ST-PRM', 'B', '6'),
('TT-006-MEGA', 'ST-PRM', 'B', '7'),
('TT-006-MEGA', 'ST-PRM', 'B', '8'),
('TT-006-MEGA', 'ST-PRM', 'B', '9'),
('TT-006-MJRC', 'ST-HNY', 'A', '1'),
('TT-006-MJRC', 'ST-HNY', 'A', '10'),
('TT-006-MJRC', 'ST-HNY', 'A', '11'),
('TT-006-MJRC', 'ST-HNY', 'A', '12'),
('TT-006-MJRC', 'ST-HNY', 'A', '2'),
('TT-006-MJRC', 'ST-HNY', 'A', '3'),
('TT-006-MJRC', 'ST-HNY', 'A', '4'),
('TT-006-MJRC', 'ST-HNY', 'A', '5'),
('TT-006-MJRC', 'ST-HNY', 'A', '6'),
('TT-006-MJRC', 'ST-HNY', 'A', '7'),
('TT-006-MJRC', 'ST-HNY', 'A', '8'),
('TT-006-MJRC', 'ST-HNY', 'A', '9'),
('TT-006-MJRC', 'ST-HNY', 'B', '1'),
('TT-006-MJRC', 'ST-HNY', 'B', '10'),
('TT-006-MJRC', 'ST-HNY', 'B', '11'),
('TT-006-MJRC', 'ST-HNY', 'B', '12'),
('TT-006-MJRC', 'ST-HNY', 'B', '13'),
('TT-006-MJRC', 'ST-HNY', 'B', '14'),
('TT-006-MJRC', 'ST-HNY', 'B', '15'),
('TT-006-MJRC', 'ST-HNY', 'B', '2'),
('TT-006-MJRC', 'ST-HNY', 'B', '3'),
('TT-006-MJRC', 'ST-HNY', 'B', '4'),
('TT-006-MJRC', 'ST-HNY', 'B', '5'),
('TT-006-MJRC', 'ST-HNY', 'B', '6'),
('TT-006-MJRC', 'ST-HNY', 'B', '7'),
('TT-006-MJRC', 'ST-HNY', 'B', '8'),
('TT-006-MJRC', 'ST-HNY', 'B', '9'),
('TT-006-MJRC', 'ST-HNY', 'C', '1'),
('TT-006-MJRC', 'ST-HNY', 'C', '10'),
('TT-006-MJRC', 'ST-HNY', 'C', '11'),
('TT-006-MJRC', 'ST-HNY', 'C', '12'),
('TT-006-MJRC', 'ST-HNY', 'C', '13'),
('TT-006-MJRC', 'ST-HNY', 'C', '14'),
('TT-006-MJRC', 'ST-HNY', 'C', '15'),
('TT-006-MJRC', 'ST-HNY', 'C', '2'),
('TT-006-MJRC', 'ST-HNY', 'C', '3'),
('TT-006-MJRC', 'ST-HNY', 'C', '4'),
('TT-006-MJRC', 'ST-HNY', 'C', '5'),
('TT-006-MJRC', 'ST-HNY', 'C', '6'),
('TT-006-MJRC', 'ST-HNY', 'C', '7'),
('TT-006-MJRC', 'ST-HNY', 'C', '8'),
('TT-006-MJRC', 'ST-HNY', 'C', '9'),
('TT-006-MJRC', 'ST-NOR', 'D', '1'),
('TT-006-MJRC', 'ST-NOR', 'D', '10'),
('TT-006-MJRC', 'ST-NOR', 'D', '11'),
('TT-006-MJRC', 'ST-NOR', 'D', '12'),
('TT-006-MJRC', 'ST-NOR', 'D', '13'),
('TT-006-MJRC', 'ST-NOR', 'D', '14'),
('TT-006-MJRC', 'ST-NOR', 'D', '15'),
('TT-006-MJRC', 'ST-NOR', 'D', '16'),
('TT-006-MJRC', 'ST-NOR', 'D', '2'),
('TT-006-MJRC', 'ST-NOR', 'D', '3'),
('TT-006-MJRC', 'ST-NOR', 'D', '4'),
('TT-006-MJRC', 'ST-NOR', 'D', '5'),
('TT-006-MJRC', 'ST-NOR', 'D', '6'),
('TT-006-MJRC', 'ST-NOR', 'D', '7'),
('TT-006-MJRC', 'ST-NOR', 'D', '8'),
('TT-006-MJRC', 'ST-NOR', 'D', '9'),
('TT-006-MJRC', 'ST-NOR', 'E', '1'),
('TT-006-MJRC', 'ST-NOR', 'E', '10'),
('TT-006-MJRC', 'ST-NOR', 'E', '11'),
('TT-006-MJRC', 'ST-NOR', 'E', '12'),
('TT-006-MJRC', 'ST-NOR', 'E', '13'),
('TT-006-MJRC', 'ST-NOR', 'E', '14'),
('TT-006-MJRC', 'ST-NOR', 'E', '15'),
('TT-006-MJRC', 'ST-NOR', 'E', '16'),
('TT-006-MJRC', 'ST-NOR', 'E', '2'),
('TT-006-MJRC', 'ST-NOR', 'E', '3'),
('TT-006-MJRC', 'ST-NOR', 'E', '4'),
('TT-006-MJRC', 'ST-NOR', 'E', '5'),
('TT-006-MJRC', 'ST-NOR', 'E', '6'),
('TT-006-MJRC', 'ST-NOR', 'E', '7'),
('TT-006-MJRC', 'ST-NOR', 'E', '8'),
('TT-006-MJRC', 'ST-NOR', 'E', '9'),
('TT-006-MJRC', 'ST-NOR', 'F', '1'),
('TT-006-MJRC', 'ST-NOR', 'F', '10'),
('TT-006-MJRC', 'ST-NOR', 'F', '11'),
('TT-006-MJRC', 'ST-NOR', 'F', '12'),
('TT-006-MJRC', 'ST-NOR', 'F', '13'),
('TT-006-MJRC', 'ST-NOR', 'F', '14'),
('TT-006-MJRC', 'ST-NOR', 'F', '15'),
('TT-006-MJRC', 'ST-NOR', 'F', '16'),
('TT-006-MJRC', 'ST-NOR', 'F', '2'),
('TT-006-MJRC', 'ST-NOR', 'F', '3'),
('TT-006-MJRC', 'ST-NOR', 'F', '4'),
('TT-006-MJRC', 'ST-NOR', 'F', '5'),
('TT-006-MJRC', 'ST-NOR', 'F', '6'),
('TT-006-MJRC', 'ST-NOR', 'F', '7'),
('TT-006-MJRC', 'ST-NOR', 'F', '8'),
('TT-006-MJRC', 'ST-NOR', 'F', '9'),
('TT-006-MJRC', 'ST-NOR', 'G', '1'),
('TT-006-MJRC', 'ST-NOR', 'G', '10'),
('TT-006-MJRC', 'ST-NOR', 'G', '11'),
('TT-006-MJRC', 'ST-NOR', 'G', '12'),
('TT-006-MJRC', 'ST-NOR', 'G', '13'),
('TT-006-MJRC', 'ST-NOR', 'G', '14');
INSERT INTO `Seat` (`Theatre_ID`, `SeatType_ID`, `Seat_Row`, `Seat_Number`) VALUES
('TT-006-MJRC', 'ST-NOR', 'G', '15'),
('TT-006-MJRC', 'ST-NOR', 'G', '16'),
('TT-006-MJRC', 'ST-NOR', 'G', '2'),
('TT-006-MJRC', 'ST-NOR', 'G', '3'),
('TT-006-MJRC', 'ST-NOR', 'G', '4'),
('TT-006-MJRC', 'ST-NOR', 'G', '5'),
('TT-006-MJRC', 'ST-NOR', 'G', '6'),
('TT-006-MJRC', 'ST-NOR', 'G', '7'),
('TT-006-MJRC', 'ST-NOR', 'G', '8'),
('TT-006-MJRC', 'ST-NOR', 'G', '9'),
('TT-006-MJRC', 'ST-NOR', 'H', '1'),
('TT-006-MJRC', 'ST-NOR', 'H', '10'),
('TT-006-MJRC', 'ST-NOR', 'H', '11'),
('TT-006-MJRC', 'ST-NOR', 'H', '12'),
('TT-006-MJRC', 'ST-NOR', 'H', '13'),
('TT-006-MJRC', 'ST-NOR', 'H', '14'),
('TT-006-MJRC', 'ST-NOR', 'H', '15'),
('TT-006-MJRC', 'ST-NOR', 'H', '16'),
('TT-006-MJRC', 'ST-NOR', 'H', '2'),
('TT-006-MJRC', 'ST-NOR', 'H', '3'),
('TT-006-MJRC', 'ST-NOR', 'H', '4'),
('TT-006-MJRC', 'ST-NOR', 'H', '5'),
('TT-006-MJRC', 'ST-NOR', 'H', '6'),
('TT-006-MJRC', 'ST-NOR', 'H', '7'),
('TT-006-MJRC', 'ST-NOR', 'H', '8'),
('TT-006-MJRC', 'ST-NOR', 'H', '9'),
('TT-006-MJRC', 'ST-NOR', 'I', '1'),
('TT-006-MJRC', 'ST-NOR', 'I', '10'),
('TT-006-MJRC', 'ST-NOR', 'I', '11'),
('TT-006-MJRC', 'ST-NOR', 'I', '12'),
('TT-006-MJRC', 'ST-NOR', 'I', '13'),
('TT-006-MJRC', 'ST-NOR', 'I', '14'),
('TT-006-MJRC', 'ST-NOR', 'I', '15'),
('TT-006-MJRC', 'ST-NOR', 'I', '16'),
('TT-006-MJRC', 'ST-NOR', 'I', '2'),
('TT-006-MJRC', 'ST-NOR', 'I', '3'),
('TT-006-MJRC', 'ST-NOR', 'I', '4'),
('TT-006-MJRC', 'ST-NOR', 'I', '5'),
('TT-006-MJRC', 'ST-NOR', 'I', '6'),
('TT-006-MJRC', 'ST-NOR', 'I', '7'),
('TT-006-MJRC', 'ST-NOR', 'I', '8'),
('TT-006-MJRC', 'ST-NOR', 'I', '9'),
('TT-006-MJRC', 'ST-NOR', 'J', '1'),
('TT-006-MJRC', 'ST-NOR', 'J', '10'),
('TT-006-MJRC', 'ST-NOR', 'J', '11'),
('TT-006-MJRC', 'ST-NOR', 'J', '12'),
('TT-006-MJRC', 'ST-NOR', 'J', '13'),
('TT-006-MJRC', 'ST-NOR', 'J', '14'),
('TT-006-MJRC', 'ST-NOR', 'J', '15'),
('TT-006-MJRC', 'ST-NOR', 'J', '16'),
('TT-006-MJRC', 'ST-NOR', 'J', '2'),
('TT-006-MJRC', 'ST-NOR', 'J', '3'),
('TT-006-MJRC', 'ST-NOR', 'J', '4'),
('TT-006-MJRC', 'ST-NOR', 'J', '5'),
('TT-006-MJRC', 'ST-NOR', 'J', '6'),
('TT-006-MJRC', 'ST-NOR', 'J', '7'),
('TT-006-MJRC', 'ST-NOR', 'J', '8'),
('TT-006-MJRC', 'ST-NOR', 'J', '9'),
('TT-006-MJRC', 'ST-NOR', 'K', '1'),
('TT-006-MJRC', 'ST-NOR', 'K', '10'),
('TT-006-MJRC', 'ST-NOR', 'K', '11'),
('TT-006-MJRC', 'ST-NOR', 'K', '12'),
('TT-006-MJRC', 'ST-NOR', 'K', '13'),
('TT-006-MJRC', 'ST-NOR', 'K', '14'),
('TT-006-MJRC', 'ST-NOR', 'K', '15'),
('TT-006-MJRC', 'ST-NOR', 'K', '16'),
('TT-006-MJRC', 'ST-NOR', 'K', '2'),
('TT-006-MJRC', 'ST-NOR', 'K', '3'),
('TT-006-MJRC', 'ST-NOR', 'K', '4'),
('TT-006-MJRC', 'ST-NOR', 'K', '5'),
('TT-006-MJRC', 'ST-NOR', 'K', '6'),
('TT-006-MJRC', 'ST-NOR', 'K', '7'),
('TT-006-MJRC', 'ST-NOR', 'K', '8'),
('TT-006-MJRC', 'ST-NOR', 'K', '9'),
('TT-006-MJRC', 'ST-NOR', 'L', '1'),
('TT-006-MJRC', 'ST-NOR', 'L', '10'),
('TT-006-MJRC', 'ST-NOR', 'L', '11'),
('TT-006-MJRC', 'ST-NOR', 'L', '12'),
('TT-006-MJRC', 'ST-NOR', 'L', '13'),
('TT-006-MJRC', 'ST-NOR', 'L', '14'),
('TT-006-MJRC', 'ST-NOR', 'L', '15'),
('TT-006-MJRC', 'ST-NOR', 'L', '16'),
('TT-006-MJRC', 'ST-NOR', 'L', '2'),
('TT-006-MJRC', 'ST-NOR', 'L', '3'),
('TT-006-MJRC', 'ST-NOR', 'L', '4'),
('TT-006-MJRC', 'ST-NOR', 'L', '5'),
('TT-006-MJRC', 'ST-NOR', 'L', '6'),
('TT-006-MJRC', 'ST-NOR', 'L', '7'),
('TT-006-MJRC', 'ST-NOR', 'L', '8'),
('TT-006-MJRC', 'ST-NOR', 'L', '9'),
('TT-006-MJRC', 'ST-NOR', 'M', '1'),
('TT-006-MJRC', 'ST-NOR', 'M', '10'),
('TT-006-MJRC', 'ST-NOR', 'M', '11'),
('TT-006-MJRC', 'ST-NOR', 'M', '12'),
('TT-006-MJRC', 'ST-NOR', 'M', '13'),
('TT-006-MJRC', 'ST-NOR', 'M', '14'),
('TT-006-MJRC', 'ST-NOR', 'M', '15'),
('TT-006-MJRC', 'ST-NOR', 'M', '16'),
('TT-006-MJRC', 'ST-NOR', 'M', '2'),
('TT-006-MJRC', 'ST-NOR', 'M', '3'),
('TT-006-MJRC', 'ST-NOR', 'M', '4'),
('TT-006-MJRC', 'ST-NOR', 'M', '5'),
('TT-006-MJRC', 'ST-NOR', 'M', '6'),
('TT-006-MJRC', 'ST-NOR', 'M', '7'),
('TT-006-MJRC', 'ST-NOR', 'M', '8'),
('TT-006-MJRC', 'ST-NOR', 'M', '9'),
('TT-007-CMAP', 'ST-HNY', 'A', '1'),
('TT-007-CMAP', 'ST-HNY', 'A', '10'),
('TT-007-CMAP', 'ST-HNY', 'A', '11'),
('TT-007-CMAP', 'ST-HNY', 'A', '12'),
('TT-007-CMAP', 'ST-HNY', 'A', '13'),
('TT-007-CMAP', 'ST-HNY', 'A', '14'),
('TT-007-CMAP', 'ST-HNY', 'A', '15'),
('TT-007-CMAP', 'ST-HNY', 'A', '16'),
('TT-007-CMAP', 'ST-HNY', 'A', '17'),
('TT-007-CMAP', 'ST-HNY', 'A', '18'),
('TT-007-CMAP', 'ST-HNY', 'A', '19'),
('TT-007-CMAP', 'ST-HNY', 'A', '2'),
('TT-007-CMAP', 'ST-HNY', 'A', '20'),
('TT-007-CMAP', 'ST-HNY', 'A', '21'),
('TT-007-CMAP', 'ST-HNY', 'A', '22'),
('TT-007-CMAP', 'ST-HNY', 'A', '23'),
('TT-007-CMAP', 'ST-HNY', 'A', '24'),
('TT-007-CMAP', 'ST-HNY', 'A', '25'),
('TT-007-CMAP', 'ST-HNY', 'A', '26'),
('TT-007-CMAP', 'ST-HNY', 'A', '27'),
('TT-007-CMAP', 'ST-HNY', 'A', '28'),
('TT-007-CMAP', 'ST-HNY', 'A', '29'),
('TT-007-CMAP', 'ST-HNY', 'A', '3'),
('TT-007-CMAP', 'ST-HNY', 'A', '30'),
('TT-007-CMAP', 'ST-HNY', 'A', '4'),
('TT-007-CMAP', 'ST-HNY', 'A', '5'),
('TT-007-CMAP', 'ST-HNY', 'A', '6'),
('TT-007-CMAP', 'ST-HNY', 'A', '7'),
('TT-007-CMAP', 'ST-HNY', 'A', '8'),
('TT-007-CMAP', 'ST-HNY', 'A', '9'),
('TT-007-CMAP', 'ST-HNY', 'B', '1'),
('TT-007-CMAP', 'ST-HNY', 'B', '10'),
('TT-007-CMAP', 'ST-HNY', 'B', '11'),
('TT-007-CMAP', 'ST-HNY', 'B', '12'),
('TT-007-CMAP', 'ST-HNY', 'B', '13'),
('TT-007-CMAP', 'ST-HNY', 'B', '14'),
('TT-007-CMAP', 'ST-HNY', 'B', '15'),
('TT-007-CMAP', 'ST-HNY', 'B', '16'),
('TT-007-CMAP', 'ST-HNY', 'B', '17'),
('TT-007-CMAP', 'ST-HNY', 'B', '18'),
('TT-007-CMAP', 'ST-HNY', 'B', '19'),
('TT-007-CMAP', 'ST-HNY', 'B', '2'),
('TT-007-CMAP', 'ST-HNY', 'B', '20'),
('TT-007-CMAP', 'ST-HNY', 'B', '21'),
('TT-007-CMAP', 'ST-HNY', 'B', '22'),
('TT-007-CMAP', 'ST-HNY', 'B', '23'),
('TT-007-CMAP', 'ST-HNY', 'B', '24'),
('TT-007-CMAP', 'ST-HNY', 'B', '25'),
('TT-007-CMAP', 'ST-HNY', 'B', '26'),
('TT-007-CMAP', 'ST-HNY', 'B', '27'),
('TT-007-CMAP', 'ST-HNY', 'B', '28'),
('TT-007-CMAP', 'ST-HNY', 'B', '29'),
('TT-007-CMAP', 'ST-HNY', 'B', '3'),
('TT-007-CMAP', 'ST-HNY', 'B', '30'),
('TT-007-CMAP', 'ST-HNY', 'B', '4'),
('TT-007-CMAP', 'ST-HNY', 'B', '5'),
('TT-007-CMAP', 'ST-HNY', 'B', '6'),
('TT-007-CMAP', 'ST-HNY', 'B', '7'),
('TT-007-CMAP', 'ST-HNY', 'B', '8'),
('TT-007-CMAP', 'ST-HNY', 'B', '9'),
('TT-007-CMAP', 'ST-HNY', 'C', '1'),
('TT-007-CMAP', 'ST-HNY', 'C', '10'),
('TT-007-CMAP', 'ST-HNY', 'C', '11'),
('TT-007-CMAP', 'ST-HNY', 'C', '12'),
('TT-007-CMAP', 'ST-HNY', 'C', '13'),
('TT-007-CMAP', 'ST-HNY', 'C', '14'),
('TT-007-CMAP', 'ST-HNY', 'C', '15'),
('TT-007-CMAP', 'ST-HNY', 'C', '16'),
('TT-007-CMAP', 'ST-HNY', 'C', '17'),
('TT-007-CMAP', 'ST-HNY', 'C', '18'),
('TT-007-CMAP', 'ST-HNY', 'C', '19'),
('TT-007-CMAP', 'ST-HNY', 'C', '2'),
('TT-007-CMAP', 'ST-HNY', 'C', '20'),
('TT-007-CMAP', 'ST-HNY', 'C', '21'),
('TT-007-CMAP', 'ST-HNY', 'C', '22'),
('TT-007-CMAP', 'ST-HNY', 'C', '23'),
('TT-007-CMAP', 'ST-HNY', 'C', '24'),
('TT-007-CMAP', 'ST-HNY', 'C', '25'),
('TT-007-CMAP', 'ST-HNY', 'C', '26'),
('TT-007-CMAP', 'ST-HNY', 'C', '27'),
('TT-007-CMAP', 'ST-HNY', 'C', '28'),
('TT-007-CMAP', 'ST-HNY', 'C', '29'),
('TT-007-CMAP', 'ST-HNY', 'C', '3'),
('TT-007-CMAP', 'ST-HNY', 'C', '30'),
('TT-007-CMAP', 'ST-HNY', 'C', '4'),
('TT-007-CMAP', 'ST-HNY', 'C', '5'),
('TT-007-CMAP', 'ST-HNY', 'C', '6'),
('TT-007-CMAP', 'ST-HNY', 'C', '7'),
('TT-007-CMAP', 'ST-HNY', 'C', '8'),
('TT-007-CMAP', 'ST-HNY', 'C', '9'),
('TT-007-CMAP', 'ST-HNY', 'D', '1'),
('TT-007-CMAP', 'ST-HNY', 'D', '10'),
('TT-007-CMAP', 'ST-HNY', 'D', '11'),
('TT-007-CMAP', 'ST-HNY', 'D', '12'),
('TT-007-CMAP', 'ST-HNY', 'D', '13'),
('TT-007-CMAP', 'ST-HNY', 'D', '14'),
('TT-007-CMAP', 'ST-HNY', 'D', '15'),
('TT-007-CMAP', 'ST-HNY', 'D', '16'),
('TT-007-CMAP', 'ST-HNY', 'D', '17'),
('TT-007-CMAP', 'ST-HNY', 'D', '18'),
('TT-007-CMAP', 'ST-HNY', 'D', '19'),
('TT-007-CMAP', 'ST-HNY', 'D', '2'),
('TT-007-CMAP', 'ST-HNY', 'D', '20'),
('TT-007-CMAP', 'ST-HNY', 'D', '21'),
('TT-007-CMAP', 'ST-HNY', 'D', '22'),
('TT-007-CMAP', 'ST-HNY', 'D', '23'),
('TT-007-CMAP', 'ST-HNY', 'D', '24'),
('TT-007-CMAP', 'ST-HNY', 'D', '25'),
('TT-007-CMAP', 'ST-HNY', 'D', '26'),
('TT-007-CMAP', 'ST-HNY', 'D', '27'),
('TT-007-CMAP', 'ST-HNY', 'D', '28'),
('TT-007-CMAP', 'ST-HNY', 'D', '29'),
('TT-007-CMAP', 'ST-HNY', 'D', '3'),
('TT-007-CMAP', 'ST-HNY', 'D', '30'),
('TT-007-CMAP', 'ST-HNY', 'D', '4'),
('TT-007-CMAP', 'ST-HNY', 'D', '5'),
('TT-007-CMAP', 'ST-HNY', 'D', '6'),
('TT-007-CMAP', 'ST-HNY', 'D', '7'),
('TT-007-CMAP', 'ST-HNY', 'D', '8'),
('TT-007-CMAP', 'ST-HNY', 'D', '9'),
('TT-007-CMAP', 'ST-NOR', 'E', '1'),
('TT-007-CMAP', 'ST-NOR', 'E', '10'),
('TT-007-CMAP', 'ST-NOR', 'E', '11'),
('TT-007-CMAP', 'ST-NOR', 'E', '12'),
('TT-007-CMAP', 'ST-NOR', 'E', '13'),
('TT-007-CMAP', 'ST-NOR', 'E', '14'),
('TT-007-CMAP', 'ST-NOR', 'E', '15'),
('TT-007-CMAP', 'ST-NOR', 'E', '16'),
('TT-007-CMAP', 'ST-NOR', 'E', '17'),
('TT-007-CMAP', 'ST-NOR', 'E', '18'),
('TT-007-CMAP', 'ST-NOR', 'E', '19'),
('TT-007-CMAP', 'ST-NOR', 'E', '2'),
('TT-007-CMAP', 'ST-NOR', 'E', '20'),
('TT-007-CMAP', 'ST-NOR', 'E', '21'),
('TT-007-CMAP', 'ST-NOR', 'E', '22'),
('TT-007-CMAP', 'ST-NOR', 'E', '23'),
('TT-007-CMAP', 'ST-NOR', 'E', '24'),
('TT-007-CMAP', 'ST-NOR', 'E', '25'),
('TT-007-CMAP', 'ST-NOR', 'E', '26'),
('TT-007-CMAP', 'ST-NOR', 'E', '27'),
('TT-007-CMAP', 'ST-NOR', 'E', '28'),
('TT-007-CMAP', 'ST-NOR', 'E', '29'),
('TT-007-CMAP', 'ST-NOR', 'E', '3'),
('TT-007-CMAP', 'ST-NOR', 'E', '30'),
('TT-007-CMAP', 'ST-NOR', 'E', '4'),
('TT-007-CMAP', 'ST-NOR', 'E', '5'),
('TT-007-CMAP', 'ST-NOR', 'E', '6'),
('TT-007-CMAP', 'ST-NOR', 'E', '7'),
('TT-007-CMAP', 'ST-NOR', 'E', '8'),
('TT-007-CMAP', 'ST-NOR', 'E', '9'),
('TT-007-CMAP', 'ST-NOR', 'F', '1'),
('TT-007-CMAP', 'ST-NOR', 'F', '10'),
('TT-007-CMAP', 'ST-NOR', 'F', '11'),
('TT-007-CMAP', 'ST-NOR', 'F', '12'),
('TT-007-CMAP', 'ST-NOR', 'F', '13'),
('TT-007-CMAP', 'ST-NOR', 'F', '14'),
('TT-007-CMAP', 'ST-NOR', 'F', '15'),
('TT-007-CMAP', 'ST-NOR', 'F', '16'),
('TT-007-CMAP', 'ST-NOR', 'F', '17'),
('TT-007-CMAP', 'ST-NOR', 'F', '18'),
('TT-007-CMAP', 'ST-NOR', 'F', '19'),
('TT-007-CMAP', 'ST-NOR', 'F', '2'),
('TT-007-CMAP', 'ST-NOR', 'F', '20'),
('TT-007-CMAP', 'ST-NOR', 'F', '21'),
('TT-007-CMAP', 'ST-NOR', 'F', '22'),
('TT-007-CMAP', 'ST-NOR', 'F', '23'),
('TT-007-CMAP', 'ST-NOR', 'F', '24'),
('TT-007-CMAP', 'ST-NOR', 'F', '25'),
('TT-007-CMAP', 'ST-NOR', 'F', '26'),
('TT-007-CMAP', 'ST-NOR', 'F', '27'),
('TT-007-CMAP', 'ST-NOR', 'F', '28'),
('TT-007-CMAP', 'ST-NOR', 'F', '29'),
('TT-007-CMAP', 'ST-NOR', 'F', '3'),
('TT-007-CMAP', 'ST-NOR', 'F', '30'),
('TT-007-CMAP', 'ST-NOR', 'F', '4'),
('TT-007-CMAP', 'ST-NOR', 'F', '5'),
('TT-007-CMAP', 'ST-NOR', 'F', '6'),
('TT-007-CMAP', 'ST-NOR', 'F', '7'),
('TT-007-CMAP', 'ST-NOR', 'F', '8'),
('TT-007-CMAP', 'ST-NOR', 'F', '9'),
('TT-007-CMAP', 'ST-NOR', 'G', '1'),
('TT-007-CMAP', 'ST-NOR', 'G', '10'),
('TT-007-CMAP', 'ST-NOR', 'G', '11'),
('TT-007-CMAP', 'ST-NOR', 'G', '12'),
('TT-007-CMAP', 'ST-NOR', 'G', '13'),
('TT-007-CMAP', 'ST-NOR', 'G', '14'),
('TT-007-CMAP', 'ST-NOR', 'G', '15'),
('TT-007-CMAP', 'ST-NOR', 'G', '16'),
('TT-007-CMAP', 'ST-NOR', 'G', '17'),
('TT-007-CMAP', 'ST-NOR', 'G', '18'),
('TT-007-CMAP', 'ST-NOR', 'G', '19'),
('TT-007-CMAP', 'ST-NOR', 'G', '2'),
('TT-007-CMAP', 'ST-NOR', 'G', '20'),
('TT-007-CMAP', 'ST-NOR', 'G', '21'),
('TT-007-CMAP', 'ST-NOR', 'G', '22'),
('TT-007-CMAP', 'ST-NOR', 'G', '23'),
('TT-007-CMAP', 'ST-NOR', 'G', '24'),
('TT-007-CMAP', 'ST-NOR', 'G', '25'),
('TT-007-CMAP', 'ST-NOR', 'G', '26'),
('TT-007-CMAP', 'ST-NOR', 'G', '27'),
('TT-007-CMAP', 'ST-NOR', 'G', '28'),
('TT-007-CMAP', 'ST-NOR', 'G', '29'),
('TT-007-CMAP', 'ST-NOR', 'G', '3'),
('TT-007-CMAP', 'ST-NOR', 'G', '30'),
('TT-007-CMAP', 'ST-NOR', 'G', '4'),
('TT-007-CMAP', 'ST-NOR', 'G', '5'),
('TT-007-CMAP', 'ST-NOR', 'G', '6'),
('TT-007-CMAP', 'ST-NOR', 'G', '7'),
('TT-007-CMAP', 'ST-NOR', 'G', '8'),
('TT-007-CMAP', 'ST-NOR', 'G', '9'),
('TT-007-CMAP', 'ST-NOR', 'H', '1'),
('TT-007-CMAP', 'ST-NOR', 'H', '10'),
('TT-007-CMAP', 'ST-NOR', 'H', '11'),
('TT-007-CMAP', 'ST-NOR', 'H', '12'),
('TT-007-CMAP', 'ST-NOR', 'H', '13'),
('TT-007-CMAP', 'ST-NOR', 'H', '14'),
('TT-007-CMAP', 'ST-NOR', 'H', '15'),
('TT-007-CMAP', 'ST-NOR', 'H', '16'),
('TT-007-CMAP', 'ST-NOR', 'H', '17'),
('TT-007-CMAP', 'ST-NOR', 'H', '18'),
('TT-007-CMAP', 'ST-NOR', 'H', '19'),
('TT-007-CMAP', 'ST-NOR', 'H', '2'),
('TT-007-CMAP', 'ST-NOR', 'H', '20'),
('TT-007-CMAP', 'ST-NOR', 'H', '21'),
('TT-007-CMAP', 'ST-NOR', 'H', '22'),
('TT-007-CMAP', 'ST-NOR', 'H', '23'),
('TT-007-CMAP', 'ST-NOR', 'H', '24'),
('TT-007-CMAP', 'ST-NOR', 'H', '25'),
('TT-007-CMAP', 'ST-NOR', 'H', '26'),
('TT-007-CMAP', 'ST-NOR', 'H', '27'),
('TT-007-CMAP', 'ST-NOR', 'H', '28'),
('TT-007-CMAP', 'ST-NOR', 'H', '29'),
('TT-007-CMAP', 'ST-NOR', 'H', '3'),
('TT-007-CMAP', 'ST-NOR', 'H', '30'),
('TT-007-CMAP', 'ST-NOR', 'H', '4'),
('TT-007-CMAP', 'ST-NOR', 'H', '5'),
('TT-007-CMAP', 'ST-NOR', 'H', '6'),
('TT-007-CMAP', 'ST-NOR', 'H', '7'),
('TT-007-CMAP', 'ST-NOR', 'H', '8'),
('TT-007-CMAP', 'ST-NOR', 'H', '9'),
('TT-007-CMAP', 'ST-NOR', 'I', '1'),
('TT-007-CMAP', 'ST-NOR', 'I', '10'),
('TT-007-CMAP', 'ST-NOR', 'I', '11'),
('TT-007-CMAP', 'ST-NOR', 'I', '12'),
('TT-007-CMAP', 'ST-NOR', 'I', '13'),
('TT-007-CMAP', 'ST-NOR', 'I', '14'),
('TT-007-CMAP', 'ST-NOR', 'I', '15'),
('TT-007-CMAP', 'ST-NOR', 'I', '16'),
('TT-007-CMAP', 'ST-NOR', 'I', '17'),
('TT-007-CMAP', 'ST-NOR', 'I', '18'),
('TT-007-CMAP', 'ST-NOR', 'I', '19'),
('TT-007-CMAP', 'ST-NOR', 'I', '2'),
('TT-007-CMAP', 'ST-NOR', 'I', '20'),
('TT-007-CMAP', 'ST-NOR', 'I', '21'),
('TT-007-CMAP', 'ST-NOR', 'I', '22'),
('TT-007-CMAP', 'ST-NOR', 'I', '23'),
('TT-007-CMAP', 'ST-NOR', 'I', '24'),
('TT-007-CMAP', 'ST-NOR', 'I', '25'),
('TT-007-CMAP', 'ST-NOR', 'I', '26'),
('TT-007-CMAP', 'ST-NOR', 'I', '27'),
('TT-007-CMAP', 'ST-NOR', 'I', '28'),
('TT-007-CMAP', 'ST-NOR', 'I', '29'),
('TT-007-CMAP', 'ST-NOR', 'I', '3'),
('TT-007-CMAP', 'ST-NOR', 'I', '30'),
('TT-007-CMAP', 'ST-NOR', 'I', '4'),
('TT-007-CMAP', 'ST-NOR', 'I', '5'),
('TT-007-CMAP', 'ST-NOR', 'I', '6'),
('TT-007-CMAP', 'ST-NOR', 'I', '7'),
('TT-007-CMAP', 'ST-NOR', 'I', '8'),
('TT-007-CMAP', 'ST-NOR', 'I', '9'),
('TT-007-CMAP', 'ST-NOR', 'J', '1'),
('TT-007-CMAP', 'ST-NOR', 'J', '10'),
('TT-007-CMAP', 'ST-NOR', 'J', '11'),
('TT-007-CMAP', 'ST-NOR', 'J', '12'),
('TT-007-CMAP', 'ST-NOR', 'J', '13'),
('TT-007-CMAP', 'ST-NOR', 'J', '14'),
('TT-007-CMAP', 'ST-NOR', 'J', '15'),
('TT-007-CMAP', 'ST-NOR', 'J', '16'),
('TT-007-CMAP', 'ST-NOR', 'J', '17'),
('TT-007-CMAP', 'ST-NOR', 'J', '18'),
('TT-007-CMAP', 'ST-NOR', 'J', '19'),
('TT-007-CMAP', 'ST-NOR', 'J', '2'),
('TT-007-CMAP', 'ST-NOR', 'J', '20'),
('TT-007-CMAP', 'ST-NOR', 'J', '21'),
('TT-007-CMAP', 'ST-NOR', 'J', '22'),
('TT-007-CMAP', 'ST-NOR', 'J', '23'),
('TT-007-CMAP', 'ST-NOR', 'J', '24'),
('TT-007-CMAP', 'ST-NOR', 'J', '25'),
('TT-007-CMAP', 'ST-NOR', 'J', '26'),
('TT-007-CMAP', 'ST-NOR', 'J', '27'),
('TT-007-CMAP', 'ST-NOR', 'J', '28'),
('TT-007-CMAP', 'ST-NOR', 'J', '29'),
('TT-007-CMAP', 'ST-NOR', 'J', '3'),
('TT-007-CMAP', 'ST-NOR', 'J', '30'),
('TT-007-CMAP', 'ST-NOR', 'J', '4'),
('TT-007-CMAP', 'ST-NOR', 'J', '5'),
('TT-007-CMAP', 'ST-NOR', 'J', '6'),
('TT-007-CMAP', 'ST-NOR', 'J', '7'),
('TT-007-CMAP', 'ST-NOR', 'J', '8'),
('TT-007-CMAP', 'ST-NOR', 'J', '9'),
('TT-007-CMAP', 'ST-NOR', 'K', '1'),
('TT-007-CMAP', 'ST-NOR', 'K', '10'),
('TT-007-CMAP', 'ST-NOR', 'K', '11'),
('TT-007-CMAP', 'ST-NOR', 'K', '12'),
('TT-007-CMAP', 'ST-NOR', 'K', '13'),
('TT-007-CMAP', 'ST-NOR', 'K', '14'),
('TT-007-CMAP', 'ST-NOR', 'K', '15'),
('TT-007-CMAP', 'ST-NOR', 'K', '16'),
('TT-007-CMAP', 'ST-NOR', 'K', '17'),
('TT-007-CMAP', 'ST-NOR', 'K', '18'),
('TT-007-CMAP', 'ST-NOR', 'K', '19'),
('TT-007-CMAP', 'ST-NOR', 'K', '2'),
('TT-007-CMAP', 'ST-NOR', 'K', '20'),
('TT-007-CMAP', 'ST-NOR', 'K', '21'),
('TT-007-CMAP', 'ST-NOR', 'K', '22'),
('TT-007-CMAP', 'ST-NOR', 'K', '23'),
('TT-007-CMAP', 'ST-NOR', 'K', '24'),
('TT-007-CMAP', 'ST-NOR', 'K', '25'),
('TT-007-CMAP', 'ST-NOR', 'K', '26'),
('TT-007-CMAP', 'ST-NOR', 'K', '27'),
('TT-007-CMAP', 'ST-NOR', 'K', '28'),
('TT-007-CMAP', 'ST-NOR', 'K', '29'),
('TT-007-CMAP', 'ST-NOR', 'K', '3'),
('TT-007-CMAP', 'ST-NOR', 'K', '30'),
('TT-007-CMAP', 'ST-NOR', 'K', '4'),
('TT-007-CMAP', 'ST-NOR', 'K', '5'),
('TT-007-CMAP', 'ST-NOR', 'K', '6'),
('TT-007-CMAP', 'ST-NOR', 'K', '7'),
('TT-007-CMAP', 'ST-NOR', 'K', '8'),
('TT-007-CMAP', 'ST-NOR', 'K', '9'),
('TT-007-CMAP', 'ST-NOR', 'L', '1'),
('TT-007-CMAP', 'ST-NOR', 'L', '10'),
('TT-007-CMAP', 'ST-NOR', 'L', '11'),
('TT-007-CMAP', 'ST-NOR', 'L', '12'),
('TT-007-CMAP', 'ST-NOR', 'L', '13'),
('TT-007-CMAP', 'ST-NOR', 'L', '14'),
('TT-007-CMAP', 'ST-NOR', 'L', '15'),
('TT-007-CMAP', 'ST-NOR', 'L', '16'),
('TT-007-CMAP', 'ST-NOR', 'L', '17'),
('TT-007-CMAP', 'ST-NOR', 'L', '18'),
('TT-007-CMAP', 'ST-NOR', 'L', '19'),
('TT-007-CMAP', 'ST-NOR', 'L', '2'),
('TT-007-CMAP', 'ST-NOR', 'L', '20'),
('TT-007-CMAP', 'ST-NOR', 'L', '21'),
('TT-007-CMAP', 'ST-NOR', 'L', '22'),
('TT-007-CMAP', 'ST-NOR', 'L', '23'),
('TT-007-CMAP', 'ST-NOR', 'L', '24'),
('TT-007-CMAP', 'ST-NOR', 'L', '25'),
('TT-007-CMAP', 'ST-NOR', 'L', '26'),
('TT-007-CMAP', 'ST-NOR', 'L', '27'),
('TT-007-CMAP', 'ST-NOR', 'L', '28'),
('TT-007-CMAP', 'ST-NOR', 'L', '29'),
('TT-007-CMAP', 'ST-NOR', 'L', '3'),
('TT-007-CMAP', 'ST-NOR', 'L', '30'),
('TT-007-CMAP', 'ST-NOR', 'L', '4'),
('TT-007-CMAP', 'ST-NOR', 'L', '5'),
('TT-007-CMAP', 'ST-NOR', 'L', '6'),
('TT-007-CMAP', 'ST-NOR', 'L', '7'),
('TT-007-CMAP', 'ST-NOR', 'L', '8'),
('TT-007-CMAP', 'ST-NOR', 'L', '9'),
('TT-007-CMAP', 'ST-NOR', 'M', '1'),
('TT-007-CMAP', 'ST-NOR', 'M', '10'),
('TT-007-CMAP', 'ST-NOR', 'M', '11'),
('TT-007-CMAP', 'ST-NOR', 'M', '12'),
('TT-007-CMAP', 'ST-NOR', 'M', '13'),
('TT-007-CMAP', 'ST-NOR', 'M', '14'),
('TT-007-CMAP', 'ST-NOR', 'M', '15'),
('TT-007-CMAP', 'ST-NOR', 'M', '16'),
('TT-007-CMAP', 'ST-NOR', 'M', '17'),
('TT-007-CMAP', 'ST-NOR', 'M', '18'),
('TT-007-CMAP', 'ST-NOR', 'M', '19'),
('TT-007-CMAP', 'ST-NOR', 'M', '2'),
('TT-007-CMAP', 'ST-NOR', 'M', '20'),
('TT-007-CMAP', 'ST-NOR', 'M', '21'),
('TT-007-CMAP', 'ST-NOR', 'M', '22'),
('TT-007-CMAP', 'ST-NOR', 'M', '23'),
('TT-007-CMAP', 'ST-NOR', 'M', '24'),
('TT-007-CMAP', 'ST-NOR', 'M', '25'),
('TT-007-CMAP', 'ST-NOR', 'M', '26'),
('TT-007-CMAP', 'ST-NOR', 'M', '27'),
('TT-007-CMAP', 'ST-NOR', 'M', '28'),
('TT-007-CMAP', 'ST-NOR', 'M', '29'),
('TT-007-CMAP', 'ST-NOR', 'M', '3'),
('TT-007-CMAP', 'ST-NOR', 'M', '30'),
('TT-007-CMAP', 'ST-NOR', 'M', '4'),
('TT-007-CMAP', 'ST-NOR', 'M', '5'),
('TT-007-CMAP', 'ST-NOR', 'M', '6'),
('TT-007-CMAP', 'ST-NOR', 'M', '7'),
('TT-007-CMAP', 'ST-NOR', 'M', '8'),
('TT-007-CMAP', 'ST-NOR', 'M', '9'),
('TT-007-CMAP', 'ST-NOR', 'N', '1'),
('TT-007-CMAP', 'ST-NOR', 'N', '10'),
('TT-007-CMAP', 'ST-NOR', 'N', '11'),
('TT-007-CMAP', 'ST-NOR', 'N', '12'),
('TT-007-CMAP', 'ST-NOR', 'N', '13'),
('TT-007-CMAP', 'ST-NOR', 'N', '14'),
('TT-007-CMAP', 'ST-NOR', 'N', '15'),
('TT-007-CMAP', 'ST-NOR', 'N', '16'),
('TT-007-CMAP', 'ST-NOR', 'N', '17'),
('TT-007-CMAP', 'ST-NOR', 'N', '18'),
('TT-007-CMAP', 'ST-NOR', 'N', '19'),
('TT-007-CMAP', 'ST-NOR', 'N', '2'),
('TT-007-CMAP', 'ST-NOR', 'N', '20'),
('TT-007-CMAP', 'ST-NOR', 'N', '21'),
('TT-007-CMAP', 'ST-NOR', 'N', '22'),
('TT-007-CMAP', 'ST-NOR', 'N', '23'),
('TT-007-CMAP', 'ST-NOR', 'N', '24'),
('TT-007-CMAP', 'ST-NOR', 'N', '25'),
('TT-007-CMAP', 'ST-NOR', 'N', '26'),
('TT-007-CMAP', 'ST-NOR', 'N', '27'),
('TT-007-CMAP', 'ST-NOR', 'N', '28'),
('TT-007-CMAP', 'ST-NOR', 'N', '29'),
('TT-007-CMAP', 'ST-NOR', 'N', '3'),
('TT-007-CMAP', 'ST-NOR', 'N', '30'),
('TT-007-CMAP', 'ST-NOR', 'N', '4'),
('TT-007-CMAP', 'ST-NOR', 'N', '5'),
('TT-007-CMAP', 'ST-NOR', 'N', '6'),
('TT-007-CMAP', 'ST-NOR', 'N', '7'),
('TT-007-CMAP', 'ST-NOR', 'N', '8'),
('TT-007-CMAP', 'ST-NOR', 'N', '9'),
('TT-007-CMAP', 'ST-NOR', 'O', '1'),
('TT-007-CMAP', 'ST-NOR', 'O', '10'),
('TT-007-CMAP', 'ST-NOR', 'O', '11'),
('TT-007-CMAP', 'ST-NOR', 'O', '12'),
('TT-007-CMAP', 'ST-NOR', 'O', '13'),
('TT-007-CMAP', 'ST-NOR', 'O', '14'),
('TT-007-CMAP', 'ST-NOR', 'O', '15'),
('TT-007-CMAP', 'ST-NOR', 'O', '16'),
('TT-007-CMAP', 'ST-NOR', 'O', '17'),
('TT-007-CMAP', 'ST-NOR', 'O', '18'),
('TT-007-CMAP', 'ST-NOR', 'O', '19'),
('TT-007-CMAP', 'ST-NOR', 'O', '2'),
('TT-007-CMAP', 'ST-NOR', 'O', '20'),
('TT-007-CMAP', 'ST-NOR', 'O', '21'),
('TT-007-CMAP', 'ST-NOR', 'O', '22'),
('TT-007-CMAP', 'ST-NOR', 'O', '23'),
('TT-007-CMAP', 'ST-NOR', 'O', '24'),
('TT-007-CMAP', 'ST-NOR', 'O', '25'),
('TT-007-CMAP', 'ST-NOR', 'O', '26'),
('TT-007-CMAP', 'ST-NOR', 'O', '27'),
('TT-007-CMAP', 'ST-NOR', 'O', '28'),
('TT-007-CMAP', 'ST-NOR', 'O', '29'),
('TT-007-CMAP', 'ST-NOR', 'O', '3'),
('TT-007-CMAP', 'ST-NOR', 'O', '30'),
('TT-007-CMAP', 'ST-NOR', 'O', '4'),
('TT-007-CMAP', 'ST-NOR', 'O', '5'),
('TT-007-CMAP', 'ST-NOR', 'O', '6'),
('TT-007-CMAP', 'ST-NOR', 'O', '7'),
('TT-007-CMAP', 'ST-NOR', 'O', '8'),
('TT-007-CMAP', 'ST-NOR', 'O', '9'),
('TT-007-CMAP', 'ST-NOR', 'P', '1'),
('TT-007-CMAP', 'ST-NOR', 'P', '10'),
('TT-007-CMAP', 'ST-NOR', 'P', '11'),
('TT-007-CMAP', 'ST-NOR', 'P', '12'),
('TT-007-CMAP', 'ST-NOR', 'P', '13'),
('TT-007-CMAP', 'ST-NOR', 'P', '14'),
('TT-007-CMAP', 'ST-NOR', 'P', '15'),
('TT-007-CMAP', 'ST-NOR', 'P', '16'),
('TT-007-CMAP', 'ST-NOR', 'P', '17'),
('TT-007-CMAP', 'ST-NOR', 'P', '18'),
('TT-007-CMAP', 'ST-NOR', 'P', '19'),
('TT-007-CMAP', 'ST-NOR', 'P', '2'),
('TT-007-CMAP', 'ST-NOR', 'P', '20'),
('TT-007-CMAP', 'ST-NOR', 'P', '21'),
('TT-007-CMAP', 'ST-NOR', 'P', '22'),
('TT-007-CMAP', 'ST-NOR', 'P', '23'),
('TT-007-CMAP', 'ST-NOR', 'P', '24'),
('TT-007-CMAP', 'ST-NOR', 'P', '25'),
('TT-007-CMAP', 'ST-NOR', 'P', '26'),
('TT-007-CMAP', 'ST-NOR', 'P', '27'),
('TT-007-CMAP', 'ST-NOR', 'P', '28'),
('TT-007-CMAP', 'ST-NOR', 'P', '29'),
('TT-007-CMAP', 'ST-NOR', 'P', '3'),
('TT-007-CMAP', 'ST-NOR', 'P', '30'),
('TT-007-CMAP', 'ST-NOR', 'P', '4'),
('TT-007-CMAP', 'ST-NOR', 'P', '5'),
('TT-007-CMAP', 'ST-NOR', 'P', '6'),
('TT-007-CMAP', 'ST-NOR', 'P', '7'),
('TT-007-CMAP', 'ST-NOR', 'P', '8'),
('TT-007-CMAP', 'ST-NOR', 'P', '9'),
('TT-007-CMAP', 'ST-NOR', 'Q', '1'),
('TT-007-CMAP', 'ST-NOR', 'Q', '10'),
('TT-007-CMAP', 'ST-NOR', 'Q', '11'),
('TT-007-CMAP', 'ST-NOR', 'Q', '12'),
('TT-007-CMAP', 'ST-NOR', 'Q', '13'),
('TT-007-CMAP', 'ST-NOR', 'Q', '14'),
('TT-007-CMAP', 'ST-NOR', 'Q', '15'),
('TT-007-CMAP', 'ST-NOR', 'Q', '16'),
('TT-007-CMAP', 'ST-NOR', 'Q', '17'),
('TT-007-CMAP', 'ST-NOR', 'Q', '18'),
('TT-007-CMAP', 'ST-NOR', 'Q', '19'),
('TT-007-CMAP', 'ST-NOR', 'Q', '2'),
('TT-007-CMAP', 'ST-NOR', 'Q', '20'),
('TT-007-CMAP', 'ST-NOR', 'Q', '21'),
('TT-007-CMAP', 'ST-NOR', 'Q', '22'),
('TT-007-CMAP', 'ST-NOR', 'Q', '23'),
('TT-007-CMAP', 'ST-NOR', 'Q', '24'),
('TT-007-CMAP', 'ST-NOR', 'Q', '25'),
('TT-007-CMAP', 'ST-NOR', 'Q', '26'),
('TT-007-CMAP', 'ST-NOR', 'Q', '27'),
('TT-007-CMAP', 'ST-NOR', 'Q', '28'),
('TT-007-CMAP', 'ST-NOR', 'Q', '29'),
('TT-007-CMAP', 'ST-NOR', 'Q', '3'),
('TT-007-CMAP', 'ST-NOR', 'Q', '30'),
('TT-007-CMAP', 'ST-NOR', 'Q', '4'),
('TT-007-CMAP', 'ST-NOR', 'Q', '5'),
('TT-007-CMAP', 'ST-NOR', 'Q', '6'),
('TT-007-CMAP', 'ST-NOR', 'Q', '7'),
('TT-007-CMAP', 'ST-NOR', 'Q', '8'),
('TT-007-CMAP', 'ST-NOR', 'Q', '9'),
('TT-007-CMAP', 'ST-NOR', 'R', '1'),
('TT-007-CMAP', 'ST-NOR', 'R', '10'),
('TT-007-CMAP', 'ST-NOR', 'R', '11'),
('TT-007-CMAP', 'ST-NOR', 'R', '12'),
('TT-007-CMAP', 'ST-NOR', 'R', '13'),
('TT-007-CMAP', 'ST-NOR', 'R', '14'),
('TT-007-CMAP', 'ST-NOR', 'R', '15'),
('TT-007-CMAP', 'ST-NOR', 'R', '16'),
('TT-007-CMAP', 'ST-NOR', 'R', '17'),
('TT-007-CMAP', 'ST-NOR', 'R', '18'),
('TT-007-CMAP', 'ST-NOR', 'R', '19'),
('TT-007-CMAP', 'ST-NOR', 'R', '2'),
('TT-007-CMAP', 'ST-NOR', 'R', '20'),
('TT-007-CMAP', 'ST-NOR', 'R', '21'),
('TT-007-CMAP', 'ST-NOR', 'R', '22'),
('TT-007-CMAP', 'ST-NOR', 'R', '23'),
('TT-007-CMAP', 'ST-NOR', 'R', '24'),
('TT-007-CMAP', 'ST-NOR', 'R', '25'),
('TT-007-CMAP', 'ST-NOR', 'R', '26'),
('TT-007-CMAP', 'ST-NOR', 'R', '27'),
('TT-007-CMAP', 'ST-NOR', 'R', '28'),
('TT-007-CMAP', 'ST-NOR', 'R', '29'),
('TT-007-CMAP', 'ST-NOR', 'R', '3'),
('TT-007-CMAP', 'ST-NOR', 'R', '30'),
('TT-007-CMAP', 'ST-NOR', 'R', '4'),
('TT-007-CMAP', 'ST-NOR', 'R', '5'),
('TT-007-CMAP', 'ST-NOR', 'R', '6'),
('TT-007-CMAP', 'ST-NOR', 'R', '7'),
('TT-007-CMAP', 'ST-NOR', 'R', '8'),
('TT-007-CMAP', 'ST-NOR', 'R', '9'),
('TT-007-CMAP', 'ST-ULT', 'AA', '1'),
('TT-007-CMAP', 'ST-ULT', 'AA', '10'),
('TT-007-CMAP', 'ST-ULT', 'AA', '11'),
('TT-007-CMAP', 'ST-ULT', 'AA', '12'),
('TT-007-CMAP', 'ST-ULT', 'AA', '13'),
('TT-007-CMAP', 'ST-ULT', 'AA', '14'),
('TT-007-CMAP', 'ST-ULT', 'AA', '15'),
('TT-007-CMAP', 'ST-ULT', 'AA', '16'),
('TT-007-CMAP', 'ST-ULT', 'AA', '17'),
('TT-007-CMAP', 'ST-ULT', 'AA', '18'),
('TT-007-CMAP', 'ST-ULT', 'AA', '2'),
('TT-007-CMAP', 'ST-ULT', 'AA', '3'),
('TT-007-CMAP', 'ST-ULT', 'AA', '4'),
('TT-007-CMAP', 'ST-ULT', 'AA', '5'),
('TT-007-CMAP', 'ST-ULT', 'AA', '6'),
('TT-007-CMAP', 'ST-ULT', 'AA', '7'),
('TT-007-CMAP', 'ST-ULT', 'AA', '8'),
('TT-007-CMAP', 'ST-ULT', 'AA', '9'),
('TT-007-ESCR', 'ST-HNY', 'A', '1'),
('TT-007-ESCR', 'ST-HNY', 'A', '10'),
('TT-007-ESCR', 'ST-HNY', 'A', '11'),
('TT-007-ESCR', 'ST-HNY', 'A', '12'),
('TT-007-ESCR', 'ST-HNY', 'A', '13'),
('TT-007-ESCR', 'ST-HNY', 'A', '14'),
('TT-007-ESCR', 'ST-HNY', 'A', '15'),
('TT-007-ESCR', 'ST-HNY', 'A', '16'),
('TT-007-ESCR', 'ST-HNY', 'A', '17'),
('TT-007-ESCR', 'ST-HNY', 'A', '18'),
('TT-007-ESCR', 'ST-HNY', 'A', '19'),
('TT-007-ESCR', 'ST-HNY', 'A', '2'),
('TT-007-ESCR', 'ST-HNY', 'A', '20'),
('TT-007-ESCR', 'ST-HNY', 'A', '3'),
('TT-007-ESCR', 'ST-HNY', 'A', '4'),
('TT-007-ESCR', 'ST-HNY', 'A', '5'),
('TT-007-ESCR', 'ST-HNY', 'A', '6'),
('TT-007-ESCR', 'ST-HNY', 'A', '7'),
('TT-007-ESCR', 'ST-HNY', 'A', '8'),
('TT-007-ESCR', 'ST-HNY', 'A', '9'),
('TT-007-ESCR', 'ST-HNY', 'B', '1'),
('TT-007-ESCR', 'ST-HNY', 'B', '10'),
('TT-007-ESCR', 'ST-HNY', 'B', '11'),
('TT-007-ESCR', 'ST-HNY', 'B', '12'),
('TT-007-ESCR', 'ST-HNY', 'B', '13'),
('TT-007-ESCR', 'ST-HNY', 'B', '14'),
('TT-007-ESCR', 'ST-HNY', 'B', '15'),
('TT-007-ESCR', 'ST-HNY', 'B', '16'),
('TT-007-ESCR', 'ST-HNY', 'B', '17'),
('TT-007-ESCR', 'ST-HNY', 'B', '18'),
('TT-007-ESCR', 'ST-HNY', 'B', '19'),
('TT-007-ESCR', 'ST-HNY', 'B', '2'),
('TT-007-ESCR', 'ST-HNY', 'B', '20'),
('TT-007-ESCR', 'ST-HNY', 'B', '3'),
('TT-007-ESCR', 'ST-HNY', 'B', '4'),
('TT-007-ESCR', 'ST-HNY', 'B', '5'),
('TT-007-ESCR', 'ST-HNY', 'B', '6'),
('TT-007-ESCR', 'ST-HNY', 'B', '7'),
('TT-007-ESCR', 'ST-HNY', 'B', '8'),
('TT-007-ESCR', 'ST-HNY', 'B', '9'),
('TT-007-ESCR', 'ST-HNY', 'C', '1'),
('TT-007-ESCR', 'ST-HNY', 'C', '10'),
('TT-007-ESCR', 'ST-HNY', 'C', '11'),
('TT-007-ESCR', 'ST-HNY', 'C', '12'),
('TT-007-ESCR', 'ST-HNY', 'C', '13'),
('TT-007-ESCR', 'ST-HNY', 'C', '14'),
('TT-007-ESCR', 'ST-HNY', 'C', '15'),
('TT-007-ESCR', 'ST-HNY', 'C', '16'),
('TT-007-ESCR', 'ST-HNY', 'C', '17'),
('TT-007-ESCR', 'ST-HNY', 'C', '18'),
('TT-007-ESCR', 'ST-HNY', 'C', '19'),
('TT-007-ESCR', 'ST-HNY', 'C', '2'),
('TT-007-ESCR', 'ST-HNY', 'C', '20'),
('TT-007-ESCR', 'ST-HNY', 'C', '3'),
('TT-007-ESCR', 'ST-HNY', 'C', '4'),
('TT-007-ESCR', 'ST-HNY', 'C', '5'),
('TT-007-ESCR', 'ST-HNY', 'C', '6'),
('TT-007-ESCR', 'ST-HNY', 'C', '7'),
('TT-007-ESCR', 'ST-HNY', 'C', '8'),
('TT-007-ESCR', 'ST-HNY', 'C', '9'),
('TT-007-ESCR', 'ST-NOR', 'D', '1'),
('TT-007-ESCR', 'ST-NOR', 'D', '10'),
('TT-007-ESCR', 'ST-NOR', 'D', '11'),
('TT-007-ESCR', 'ST-NOR', 'D', '12'),
('TT-007-ESCR', 'ST-NOR', 'D', '13'),
('TT-007-ESCR', 'ST-NOR', 'D', '14'),
('TT-007-ESCR', 'ST-NOR', 'D', '15'),
('TT-007-ESCR', 'ST-NOR', 'D', '16'),
('TT-007-ESCR', 'ST-NOR', 'D', '17'),
('TT-007-ESCR', 'ST-NOR', 'D', '18'),
('TT-007-ESCR', 'ST-NOR', 'D', '19'),
('TT-007-ESCR', 'ST-NOR', 'D', '2'),
('TT-007-ESCR', 'ST-NOR', 'D', '20'),
('TT-007-ESCR', 'ST-NOR', 'D', '3'),
('TT-007-ESCR', 'ST-NOR', 'D', '4'),
('TT-007-ESCR', 'ST-NOR', 'D', '5'),
('TT-007-ESCR', 'ST-NOR', 'D', '6'),
('TT-007-ESCR', 'ST-NOR', 'D', '7'),
('TT-007-ESCR', 'ST-NOR', 'D', '8'),
('TT-007-ESCR', 'ST-NOR', 'D', '9'),
('TT-007-ESCR', 'ST-NOR', 'E', '1'),
('TT-007-ESCR', 'ST-NOR', 'E', '10'),
('TT-007-ESCR', 'ST-NOR', 'E', '11'),
('TT-007-ESCR', 'ST-NOR', 'E', '12'),
('TT-007-ESCR', 'ST-NOR', 'E', '13'),
('TT-007-ESCR', 'ST-NOR', 'E', '14'),
('TT-007-ESCR', 'ST-NOR', 'E', '15'),
('TT-007-ESCR', 'ST-NOR', 'E', '16'),
('TT-007-ESCR', 'ST-NOR', 'E', '17'),
('TT-007-ESCR', 'ST-NOR', 'E', '18'),
('TT-007-ESCR', 'ST-NOR', 'E', '19'),
('TT-007-ESCR', 'ST-NOR', 'E', '2'),
('TT-007-ESCR', 'ST-NOR', 'E', '20'),
('TT-007-ESCR', 'ST-NOR', 'E', '3'),
('TT-007-ESCR', 'ST-NOR', 'E', '4'),
('TT-007-ESCR', 'ST-NOR', 'E', '5'),
('TT-007-ESCR', 'ST-NOR', 'E', '6'),
('TT-007-ESCR', 'ST-NOR', 'E', '7'),
('TT-007-ESCR', 'ST-NOR', 'E', '8'),
('TT-007-ESCR', 'ST-NOR', 'E', '9'),
('TT-007-ESCR', 'ST-NOR', 'F', '1'),
('TT-007-ESCR', 'ST-NOR', 'F', '10'),
('TT-007-ESCR', 'ST-NOR', 'F', '11'),
('TT-007-ESCR', 'ST-NOR', 'F', '12'),
('TT-007-ESCR', 'ST-NOR', 'F', '13'),
('TT-007-ESCR', 'ST-NOR', 'F', '14'),
('TT-007-ESCR', 'ST-NOR', 'F', '15'),
('TT-007-ESCR', 'ST-NOR', 'F', '16'),
('TT-007-ESCR', 'ST-NOR', 'F', '17'),
('TT-007-ESCR', 'ST-NOR', 'F', '18'),
('TT-007-ESCR', 'ST-NOR', 'F', '19'),
('TT-007-ESCR', 'ST-NOR', 'F', '2'),
('TT-007-ESCR', 'ST-NOR', 'F', '20'),
('TT-007-ESCR', 'ST-NOR', 'F', '3'),
('TT-007-ESCR', 'ST-NOR', 'F', '4'),
('TT-007-ESCR', 'ST-NOR', 'F', '5'),
('TT-007-ESCR', 'ST-NOR', 'F', '6'),
('TT-007-ESCR', 'ST-NOR', 'F', '7'),
('TT-007-ESCR', 'ST-NOR', 'F', '8'),
('TT-007-ESCR', 'ST-NOR', 'F', '9'),
('TT-007-ESCR', 'ST-NOR', 'G', '1'),
('TT-007-ESCR', 'ST-NOR', 'G', '10'),
('TT-007-ESCR', 'ST-NOR', 'G', '11'),
('TT-007-ESCR', 'ST-NOR', 'G', '12'),
('TT-007-ESCR', 'ST-NOR', 'G', '13'),
('TT-007-ESCR', 'ST-NOR', 'G', '14'),
('TT-007-ESCR', 'ST-NOR', 'G', '15'),
('TT-007-ESCR', 'ST-NOR', 'G', '16'),
('TT-007-ESCR', 'ST-NOR', 'G', '17'),
('TT-007-ESCR', 'ST-NOR', 'G', '18'),
('TT-007-ESCR', 'ST-NOR', 'G', '19'),
('TT-007-ESCR', 'ST-NOR', 'G', '2'),
('TT-007-ESCR', 'ST-NOR', 'G', '20'),
('TT-007-ESCR', 'ST-NOR', 'G', '3'),
('TT-007-ESCR', 'ST-NOR', 'G', '4'),
('TT-007-ESCR', 'ST-NOR', 'G', '5'),
('TT-007-ESCR', 'ST-NOR', 'G', '6'),
('TT-007-ESCR', 'ST-NOR', 'G', '7'),
('TT-007-ESCR', 'ST-NOR', 'G', '8'),
('TT-007-ESCR', 'ST-NOR', 'G', '9'),
('TT-007-ESCR', 'ST-NOR', 'H', '1'),
('TT-007-ESCR', 'ST-NOR', 'H', '10'),
('TT-007-ESCR', 'ST-NOR', 'H', '11'),
('TT-007-ESCR', 'ST-NOR', 'H', '12'),
('TT-007-ESCR', 'ST-NOR', 'H', '13'),
('TT-007-ESCR', 'ST-NOR', 'H', '14'),
('TT-007-ESCR', 'ST-NOR', 'H', '15'),
('TT-007-ESCR', 'ST-NOR', 'H', '16'),
('TT-007-ESCR', 'ST-NOR', 'H', '17'),
('TT-007-ESCR', 'ST-NOR', 'H', '18'),
('TT-007-ESCR', 'ST-NOR', 'H', '19'),
('TT-007-ESCR', 'ST-NOR', 'H', '2'),
('TT-007-ESCR', 'ST-NOR', 'H', '20'),
('TT-007-ESCR', 'ST-NOR', 'H', '3'),
('TT-007-ESCR', 'ST-NOR', 'H', '4'),
('TT-007-ESCR', 'ST-NOR', 'H', '5'),
('TT-007-ESCR', 'ST-NOR', 'H', '6'),
('TT-007-ESCR', 'ST-NOR', 'H', '7'),
('TT-007-ESCR', 'ST-NOR', 'H', '8'),
('TT-007-ESCR', 'ST-NOR', 'H', '9'),
('TT-007-ESCR', 'ST-NOR', 'I', '1'),
('TT-007-ESCR', 'ST-NOR', 'I', '10'),
('TT-007-ESCR', 'ST-NOR', 'I', '11'),
('TT-007-ESCR', 'ST-NOR', 'I', '12'),
('TT-007-ESCR', 'ST-NOR', 'I', '13'),
('TT-007-ESCR', 'ST-NOR', 'I', '14'),
('TT-007-ESCR', 'ST-NOR', 'I', '15'),
('TT-007-ESCR', 'ST-NOR', 'I', '16'),
('TT-007-ESCR', 'ST-NOR', 'I', '17'),
('TT-007-ESCR', 'ST-NOR', 'I', '18'),
('TT-007-ESCR', 'ST-NOR', 'I', '19'),
('TT-007-ESCR', 'ST-NOR', 'I', '2'),
('TT-007-ESCR', 'ST-NOR', 'I', '20'),
('TT-007-ESCR', 'ST-NOR', 'I', '3'),
('TT-007-ESCR', 'ST-NOR', 'I', '4'),
('TT-007-ESCR', 'ST-NOR', 'I', '5'),
('TT-007-ESCR', 'ST-NOR', 'I', '6'),
('TT-007-ESCR', 'ST-NOR', 'I', '7'),
('TT-007-ESCR', 'ST-NOR', 'I', '8'),
('TT-007-ESCR', 'ST-NOR', 'I', '9'),
('TT-007-ESCR', 'ST-NOR', 'J', '1'),
('TT-007-ESCR', 'ST-NOR', 'J', '10'),
('TT-007-ESCR', 'ST-NOR', 'J', '11'),
('TT-007-ESCR', 'ST-NOR', 'J', '12'),
('TT-007-ESCR', 'ST-NOR', 'J', '13'),
('TT-007-ESCR', 'ST-NOR', 'J', '14'),
('TT-007-ESCR', 'ST-NOR', 'J', '15'),
('TT-007-ESCR', 'ST-NOR', 'J', '16'),
('TT-007-ESCR', 'ST-NOR', 'J', '17'),
('TT-007-ESCR', 'ST-NOR', 'J', '18'),
('TT-007-ESCR', 'ST-NOR', 'J', '19'),
('TT-007-ESCR', 'ST-NOR', 'J', '2'),
('TT-007-ESCR', 'ST-NOR', 'J', '20'),
('TT-007-ESCR', 'ST-NOR', 'J', '3'),
('TT-007-ESCR', 'ST-NOR', 'J', '4'),
('TT-007-ESCR', 'ST-NOR', 'J', '5'),
('TT-007-ESCR', 'ST-NOR', 'J', '6'),
('TT-007-ESCR', 'ST-NOR', 'J', '7'),
('TT-007-ESCR', 'ST-NOR', 'J', '8'),
('TT-007-ESCR', 'ST-NOR', 'J', '9'),
('TT-007-ESCR', 'ST-NOR', 'K', '1'),
('TT-007-ESCR', 'ST-NOR', 'K', '10'),
('TT-007-ESCR', 'ST-NOR', 'K', '11'),
('TT-007-ESCR', 'ST-NOR', 'K', '12'),
('TT-007-ESCR', 'ST-NOR', 'K', '13'),
('TT-007-ESCR', 'ST-NOR', 'K', '14'),
('TT-007-ESCR', 'ST-NOR', 'K', '15'),
('TT-007-ESCR', 'ST-NOR', 'K', '16'),
('TT-007-ESCR', 'ST-NOR', 'K', '17'),
('TT-007-ESCR', 'ST-NOR', 'K', '18'),
('TT-007-ESCR', 'ST-NOR', 'K', '19'),
('TT-007-ESCR', 'ST-NOR', 'K', '2'),
('TT-007-ESCR', 'ST-NOR', 'K', '20'),
('TT-007-ESCR', 'ST-NOR', 'K', '3'),
('TT-007-ESCR', 'ST-NOR', 'K', '4'),
('TT-007-ESCR', 'ST-NOR', 'K', '5'),
('TT-007-ESCR', 'ST-NOR', 'K', '6'),
('TT-007-ESCR', 'ST-NOR', 'K', '7'),
('TT-007-ESCR', 'ST-NOR', 'K', '8'),
('TT-007-ESCR', 'ST-NOR', 'K', '9'),
('TT-007-ESCR', 'ST-NOR', 'L', '1'),
('TT-007-ESCR', 'ST-NOR', 'L', '10'),
('TT-007-ESCR', 'ST-NOR', 'L', '11'),
('TT-007-ESCR', 'ST-NOR', 'L', '12'),
('TT-007-ESCR', 'ST-NOR', 'L', '13'),
('TT-007-ESCR', 'ST-NOR', 'L', '14'),
('TT-007-ESCR', 'ST-NOR', 'L', '15'),
('TT-007-ESCR', 'ST-NOR', 'L', '16'),
('TT-007-ESCR', 'ST-NOR', 'L', '17'),
('TT-007-ESCR', 'ST-NOR', 'L', '18'),
('TT-007-ESCR', 'ST-NOR', 'L', '19'),
('TT-007-ESCR', 'ST-NOR', 'L', '2'),
('TT-007-ESCR', 'ST-NOR', 'L', '20'),
('TT-007-ESCR', 'ST-NOR', 'L', '3'),
('TT-007-ESCR', 'ST-NOR', 'L', '4'),
('TT-007-ESCR', 'ST-NOR', 'L', '5'),
('TT-007-ESCR', 'ST-NOR', 'L', '6'),
('TT-007-ESCR', 'ST-NOR', 'L', '7'),
('TT-007-ESCR', 'ST-NOR', 'L', '8'),
('TT-007-ESCR', 'ST-NOR', 'L', '9'),
('TT-007-ESCR', 'ST-NOR', 'M', '1'),
('TT-007-ESCR', 'ST-NOR', 'M', '10'),
('TT-007-ESCR', 'ST-NOR', 'M', '11'),
('TT-007-ESCR', 'ST-NOR', 'M', '12'),
('TT-007-ESCR', 'ST-NOR', 'M', '13'),
('TT-007-ESCR', 'ST-NOR', 'M', '14'),
('TT-007-ESCR', 'ST-NOR', 'M', '15'),
('TT-007-ESCR', 'ST-NOR', 'M', '16'),
('TT-007-ESCR', 'ST-NOR', 'M', '17'),
('TT-007-ESCR', 'ST-NOR', 'M', '18'),
('TT-007-ESCR', 'ST-NOR', 'M', '19'),
('TT-007-ESCR', 'ST-NOR', 'M', '2'),
('TT-007-ESCR', 'ST-NOR', 'M', '20'),
('TT-007-ESCR', 'ST-NOR', 'M', '3'),
('TT-007-ESCR', 'ST-NOR', 'M', '4'),
('TT-007-ESCR', 'ST-NOR', 'M', '5'),
('TT-007-ESCR', 'ST-NOR', 'M', '6'),
('TT-007-ESCR', 'ST-NOR', 'M', '7'),
('TT-007-ESCR', 'ST-NOR', 'M', '8'),
('TT-007-ESCR', 'ST-NOR', 'M', '9'),
('TT-007-ESCR', 'ST-NOR', 'N', '1'),
('TT-007-ESCR', 'ST-NOR', 'N', '10'),
('TT-007-ESCR', 'ST-NOR', 'N', '11'),
('TT-007-ESCR', 'ST-NOR', 'N', '12'),
('TT-007-ESCR', 'ST-NOR', 'N', '13'),
('TT-007-ESCR', 'ST-NOR', 'N', '14'),
('TT-007-ESCR', 'ST-NOR', 'N', '15'),
('TT-007-ESCR', 'ST-NOR', 'N', '16'),
('TT-007-ESCR', 'ST-NOR', 'N', '17'),
('TT-007-ESCR', 'ST-NOR', 'N', '18'),
('TT-007-ESCR', 'ST-NOR', 'N', '19'),
('TT-007-ESCR', 'ST-NOR', 'N', '2'),
('TT-007-ESCR', 'ST-NOR', 'N', '20'),
('TT-007-ESCR', 'ST-NOR', 'N', '3'),
('TT-007-ESCR', 'ST-NOR', 'N', '4'),
('TT-007-ESCR', 'ST-NOR', 'N', '5'),
('TT-007-ESCR', 'ST-NOR', 'N', '6'),
('TT-007-ESCR', 'ST-NOR', 'N', '7'),
('TT-007-ESCR', 'ST-NOR', 'N', '8'),
('TT-007-ESCR', 'ST-NOR', 'N', '9'),
('TT-007-ETVC', 'ST-NOR', 'D', '1'),
('TT-007-ETVC', 'ST-NOR', 'D', '10'),
('TT-007-ETVC', 'ST-NOR', 'D', '11'),
('TT-007-ETVC', 'ST-NOR', 'D', '12'),
('TT-007-ETVC', 'ST-NOR', 'D', '13'),
('TT-007-ETVC', 'ST-NOR', 'D', '14'),
('TT-007-ETVC', 'ST-NOR', 'D', '15'),
('TT-007-ETVC', 'ST-NOR', 'D', '16'),
('TT-007-ETVC', 'ST-NOR', 'D', '17'),
('TT-007-ETVC', 'ST-NOR', 'D', '18'),
('TT-007-ETVC', 'ST-NOR', 'D', '19'),
('TT-007-ETVC', 'ST-NOR', 'D', '2'),
('TT-007-ETVC', 'ST-NOR', 'D', '20'),
('TT-007-ETVC', 'ST-NOR', 'D', '3'),
('TT-007-ETVC', 'ST-NOR', 'D', '4'),
('TT-007-ETVC', 'ST-NOR', 'D', '5'),
('TT-007-ETVC', 'ST-NOR', 'D', '6'),
('TT-007-ETVC', 'ST-NOR', 'D', '7'),
('TT-007-ETVC', 'ST-NOR', 'D', '8'),
('TT-007-ETVC', 'ST-NOR', 'D', '9'),
('TT-007-ETVC', 'ST-NOR', 'E', '1'),
('TT-007-ETVC', 'ST-NOR', 'E', '10'),
('TT-007-ETVC', 'ST-NOR', 'E', '11'),
('TT-007-ETVC', 'ST-NOR', 'E', '12'),
('TT-007-ETVC', 'ST-NOR', 'E', '13'),
('TT-007-ETVC', 'ST-NOR', 'E', '14'),
('TT-007-ETVC', 'ST-NOR', 'E', '15'),
('TT-007-ETVC', 'ST-NOR', 'E', '16'),
('TT-007-ETVC', 'ST-NOR', 'E', '17'),
('TT-007-ETVC', 'ST-NOR', 'E', '18'),
('TT-007-ETVC', 'ST-NOR', 'E', '19'),
('TT-007-ETVC', 'ST-NOR', 'E', '2'),
('TT-007-ETVC', 'ST-NOR', 'E', '20'),
('TT-007-ETVC', 'ST-NOR', 'E', '3'),
('TT-007-ETVC', 'ST-NOR', 'E', '4'),
('TT-007-ETVC', 'ST-NOR', 'E', '5'),
('TT-007-ETVC', 'ST-NOR', 'E', '6'),
('TT-007-ETVC', 'ST-NOR', 'E', '7'),
('TT-007-ETVC', 'ST-NOR', 'E', '8'),
('TT-007-ETVC', 'ST-NOR', 'E', '9'),
('TT-007-ETVC', 'ST-NOR', 'F', '1'),
('TT-007-ETVC', 'ST-NOR', 'F', '10'),
('TT-007-ETVC', 'ST-NOR', 'F', '11'),
('TT-007-ETVC', 'ST-NOR', 'F', '12'),
('TT-007-ETVC', 'ST-NOR', 'F', '13'),
('TT-007-ETVC', 'ST-NOR', 'F', '14'),
('TT-007-ETVC', 'ST-NOR', 'F', '15'),
('TT-007-ETVC', 'ST-NOR', 'F', '16'),
('TT-007-ETVC', 'ST-NOR', 'F', '17'),
('TT-007-ETVC', 'ST-NOR', 'F', '18'),
('TT-007-ETVC', 'ST-NOR', 'F', '19'),
('TT-007-ETVC', 'ST-NOR', 'F', '2'),
('TT-007-ETVC', 'ST-NOR', 'F', '20'),
('TT-007-ETVC', 'ST-NOR', 'F', '3'),
('TT-007-ETVC', 'ST-NOR', 'F', '4'),
('TT-007-ETVC', 'ST-NOR', 'F', '5'),
('TT-007-ETVC', 'ST-NOR', 'F', '6'),
('TT-007-ETVC', 'ST-NOR', 'F', '7'),
('TT-007-ETVC', 'ST-NOR', 'F', '8'),
('TT-007-ETVC', 'ST-NOR', 'F', '9'),
('TT-007-ETVC', 'ST-NOR', 'G', '1'),
('TT-007-ETVC', 'ST-NOR', 'G', '10'),
('TT-007-ETVC', 'ST-NOR', 'G', '11'),
('TT-007-ETVC', 'ST-NOR', 'G', '12'),
('TT-007-ETVC', 'ST-NOR', 'G', '13'),
('TT-007-ETVC', 'ST-NOR', 'G', '14'),
('TT-007-ETVC', 'ST-NOR', 'G', '15'),
('TT-007-ETVC', 'ST-NOR', 'G', '16'),
('TT-007-ETVC', 'ST-NOR', 'G', '17'),
('TT-007-ETVC', 'ST-NOR', 'G', '18'),
('TT-007-ETVC', 'ST-NOR', 'G', '19'),
('TT-007-ETVC', 'ST-NOR', 'G', '2'),
('TT-007-ETVC', 'ST-NOR', 'G', '20'),
('TT-007-ETVC', 'ST-NOR', 'G', '3'),
('TT-007-ETVC', 'ST-NOR', 'G', '4'),
('TT-007-ETVC', 'ST-NOR', 'G', '5'),
('TT-007-ETVC', 'ST-NOR', 'G', '6'),
('TT-007-ETVC', 'ST-NOR', 'G', '7'),
('TT-007-ETVC', 'ST-NOR', 'G', '8'),
('TT-007-ETVC', 'ST-NOR', 'G', '9'),
('TT-007-ETVC', 'ST-NOR', 'H', '1'),
('TT-007-ETVC', 'ST-NOR', 'H', '10'),
('TT-007-ETVC', 'ST-NOR', 'H', '11'),
('TT-007-ETVC', 'ST-NOR', 'H', '12'),
('TT-007-ETVC', 'ST-NOR', 'H', '13'),
('TT-007-ETVC', 'ST-NOR', 'H', '14'),
('TT-007-ETVC', 'ST-NOR', 'H', '15'),
('TT-007-ETVC', 'ST-NOR', 'H', '16'),
('TT-007-ETVC', 'ST-NOR', 'H', '17'),
('TT-007-ETVC', 'ST-NOR', 'H', '18'),
('TT-007-ETVC', 'ST-NOR', 'H', '19'),
('TT-007-ETVC', 'ST-NOR', 'H', '2'),
('TT-007-ETVC', 'ST-NOR', 'H', '20'),
('TT-007-ETVC', 'ST-NOR', 'H', '3'),
('TT-007-ETVC', 'ST-NOR', 'H', '4'),
('TT-007-ETVC', 'ST-NOR', 'H', '5'),
('TT-007-ETVC', 'ST-NOR', 'H', '6'),
('TT-007-ETVC', 'ST-NOR', 'H', '7'),
('TT-007-ETVC', 'ST-NOR', 'H', '8'),
('TT-007-ETVC', 'ST-NOR', 'H', '9'),
('TT-007-ETVC', 'ST-NOR', 'I', '1'),
('TT-007-ETVC', 'ST-NOR', 'I', '10'),
('TT-007-ETVC', 'ST-NOR', 'I', '11'),
('TT-007-ETVC', 'ST-NOR', 'I', '12'),
('TT-007-ETVC', 'ST-NOR', 'I', '13'),
('TT-007-ETVC', 'ST-NOR', 'I', '14'),
('TT-007-ETVC', 'ST-NOR', 'I', '15'),
('TT-007-ETVC', 'ST-NOR', 'I', '16'),
('TT-007-ETVC', 'ST-NOR', 'I', '17'),
('TT-007-ETVC', 'ST-NOR', 'I', '18'),
('TT-007-ETVC', 'ST-NOR', 'I', '19'),
('TT-007-ETVC', 'ST-NOR', 'I', '2'),
('TT-007-ETVC', 'ST-NOR', 'I', '20'),
('TT-007-ETVC', 'ST-NOR', 'I', '3'),
('TT-007-ETVC', 'ST-NOR', 'I', '4'),
('TT-007-ETVC', 'ST-NOR', 'I', '5'),
('TT-007-ETVC', 'ST-NOR', 'I', '6'),
('TT-007-ETVC', 'ST-NOR', 'I', '7'),
('TT-007-ETVC', 'ST-NOR', 'I', '8'),
('TT-007-ETVC', 'ST-NOR', 'I', '9'),
('TT-007-ETVC', 'ST-OPR', 'VP', '1'),
('TT-007-ETVC', 'ST-OPR', 'VP', '10'),
('TT-007-ETVC', 'ST-OPR', 'VP', '2'),
('TT-007-ETVC', 'ST-OPR', 'VP', '3'),
('TT-007-ETVC', 'ST-OPR', 'VP', '4'),
('TT-007-ETVC', 'ST-OPR', 'VP', '5'),
('TT-007-ETVC', 'ST-OPR', 'VP', '6'),
('TT-007-ETVC', 'ST-OPR', 'VP', '7'),
('TT-007-ETVC', 'ST-OPR', 'VP', '8'),
('TT-007-ETVC', 'ST-OPR', 'VP', '9'),
('TT-007-ETVC', 'ST-PRM', 'A', '1'),
('TT-007-ETVC', 'ST-PRM', 'A', '10'),
('TT-007-ETVC', 'ST-PRM', 'A', '2'),
('TT-007-ETVC', 'ST-PRM', 'A', '3'),
('TT-007-ETVC', 'ST-PRM', 'A', '4'),
('TT-007-ETVC', 'ST-PRM', 'A', '5'),
('TT-007-ETVC', 'ST-PRM', 'A', '6'),
('TT-007-ETVC', 'ST-PRM', 'A', '7'),
('TT-007-ETVC', 'ST-PRM', 'A', '8'),
('TT-007-ETVC', 'ST-PRM', 'A', '9'),
('TT-007-ETVC', 'ST-PRM', 'B', '1'),
('TT-007-ETVC', 'ST-PRM', 'B', '10'),
('TT-007-ETVC', 'ST-PRM', 'B', '2'),
('TT-007-ETVC', 'ST-PRM', 'B', '3'),
('TT-007-ETVC', 'ST-PRM', 'B', '4'),
('TT-007-ETVC', 'ST-PRM', 'B', '5'),
('TT-007-ETVC', 'ST-PRM', 'B', '6'),
('TT-007-ETVC', 'ST-PRM', 'B', '7'),
('TT-007-ETVC', 'ST-PRM', 'B', '8'),
('TT-007-ETVC', 'ST-PRM', 'B', '9'),
('TT-007-ETVC', 'ST-PRM', 'C', '1'),
('TT-007-ETVC', 'ST-PRM', 'C', '10'),
('TT-007-ETVC', 'ST-PRM', 'C', '2'),
('TT-007-ETVC', 'ST-PRM', 'C', '3'),
('TT-007-ETVC', 'ST-PRM', 'C', '4'),
('TT-007-ETVC', 'ST-PRM', 'C', '5'),
('TT-007-ETVC', 'ST-PRM', 'C', '6'),
('TT-007-ETVC', 'ST-PRM', 'C', '7'),
('TT-007-ETVC', 'ST-PRM', 'C', '8'),
('TT-007-ETVC', 'ST-PRM', 'C', '9'),
('TT-007-QTCA', 'ST-DSO', 'F', '1'),
('TT-007-QTCA', 'ST-DSO', 'F', '10'),
('TT-007-QTCA', 'ST-DSO', 'F', '11'),
('TT-007-QTCA', 'ST-DSO', 'F', '12'),
('TT-007-QTCA', 'ST-DSO', 'F', '2'),
('TT-007-QTCA', 'ST-DSO', 'F', '3'),
('TT-007-QTCA', 'ST-DSO', 'F', '4'),
('TT-007-QTCA', 'ST-DSO', 'F', '5'),
('TT-007-QTCA', 'ST-DSO', 'F', '6'),
('TT-007-QTCA', 'ST-DSO', 'F', '7'),
('TT-007-QTCA', 'ST-DSO', 'F', '8'),
('TT-007-QTCA', 'ST-DSO', 'F', '9'),
('TT-007-QTCA', 'ST-DSO', 'G', '1'),
('TT-007-QTCA', 'ST-DSO', 'G', '10'),
('TT-007-QTCA', 'ST-DSO', 'G', '11'),
('TT-007-QTCA', 'ST-DSO', 'G', '12'),
('TT-007-QTCA', 'ST-DSO', 'G', '2'),
('TT-007-QTCA', 'ST-DSO', 'G', '3'),
('TT-007-QTCA', 'ST-DSO', 'G', '4'),
('TT-007-QTCA', 'ST-DSO', 'G', '5'),
('TT-007-QTCA', 'ST-DSO', 'G', '6'),
('TT-007-QTCA', 'ST-DSO', 'G', '7'),
('TT-007-QTCA', 'ST-DSO', 'G', '8'),
('TT-007-QTCA', 'ST-DSO', 'G', '9'),
('TT-007-QTCA', 'ST-DSO', 'H', '1'),
('TT-007-QTCA', 'ST-DSO', 'H', '10'),
('TT-007-QTCA', 'ST-DSO', 'H', '11'),
('TT-007-QTCA', 'ST-DSO', 'H', '12'),
('TT-007-QTCA', 'ST-DSO', 'H', '2'),
('TT-007-QTCA', 'ST-DSO', 'H', '3'),
('TT-007-QTCA', 'ST-DSO', 'H', '4'),
('TT-007-QTCA', 'ST-DSO', 'H', '5'),
('TT-007-QTCA', 'ST-DSO', 'H', '6'),
('TT-007-QTCA', 'ST-DSO', 'H', '7'),
('TT-007-QTCA', 'ST-DSO', 'H', '8'),
('TT-007-QTCA', 'ST-DSO', 'H', '9'),
('TT-007-QTCA', 'ST-NOR', 'E', '1'),
('TT-007-QTCA', 'ST-NOR', 'E', '10'),
('TT-007-QTCA', 'ST-NOR', 'E', '11'),
('TT-007-QTCA', 'ST-NOR', 'E', '12'),
('TT-007-QTCA', 'ST-NOR', 'E', '13'),
('TT-007-QTCA', 'ST-NOR', 'E', '14'),
('TT-007-QTCA', 'ST-NOR', 'E', '15'),
('TT-007-QTCA', 'ST-NOR', 'E', '16'),
('TT-007-QTCA', 'ST-NOR', 'E', '17'),
('TT-007-QTCA', 'ST-NOR', 'E', '2'),
('TT-007-QTCA', 'ST-NOR', 'E', '3'),
('TT-007-QTCA', 'ST-NOR', 'E', '4'),
('TT-007-QTCA', 'ST-NOR', 'E', '5'),
('TT-007-QTCA', 'ST-NOR', 'E', '6'),
('TT-007-QTCA', 'ST-NOR', 'E', '7'),
('TT-007-QTCA', 'ST-NOR', 'E', '8'),
('TT-007-QTCA', 'ST-NOR', 'E', '9'),
('TT-007-QTCA', 'ST-OPR', 'VP', '1'),
('TT-007-QTCA', 'ST-OPR', 'VP', '2'),
('TT-007-QTCA', 'ST-OPR', 'VP', '3'),
('TT-007-QTCA', 'ST-OPR', 'VP', '4'),
('TT-007-QTCA', 'ST-OPR', 'VP', '5'),
('TT-007-QTCA', 'ST-OPR', 'VP', '6'),
('TT-007-QTCA', 'ST-OPR', 'VP', '7'),
('TT-007-QTCA', 'ST-OPR', 'VP', '8'),
('TT-007-QTCA', 'ST-PRV', 'A', '1'),
('TT-007-QTCA', 'ST-PRV', 'A', '10'),
('TT-007-QTCA', 'ST-PRV', 'A', '2'),
('TT-007-QTCA', 'ST-PRV', 'A', '3'),
('TT-007-QTCA', 'ST-PRV', 'A', '4'),
('TT-007-QTCA', 'ST-PRV', 'A', '5'),
('TT-007-QTCA', 'ST-PRV', 'A', '6'),
('TT-007-QTCA', 'ST-PRV', 'A', '7'),
('TT-007-QTCA', 'ST-PRV', 'A', '8'),
('TT-007-QTCA', 'ST-PRV', 'A', '9'),
('TT-007-QTCA', 'ST-PRV', 'B', '1'),
('TT-007-QTCA', 'ST-PRV', 'B', '10'),
('TT-007-QTCA', 'ST-PRV', 'B', '2'),
('TT-007-QTCA', 'ST-PRV', 'B', '3'),
('TT-007-QTCA', 'ST-PRV', 'B', '4'),
('TT-007-QTCA', 'ST-PRV', 'B', '5'),
('TT-007-QTCA', 'ST-PRV', 'B', '6'),
('TT-007-QTCA', 'ST-PRV', 'B', '7'),
('TT-007-QTCA', 'ST-PRV', 'B', '8'),
('TT-007-QTCA', 'ST-PRV', 'B', '9'),
('TT-007-QTCA', 'ST-PRV', 'C', '1'),
('TT-007-QTCA', 'ST-PRV', 'C', '10'),
('TT-007-QTCA', 'ST-PRV', 'C', '2'),
('TT-007-QTCA', 'ST-PRV', 'C', '3'),
('TT-007-QTCA', 'ST-PRV', 'C', '4'),
('TT-007-QTCA', 'ST-PRV', 'C', '5'),
('TT-007-QTCA', 'ST-PRV', 'C', '6'),
('TT-007-QTCA', 'ST-PRV', 'C', '7'),
('TT-007-QTCA', 'ST-PRV', 'C', '8'),
('TT-007-QTCA', 'ST-PRV', 'C', '9'),
('TT-007-QTCA', 'ST-PRV', 'D', '1'),
('TT-007-QTCA', 'ST-PRV', 'D', '10'),
('TT-007-QTCA', 'ST-PRV', 'D', '2'),
('TT-007-QTCA', 'ST-PRV', 'D', '3'),
('TT-007-QTCA', 'ST-PRV', 'D', '4'),
('TT-007-QTCA', 'ST-PRV', 'D', '5'),
('TT-007-QTCA', 'ST-PRV', 'D', '6'),
('TT-007-QTCA', 'ST-PRV', 'D', '7'),
('TT-007-QTCA', 'ST-PRV', 'D', '8'),
('TT-007-QTCA', 'ST-PRV', 'D', '9'),
('TT-010-MEGA', 'ST-HNY', 'A', '1'),
('TT-010-MEGA', 'ST-HNY', 'A', '10'),
('TT-010-MEGA', 'ST-HNY', 'A', '11'),
('TT-010-MEGA', 'ST-HNY', 'A', '12'),
('TT-010-MEGA', 'ST-HNY', 'A', '13'),
('TT-010-MEGA', 'ST-HNY', 'A', '14'),
('TT-010-MEGA', 'ST-HNY', 'A', '15'),
('TT-010-MEGA', 'ST-HNY', 'A', '16'),
('TT-010-MEGA', 'ST-HNY', 'A', '17'),
('TT-010-MEGA', 'ST-HNY', 'A', '18'),
('TT-010-MEGA', 'ST-HNY', 'A', '19'),
('TT-010-MEGA', 'ST-HNY', 'A', '2'),
('TT-010-MEGA', 'ST-HNY', 'A', '20'),
('TT-010-MEGA', 'ST-HNY', 'A', '3'),
('TT-010-MEGA', 'ST-HNY', 'A', '4'),
('TT-010-MEGA', 'ST-HNY', 'A', '5'),
('TT-010-MEGA', 'ST-HNY', 'A', '6'),
('TT-010-MEGA', 'ST-HNY', 'A', '7'),
('TT-010-MEGA', 'ST-HNY', 'A', '8'),
('TT-010-MEGA', 'ST-HNY', 'A', '9'),
('TT-010-MEGA', 'ST-HNY', 'B', '1'),
('TT-010-MEGA', 'ST-HNY', 'B', '10'),
('TT-010-MEGA', 'ST-HNY', 'B', '11'),
('TT-010-MEGA', 'ST-HNY', 'B', '12'),
('TT-010-MEGA', 'ST-HNY', 'B', '13'),
('TT-010-MEGA', 'ST-HNY', 'B', '14'),
('TT-010-MEGA', 'ST-HNY', 'B', '15'),
('TT-010-MEGA', 'ST-HNY', 'B', '16'),
('TT-010-MEGA', 'ST-HNY', 'B', '17'),
('TT-010-MEGA', 'ST-HNY', 'B', '18'),
('TT-010-MEGA', 'ST-HNY', 'B', '19'),
('TT-010-MEGA', 'ST-HNY', 'B', '2'),
('TT-010-MEGA', 'ST-HNY', 'B', '20'),
('TT-010-MEGA', 'ST-HNY', 'B', '3'),
('TT-010-MEGA', 'ST-HNY', 'B', '4'),
('TT-010-MEGA', 'ST-HNY', 'B', '5'),
('TT-010-MEGA', 'ST-HNY', 'B', '6'),
('TT-010-MEGA', 'ST-HNY', 'B', '7'),
('TT-010-MEGA', 'ST-HNY', 'B', '8'),
('TT-010-MEGA', 'ST-HNY', 'B', '9'),
('TT-010-MEGA', 'ST-NOR', 'C', '1'),
('TT-010-MEGA', 'ST-NOR', 'C', '10'),
('TT-010-MEGA', 'ST-NOR', 'C', '11'),
('TT-010-MEGA', 'ST-NOR', 'C', '12'),
('TT-010-MEGA', 'ST-NOR', 'C', '13'),
('TT-010-MEGA', 'ST-NOR', 'C', '14'),
('TT-010-MEGA', 'ST-NOR', 'C', '15'),
('TT-010-MEGA', 'ST-NOR', 'C', '16'),
('TT-010-MEGA', 'ST-NOR', 'C', '17'),
('TT-010-MEGA', 'ST-NOR', 'C', '18'),
('TT-010-MEGA', 'ST-NOR', 'C', '19'),
('TT-010-MEGA', 'ST-NOR', 'C', '2'),
('TT-010-MEGA', 'ST-NOR', 'C', '20'),
('TT-010-MEGA', 'ST-NOR', 'C', '3'),
('TT-010-MEGA', 'ST-NOR', 'C', '4'),
('TT-010-MEGA', 'ST-NOR', 'C', '5'),
('TT-010-MEGA', 'ST-NOR', 'C', '6'),
('TT-010-MEGA', 'ST-NOR', 'C', '7'),
('TT-010-MEGA', 'ST-NOR', 'C', '8'),
('TT-010-MEGA', 'ST-NOR', 'C', '9'),
('TT-010-MEGA', 'ST-NOR', 'D', '1'),
('TT-010-MEGA', 'ST-NOR', 'D', '10'),
('TT-010-MEGA', 'ST-NOR', 'D', '11'),
('TT-010-MEGA', 'ST-NOR', 'D', '12'),
('TT-010-MEGA', 'ST-NOR', 'D', '13'),
('TT-010-MEGA', 'ST-NOR', 'D', '14'),
('TT-010-MEGA', 'ST-NOR', 'D', '15'),
('TT-010-MEGA', 'ST-NOR', 'D', '16'),
('TT-010-MEGA', 'ST-NOR', 'D', '17'),
('TT-010-MEGA', 'ST-NOR', 'D', '18'),
('TT-010-MEGA', 'ST-NOR', 'D', '19'),
('TT-010-MEGA', 'ST-NOR', 'D', '2'),
('TT-010-MEGA', 'ST-NOR', 'D', '20'),
('TT-010-MEGA', 'ST-NOR', 'D', '3'),
('TT-010-MEGA', 'ST-NOR', 'D', '4'),
('TT-010-MEGA', 'ST-NOR', 'D', '5'),
('TT-010-MEGA', 'ST-NOR', 'D', '6'),
('TT-010-MEGA', 'ST-NOR', 'D', '7'),
('TT-010-MEGA', 'ST-NOR', 'D', '8'),
('TT-010-MEGA', 'ST-NOR', 'D', '9'),
('TT-010-MEGA', 'ST-NOR', 'E', '1'),
('TT-010-MEGA', 'ST-NOR', 'E', '10'),
('TT-010-MEGA', 'ST-NOR', 'E', '11'),
('TT-010-MEGA', 'ST-NOR', 'E', '12'),
('TT-010-MEGA', 'ST-NOR', 'E', '13'),
('TT-010-MEGA', 'ST-NOR', 'E', '14'),
('TT-010-MEGA', 'ST-NOR', 'E', '15'),
('TT-010-MEGA', 'ST-NOR', 'E', '16'),
('TT-010-MEGA', 'ST-NOR', 'E', '17'),
('TT-010-MEGA', 'ST-NOR', 'E', '18'),
('TT-010-MEGA', 'ST-NOR', 'E', '19'),
('TT-010-MEGA', 'ST-NOR', 'E', '2'),
('TT-010-MEGA', 'ST-NOR', 'E', '20'),
('TT-010-MEGA', 'ST-NOR', 'E', '3'),
('TT-010-MEGA', 'ST-NOR', 'E', '4'),
('TT-010-MEGA', 'ST-NOR', 'E', '5'),
('TT-010-MEGA', 'ST-NOR', 'E', '6'),
('TT-010-MEGA', 'ST-NOR', 'E', '7'),
('TT-010-MEGA', 'ST-NOR', 'E', '8'),
('TT-010-MEGA', 'ST-NOR', 'E', '9'),
('TT-010-MEGA', 'ST-NOR', 'F', '1'),
('TT-010-MEGA', 'ST-NOR', 'F', '10'),
('TT-010-MEGA', 'ST-NOR', 'F', '11'),
('TT-010-MEGA', 'ST-NOR', 'F', '12'),
('TT-010-MEGA', 'ST-NOR', 'F', '13'),
('TT-010-MEGA', 'ST-NOR', 'F', '14'),
('TT-010-MEGA', 'ST-NOR', 'F', '15'),
('TT-010-MEGA', 'ST-NOR', 'F', '16'),
('TT-010-MEGA', 'ST-NOR', 'F', '17'),
('TT-010-MEGA', 'ST-NOR', 'F', '18'),
('TT-010-MEGA', 'ST-NOR', 'F', '19'),
('TT-010-MEGA', 'ST-NOR', 'F', '2'),
('TT-010-MEGA', 'ST-NOR', 'F', '20'),
('TT-010-MEGA', 'ST-NOR', 'F', '3'),
('TT-010-MEGA', 'ST-NOR', 'F', '4'),
('TT-010-MEGA', 'ST-NOR', 'F', '5'),
('TT-010-MEGA', 'ST-NOR', 'F', '6'),
('TT-010-MEGA', 'ST-NOR', 'F', '7'),
('TT-010-MEGA', 'ST-NOR', 'F', '8'),
('TT-010-MEGA', 'ST-NOR', 'F', '9'),
('TT-010-MEGA', 'ST-NOR', 'G', '1'),
('TT-010-MEGA', 'ST-NOR', 'G', '10'),
('TT-010-MEGA', 'ST-NOR', 'G', '11'),
('TT-010-MEGA', 'ST-NOR', 'G', '12'),
('TT-010-MEGA', 'ST-NOR', 'G', '13'),
('TT-010-MEGA', 'ST-NOR', 'G', '14'),
('TT-010-MEGA', 'ST-NOR', 'G', '15'),
('TT-010-MEGA', 'ST-NOR', 'G', '16'),
('TT-010-MEGA', 'ST-NOR', 'G', '17'),
('TT-010-MEGA', 'ST-NOR', 'G', '18'),
('TT-010-MEGA', 'ST-NOR', 'G', '19'),
('TT-010-MEGA', 'ST-NOR', 'G', '2'),
('TT-010-MEGA', 'ST-NOR', 'G', '20'),
('TT-010-MEGA', 'ST-NOR', 'G', '3'),
('TT-010-MEGA', 'ST-NOR', 'G', '4'),
('TT-010-MEGA', 'ST-NOR', 'G', '5'),
('TT-010-MEGA', 'ST-NOR', 'G', '6'),
('TT-010-MEGA', 'ST-NOR', 'G', '7'),
('TT-010-MEGA', 'ST-NOR', 'G', '8'),
('TT-010-MEGA', 'ST-NOR', 'G', '9'),
('TT-010-MEGA', 'ST-NOR', 'H', '1'),
('TT-010-MEGA', 'ST-NOR', 'H', '10'),
('TT-010-MEGA', 'ST-NOR', 'H', '11'),
('TT-010-MEGA', 'ST-NOR', 'H', '12'),
('TT-010-MEGA', 'ST-NOR', 'H', '13'),
('TT-010-MEGA', 'ST-NOR', 'H', '14'),
('TT-010-MEGA', 'ST-NOR', 'H', '15'),
('TT-010-MEGA', 'ST-NOR', 'H', '16'),
('TT-010-MEGA', 'ST-NOR', 'H', '17'),
('TT-010-MEGA', 'ST-NOR', 'H', '18'),
('TT-010-MEGA', 'ST-NOR', 'H', '19'),
('TT-010-MEGA', 'ST-NOR', 'H', '2'),
('TT-010-MEGA', 'ST-NOR', 'H', '20'),
('TT-010-MEGA', 'ST-NOR', 'H', '3'),
('TT-010-MEGA', 'ST-NOR', 'H', '4'),
('TT-010-MEGA', 'ST-NOR', 'H', '5'),
('TT-010-MEGA', 'ST-NOR', 'H', '6'),
('TT-010-MEGA', 'ST-NOR', 'H', '7'),
('TT-010-MEGA', 'ST-NOR', 'H', '8'),
('TT-010-MEGA', 'ST-NOR', 'H', '9'),
('TT-010-MEGA', 'ST-NOR', 'I', '1'),
('TT-010-MEGA', 'ST-NOR', 'I', '10'),
('TT-010-MEGA', 'ST-NOR', 'I', '11'),
('TT-010-MEGA', 'ST-NOR', 'I', '12'),
('TT-010-MEGA', 'ST-NOR', 'I', '13'),
('TT-010-MEGA', 'ST-NOR', 'I', '14'),
('TT-010-MEGA', 'ST-NOR', 'I', '15'),
('TT-010-MEGA', 'ST-NOR', 'I', '16'),
('TT-010-MEGA', 'ST-NOR', 'I', '17'),
('TT-010-MEGA', 'ST-NOR', 'I', '18'),
('TT-010-MEGA', 'ST-NOR', 'I', '19'),
('TT-010-MEGA', 'ST-NOR', 'I', '2'),
('TT-010-MEGA', 'ST-NOR', 'I', '20'),
('TT-010-MEGA', 'ST-NOR', 'I', '3'),
('TT-010-MEGA', 'ST-NOR', 'I', '4'),
('TT-010-MEGA', 'ST-NOR', 'I', '5'),
('TT-010-MEGA', 'ST-NOR', 'I', '6'),
('TT-010-MEGA', 'ST-NOR', 'I', '7'),
('TT-010-MEGA', 'ST-NOR', 'I', '8'),
('TT-010-MEGA', 'ST-NOR', 'I', '9'),
('TT-010-MEGA', 'ST-NOR', 'J', '1'),
('TT-010-MEGA', 'ST-NOR', 'J', '10'),
('TT-010-MEGA', 'ST-NOR', 'J', '11'),
('TT-010-MEGA', 'ST-NOR', 'J', '12'),
('TT-010-MEGA', 'ST-NOR', 'J', '13'),
('TT-010-MEGA', 'ST-NOR', 'J', '14'),
('TT-010-MEGA', 'ST-NOR', 'J', '15'),
('TT-010-MEGA', 'ST-NOR', 'J', '16'),
('TT-010-MEGA', 'ST-NOR', 'J', '17'),
('TT-010-MEGA', 'ST-NOR', 'J', '18'),
('TT-010-MEGA', 'ST-NOR', 'J', '19'),
('TT-010-MEGA', 'ST-NOR', 'J', '2'),
('TT-010-MEGA', 'ST-NOR', 'J', '20'),
('TT-010-MEGA', 'ST-NOR', 'J', '3'),
('TT-010-MEGA', 'ST-NOR', 'J', '4'),
('TT-010-MEGA', 'ST-NOR', 'J', '5'),
('TT-010-MEGA', 'ST-NOR', 'J', '6');
INSERT INTO `Seat` (`Theatre_ID`, `SeatType_ID`, `Seat_Row`, `Seat_Number`) VALUES
('TT-010-MEGA', 'ST-NOR', 'J', '7'),
('TT-010-MEGA', 'ST-NOR', 'J', '8'),
('TT-010-MEGA', 'ST-NOR', 'J', '9'),
('TT-010-MEGA', 'ST-NOR', 'K', '1'),
('TT-010-MEGA', 'ST-NOR', 'K', '10'),
('TT-010-MEGA', 'ST-NOR', 'K', '11'),
('TT-010-MEGA', 'ST-NOR', 'K', '12'),
('TT-010-MEGA', 'ST-NOR', 'K', '13'),
('TT-010-MEGA', 'ST-NOR', 'K', '14'),
('TT-010-MEGA', 'ST-NOR', 'K', '15'),
('TT-010-MEGA', 'ST-NOR', 'K', '16'),
('TT-010-MEGA', 'ST-NOR', 'K', '17'),
('TT-010-MEGA', 'ST-NOR', 'K', '18'),
('TT-010-MEGA', 'ST-NOR', 'K', '19'),
('TT-010-MEGA', 'ST-NOR', 'K', '2'),
('TT-010-MEGA', 'ST-NOR', 'K', '20'),
('TT-010-MEGA', 'ST-NOR', 'K', '3'),
('TT-010-MEGA', 'ST-NOR', 'K', '4'),
('TT-010-MEGA', 'ST-NOR', 'K', '5'),
('TT-010-MEGA', 'ST-NOR', 'K', '6'),
('TT-010-MEGA', 'ST-NOR', 'K', '7'),
('TT-010-MEGA', 'ST-NOR', 'K', '8'),
('TT-010-MEGA', 'ST-NOR', 'K', '9'),
('TT-010-MEGA', 'ST-NOR', 'L', '1'),
('TT-010-MEGA', 'ST-NOR', 'L', '10'),
('TT-010-MEGA', 'ST-NOR', 'L', '11'),
('TT-010-MEGA', 'ST-NOR', 'L', '12'),
('TT-010-MEGA', 'ST-NOR', 'L', '13'),
('TT-010-MEGA', 'ST-NOR', 'L', '14'),
('TT-010-MEGA', 'ST-NOR', 'L', '15'),
('TT-010-MEGA', 'ST-NOR', 'L', '16'),
('TT-010-MEGA', 'ST-NOR', 'L', '17'),
('TT-010-MEGA', 'ST-NOR', 'L', '18'),
('TT-010-MEGA', 'ST-NOR', 'L', '19'),
('TT-010-MEGA', 'ST-NOR', 'L', '2'),
('TT-010-MEGA', 'ST-NOR', 'L', '20'),
('TT-010-MEGA', 'ST-NOR', 'L', '3'),
('TT-010-MEGA', 'ST-NOR', 'L', '4'),
('TT-010-MEGA', 'ST-NOR', 'L', '5'),
('TT-010-MEGA', 'ST-NOR', 'L', '6'),
('TT-010-MEGA', 'ST-NOR', 'L', '7'),
('TT-010-MEGA', 'ST-NOR', 'L', '8'),
('TT-010-MEGA', 'ST-NOR', 'L', '9'),
('TT-011-ESCR', 'ST-HNY', 'A', '1'),
('TT-011-ESCR', 'ST-HNY', 'A', '10'),
('TT-011-ESCR', 'ST-HNY', 'A', '11'),
('TT-011-ESCR', 'ST-HNY', 'A', '12'),
('TT-011-ESCR', 'ST-HNY', 'A', '13'),
('TT-011-ESCR', 'ST-HNY', 'A', '14'),
('TT-011-ESCR', 'ST-HNY', 'A', '15'),
('TT-011-ESCR', 'ST-HNY', 'A', '16'),
('TT-011-ESCR', 'ST-HNY', 'A', '17'),
('TT-011-ESCR', 'ST-HNY', 'A', '18'),
('TT-011-ESCR', 'ST-HNY', 'A', '19'),
('TT-011-ESCR', 'ST-HNY', 'A', '2'),
('TT-011-ESCR', 'ST-HNY', 'A', '20'),
('TT-011-ESCR', 'ST-HNY', 'A', '3'),
('TT-011-ESCR', 'ST-HNY', 'A', '4'),
('TT-011-ESCR', 'ST-HNY', 'A', '5'),
('TT-011-ESCR', 'ST-HNY', 'A', '6'),
('TT-011-ESCR', 'ST-HNY', 'A', '7'),
('TT-011-ESCR', 'ST-HNY', 'A', '8'),
('TT-011-ESCR', 'ST-HNY', 'A', '9'),
('TT-011-ESCR', 'ST-HNY', 'B', '1'),
('TT-011-ESCR', 'ST-HNY', 'B', '10'),
('TT-011-ESCR', 'ST-HNY', 'B', '11'),
('TT-011-ESCR', 'ST-HNY', 'B', '12'),
('TT-011-ESCR', 'ST-HNY', 'B', '13'),
('TT-011-ESCR', 'ST-HNY', 'B', '14'),
('TT-011-ESCR', 'ST-HNY', 'B', '15'),
('TT-011-ESCR', 'ST-HNY', 'B', '16'),
('TT-011-ESCR', 'ST-HNY', 'B', '17'),
('TT-011-ESCR', 'ST-HNY', 'B', '18'),
('TT-011-ESCR', 'ST-HNY', 'B', '19'),
('TT-011-ESCR', 'ST-HNY', 'B', '2'),
('TT-011-ESCR', 'ST-HNY', 'B', '20'),
('TT-011-ESCR', 'ST-HNY', 'B', '3'),
('TT-011-ESCR', 'ST-HNY', 'B', '4'),
('TT-011-ESCR', 'ST-HNY', 'B', '5'),
('TT-011-ESCR', 'ST-HNY', 'B', '6'),
('TT-011-ESCR', 'ST-HNY', 'B', '7'),
('TT-011-ESCR', 'ST-HNY', 'B', '8'),
('TT-011-ESCR', 'ST-HNY', 'B', '9'),
('TT-011-ESCR', 'ST-HNY', 'C', '1'),
('TT-011-ESCR', 'ST-HNY', 'C', '10'),
('TT-011-ESCR', 'ST-HNY', 'C', '11'),
('TT-011-ESCR', 'ST-HNY', 'C', '12'),
('TT-011-ESCR', 'ST-HNY', 'C', '13'),
('TT-011-ESCR', 'ST-HNY', 'C', '14'),
('TT-011-ESCR', 'ST-HNY', 'C', '15'),
('TT-011-ESCR', 'ST-HNY', 'C', '16'),
('TT-011-ESCR', 'ST-HNY', 'C', '17'),
('TT-011-ESCR', 'ST-HNY', 'C', '18'),
('TT-011-ESCR', 'ST-HNY', 'C', '19'),
('TT-011-ESCR', 'ST-HNY', 'C', '2'),
('TT-011-ESCR', 'ST-HNY', 'C', '20'),
('TT-011-ESCR', 'ST-HNY', 'C', '3'),
('TT-011-ESCR', 'ST-HNY', 'C', '4'),
('TT-011-ESCR', 'ST-HNY', 'C', '5'),
('TT-011-ESCR', 'ST-HNY', 'C', '6'),
('TT-011-ESCR', 'ST-HNY', 'C', '7'),
('TT-011-ESCR', 'ST-HNY', 'C', '8'),
('TT-011-ESCR', 'ST-HNY', 'C', '9'),
('TT-011-ESCR', 'ST-NOR', 'D', '1'),
('TT-011-ESCR', 'ST-NOR', 'D', '10'),
('TT-011-ESCR', 'ST-NOR', 'D', '11'),
('TT-011-ESCR', 'ST-NOR', 'D', '12'),
('TT-011-ESCR', 'ST-NOR', 'D', '13'),
('TT-011-ESCR', 'ST-NOR', 'D', '14'),
('TT-011-ESCR', 'ST-NOR', 'D', '15'),
('TT-011-ESCR', 'ST-NOR', 'D', '16'),
('TT-011-ESCR', 'ST-NOR', 'D', '17'),
('TT-011-ESCR', 'ST-NOR', 'D', '18'),
('TT-011-ESCR', 'ST-NOR', 'D', '19'),
('TT-011-ESCR', 'ST-NOR', 'D', '2'),
('TT-011-ESCR', 'ST-NOR', 'D', '20'),
('TT-011-ESCR', 'ST-NOR', 'D', '3'),
('TT-011-ESCR', 'ST-NOR', 'D', '4'),
('TT-011-ESCR', 'ST-NOR', 'D', '5'),
('TT-011-ESCR', 'ST-NOR', 'D', '6'),
('TT-011-ESCR', 'ST-NOR', 'D', '7'),
('TT-011-ESCR', 'ST-NOR', 'D', '8'),
('TT-011-ESCR', 'ST-NOR', 'D', '9'),
('TT-011-ESCR', 'ST-NOR', 'E', '1'),
('TT-011-ESCR', 'ST-NOR', 'E', '10'),
('TT-011-ESCR', 'ST-NOR', 'E', '11'),
('TT-011-ESCR', 'ST-NOR', 'E', '12'),
('TT-011-ESCR', 'ST-NOR', 'E', '13'),
('TT-011-ESCR', 'ST-NOR', 'E', '14'),
('TT-011-ESCR', 'ST-NOR', 'E', '15'),
('TT-011-ESCR', 'ST-NOR', 'E', '16'),
('TT-011-ESCR', 'ST-NOR', 'E', '17'),
('TT-011-ESCR', 'ST-NOR', 'E', '18'),
('TT-011-ESCR', 'ST-NOR', 'E', '19'),
('TT-011-ESCR', 'ST-NOR', 'E', '2'),
('TT-011-ESCR', 'ST-NOR', 'E', '20'),
('TT-011-ESCR', 'ST-NOR', 'E', '3'),
('TT-011-ESCR', 'ST-NOR', 'E', '4'),
('TT-011-ESCR', 'ST-NOR', 'E', '5'),
('TT-011-ESCR', 'ST-NOR', 'E', '6'),
('TT-011-ESCR', 'ST-NOR', 'E', '7'),
('TT-011-ESCR', 'ST-NOR', 'E', '8'),
('TT-011-ESCR', 'ST-NOR', 'E', '9'),
('TT-011-ESCR', 'ST-NOR', 'F', '1'),
('TT-011-ESCR', 'ST-NOR', 'F', '10'),
('TT-011-ESCR', 'ST-NOR', 'F', '11'),
('TT-011-ESCR', 'ST-NOR', 'F', '12'),
('TT-011-ESCR', 'ST-NOR', 'F', '13'),
('TT-011-ESCR', 'ST-NOR', 'F', '14'),
('TT-011-ESCR', 'ST-NOR', 'F', '15'),
('TT-011-ESCR', 'ST-NOR', 'F', '16'),
('TT-011-ESCR', 'ST-NOR', 'F', '17'),
('TT-011-ESCR', 'ST-NOR', 'F', '18'),
('TT-011-ESCR', 'ST-NOR', 'F', '19'),
('TT-011-ESCR', 'ST-NOR', 'F', '2'),
('TT-011-ESCR', 'ST-NOR', 'F', '20'),
('TT-011-ESCR', 'ST-NOR', 'F', '3'),
('TT-011-ESCR', 'ST-NOR', 'F', '4'),
('TT-011-ESCR', 'ST-NOR', 'F', '5'),
('TT-011-ESCR', 'ST-NOR', 'F', '6'),
('TT-011-ESCR', 'ST-NOR', 'F', '7'),
('TT-011-ESCR', 'ST-NOR', 'F', '8'),
('TT-011-ESCR', 'ST-NOR', 'F', '9'),
('TT-011-ESCR', 'ST-NOR', 'G', '1'),
('TT-011-ESCR', 'ST-NOR', 'G', '10'),
('TT-011-ESCR', 'ST-NOR', 'G', '11'),
('TT-011-ESCR', 'ST-NOR', 'G', '12'),
('TT-011-ESCR', 'ST-NOR', 'G', '13'),
('TT-011-ESCR', 'ST-NOR', 'G', '14'),
('TT-011-ESCR', 'ST-NOR', 'G', '15'),
('TT-011-ESCR', 'ST-NOR', 'G', '16'),
('TT-011-ESCR', 'ST-NOR', 'G', '17'),
('TT-011-ESCR', 'ST-NOR', 'G', '18'),
('TT-011-ESCR', 'ST-NOR', 'G', '19'),
('TT-011-ESCR', 'ST-NOR', 'G', '2'),
('TT-011-ESCR', 'ST-NOR', 'G', '20'),
('TT-011-ESCR', 'ST-NOR', 'G', '3'),
('TT-011-ESCR', 'ST-NOR', 'G', '4'),
('TT-011-ESCR', 'ST-NOR', 'G', '5'),
('TT-011-ESCR', 'ST-NOR', 'G', '6'),
('TT-011-ESCR', 'ST-NOR', 'G', '7'),
('TT-011-ESCR', 'ST-NOR', 'G', '8'),
('TT-011-ESCR', 'ST-NOR', 'G', '9'),
('TT-011-ESCR', 'ST-NOR', 'H', '1'),
('TT-011-ESCR', 'ST-NOR', 'H', '10'),
('TT-011-ESCR', 'ST-NOR', 'H', '11'),
('TT-011-ESCR', 'ST-NOR', 'H', '12'),
('TT-011-ESCR', 'ST-NOR', 'H', '13'),
('TT-011-ESCR', 'ST-NOR', 'H', '14'),
('TT-011-ESCR', 'ST-NOR', 'H', '15'),
('TT-011-ESCR', 'ST-NOR', 'H', '16'),
('TT-011-ESCR', 'ST-NOR', 'H', '17'),
('TT-011-ESCR', 'ST-NOR', 'H', '18'),
('TT-011-ESCR', 'ST-NOR', 'H', '19'),
('TT-011-ESCR', 'ST-NOR', 'H', '2'),
('TT-011-ESCR', 'ST-NOR', 'H', '20'),
('TT-011-ESCR', 'ST-NOR', 'H', '3'),
('TT-011-ESCR', 'ST-NOR', 'H', '4'),
('TT-011-ESCR', 'ST-NOR', 'H', '5'),
('TT-011-ESCR', 'ST-NOR', 'H', '6'),
('TT-011-ESCR', 'ST-NOR', 'H', '7'),
('TT-011-ESCR', 'ST-NOR', 'H', '8'),
('TT-011-ESCR', 'ST-NOR', 'H', '9'),
('TT-011-ESCR', 'ST-NOR', 'I', '1'),
('TT-011-ESCR', 'ST-NOR', 'I', '10'),
('TT-011-ESCR', 'ST-NOR', 'I', '11'),
('TT-011-ESCR', 'ST-NOR', 'I', '12'),
('TT-011-ESCR', 'ST-NOR', 'I', '13'),
('TT-011-ESCR', 'ST-NOR', 'I', '14'),
('TT-011-ESCR', 'ST-NOR', 'I', '15'),
('TT-011-ESCR', 'ST-NOR', 'I', '16'),
('TT-011-ESCR', 'ST-NOR', 'I', '17'),
('TT-011-ESCR', 'ST-NOR', 'I', '18'),
('TT-011-ESCR', 'ST-NOR', 'I', '19'),
('TT-011-ESCR', 'ST-NOR', 'I', '2'),
('TT-011-ESCR', 'ST-NOR', 'I', '20'),
('TT-011-ESCR', 'ST-NOR', 'I', '3'),
('TT-011-ESCR', 'ST-NOR', 'I', '4'),
('TT-011-ESCR', 'ST-NOR', 'I', '5'),
('TT-011-ESCR', 'ST-NOR', 'I', '6'),
('TT-011-ESCR', 'ST-NOR', 'I', '7'),
('TT-011-ESCR', 'ST-NOR', 'I', '8'),
('TT-011-ESCR', 'ST-NOR', 'I', '9'),
('TT-011-ESCR', 'ST-NOR', 'J', '1'),
('TT-011-ESCR', 'ST-NOR', 'J', '10'),
('TT-011-ESCR', 'ST-NOR', 'J', '11'),
('TT-011-ESCR', 'ST-NOR', 'J', '12'),
('TT-011-ESCR', 'ST-NOR', 'J', '13'),
('TT-011-ESCR', 'ST-NOR', 'J', '14'),
('TT-011-ESCR', 'ST-NOR', 'J', '15'),
('TT-011-ESCR', 'ST-NOR', 'J', '16'),
('TT-011-ESCR', 'ST-NOR', 'J', '17'),
('TT-011-ESCR', 'ST-NOR', 'J', '18'),
('TT-011-ESCR', 'ST-NOR', 'J', '19'),
('TT-011-ESCR', 'ST-NOR', 'J', '2'),
('TT-011-ESCR', 'ST-NOR', 'J', '20'),
('TT-011-ESCR', 'ST-NOR', 'J', '3'),
('TT-011-ESCR', 'ST-NOR', 'J', '4'),
('TT-011-ESCR', 'ST-NOR', 'J', '5'),
('TT-011-ESCR', 'ST-NOR', 'J', '6'),
('TT-011-ESCR', 'ST-NOR', 'J', '7'),
('TT-011-ESCR', 'ST-NOR', 'J', '8'),
('TT-011-ESCR', 'ST-NOR', 'J', '9'),
('TT-011-ESCR', 'ST-NOR', 'K', '1'),
('TT-011-ESCR', 'ST-NOR', 'K', '10'),
('TT-011-ESCR', 'ST-NOR', 'K', '11'),
('TT-011-ESCR', 'ST-NOR', 'K', '12'),
('TT-011-ESCR', 'ST-NOR', 'K', '13'),
('TT-011-ESCR', 'ST-NOR', 'K', '14'),
('TT-011-ESCR', 'ST-NOR', 'K', '15'),
('TT-011-ESCR', 'ST-NOR', 'K', '16'),
('TT-011-ESCR', 'ST-NOR', 'K', '17'),
('TT-011-ESCR', 'ST-NOR', 'K', '18'),
('TT-011-ESCR', 'ST-NOR', 'K', '19'),
('TT-011-ESCR', 'ST-NOR', 'K', '2'),
('TT-011-ESCR', 'ST-NOR', 'K', '20'),
('TT-011-ESCR', 'ST-NOR', 'K', '3'),
('TT-011-ESCR', 'ST-NOR', 'K', '4'),
('TT-011-ESCR', 'ST-NOR', 'K', '5'),
('TT-011-ESCR', 'ST-NOR', 'K', '6'),
('TT-011-ESCR', 'ST-NOR', 'K', '7'),
('TT-011-ESCR', 'ST-NOR', 'K', '8'),
('TT-011-ESCR', 'ST-NOR', 'K', '9'),
('TT-011-ESCR', 'ST-NOR', 'L', '1'),
('TT-011-ESCR', 'ST-NOR', 'L', '10'),
('TT-011-ESCR', 'ST-NOR', 'L', '11'),
('TT-011-ESCR', 'ST-NOR', 'L', '12'),
('TT-011-ESCR', 'ST-NOR', 'L', '13'),
('TT-011-ESCR', 'ST-NOR', 'L', '14'),
('TT-011-ESCR', 'ST-NOR', 'L', '15'),
('TT-011-ESCR', 'ST-NOR', 'L', '16'),
('TT-011-ESCR', 'ST-NOR', 'L', '17'),
('TT-011-ESCR', 'ST-NOR', 'L', '18'),
('TT-011-ESCR', 'ST-NOR', 'L', '19'),
('TT-011-ESCR', 'ST-NOR', 'L', '2'),
('TT-011-ESCR', 'ST-NOR', 'L', '20'),
('TT-011-ESCR', 'ST-NOR', 'L', '3'),
('TT-011-ESCR', 'ST-NOR', 'L', '4'),
('TT-011-ESCR', 'ST-NOR', 'L', '5'),
('TT-011-ESCR', 'ST-NOR', 'L', '6'),
('TT-011-ESCR', 'ST-NOR', 'L', '7'),
('TT-011-ESCR', 'ST-NOR', 'L', '8'),
('TT-011-ESCR', 'ST-NOR', 'L', '9'),
('TT-011-ESCR', 'ST-NOR', 'M', '1'),
('TT-011-ESCR', 'ST-NOR', 'M', '10'),
('TT-011-ESCR', 'ST-NOR', 'M', '11'),
('TT-011-ESCR', 'ST-NOR', 'M', '12'),
('TT-011-ESCR', 'ST-NOR', 'M', '13'),
('TT-011-ESCR', 'ST-NOR', 'M', '14'),
('TT-011-ESCR', 'ST-NOR', 'M', '15'),
('TT-011-ESCR', 'ST-NOR', 'M', '16'),
('TT-011-ESCR', 'ST-NOR', 'M', '17'),
('TT-011-ESCR', 'ST-NOR', 'M', '18'),
('TT-011-ESCR', 'ST-NOR', 'M', '19'),
('TT-011-ESCR', 'ST-NOR', 'M', '2'),
('TT-011-ESCR', 'ST-NOR', 'M', '20'),
('TT-011-ESCR', 'ST-NOR', 'M', '3'),
('TT-011-ESCR', 'ST-NOR', 'M', '4'),
('TT-011-ESCR', 'ST-NOR', 'M', '5'),
('TT-011-ESCR', 'ST-NOR', 'M', '6'),
('TT-011-ESCR', 'ST-NOR', 'M', '7'),
('TT-011-ESCR', 'ST-NOR', 'M', '8'),
('TT-011-ESCR', 'ST-NOR', 'M', '9');

-- --------------------------------------------------------

--
-- Table structure for table `SeatType`
--

CREATE TABLE `SeatType` (
  `SeatType_ID` varchar(10) NOT NULL,
  `SeatType_Name` varchar(50) NOT NULL
) ENGINE=InnoDB DEFAULT CHARSET=utf8mb4 COLLATE=utf8mb4_general_ci;

--
-- Dumping data for table `SeatType`
--

INSERT INTO `SeatType` (`SeatType_ID`, `SeatType_Name`) VALUES
('ST-1ULT', 'Ultimate Chair(1 Seat)'),
('ST-3ENI', 'Enigma  3 Seats'),
('ST-4DX', '4DX Seat'),
('ST-DSO', 'Double Sofa(Pair)'),
('ST-ENI', 'Enigma Seat(Pair)'),
('ST-HNY', 'Honeymoon Seat'),
('ST-KDS', 'Kids Seat'),
('ST-LOG', 'Lounger Seat'),
('ST-NOR', 'Normal Seat'),
('ST-OPR', 'Opera Chair(Pair)'),
('ST-PRM', 'Premium Plus'),
('ST-PRV', 'Privilege Plus'),
('ST-SOP', 'Sofa (Pair)'),
('ST-ULT', 'Ultimate Chair(Pair)'),
('ST-VIP', 'VIP Seat');

-- --------------------------------------------------------

--
-- Table structure for table `ShowTime_Instance`
--

CREATE TABLE `ShowTime_Instance` (
  `Movie_ID` varchar(10) NOT NULL,
  `Theatre_ID` varchar(20) NOT NULL,
  `SoundSystemType_ID` varchar(10) NOT NULL,
  `ProjectionSystemType_ID` varchar(10) NOT NULL,
  `ShowTime` datetime NOT NULL
) ENGINE=InnoDB DEFAULT CHARSET=utf8mb4 COLLATE=utf8mb4_general_ci;

--
-- Dumping data for table `ShowTime_Instance`
--

INSERT INTO `ShowTime_Instance` (`Movie_ID`, `Theatre_ID`, `SoundSystemType_ID`, `ProjectionSystemType_ID`, `ShowTime`) VALUES
('MV-10115', 'TT-003-ESCR', 'SS-TH/EN', 'PS-LSR', '2025-04-28 14:00:00'),
('MV-10115', 'TT-003-ESCR', 'SS-TH/EN', 'PS-LSR', '2025-04-28 19:30:00'),
('MV-10115', 'TT-013-MEGA', 'SS-TH/EN', 'PS-LSR', '2025-04-28 11:30:00'),
('MV-10115', 'TT-013-MEGA', 'SS-TH/EN', 'PS-LSR', '2025-04-28 14:30:00'),
('MV-10115', 'TT-013-MEGA', 'SS-TH/EN', 'PS-LSR', '2025-04-28 17:30:00'),
('MV-10115', 'TT-013-MEGA', 'SS-TH/EN', 'PS-LSR', '2025-04-28 20:30:00'),
('MV-10117', 'TT-002-EGVC', 'SS-TH/EN', 'PS-2DX', '2025-04-28 13:40:00'),
('MV-10117', 'TT-002-EGVC', 'SS-TH/EN', 'PS-2DX', '2025-04-28 19:00:00'),
('MV-10117', 'TT-005-SEAC', 'SS-TH/EN', 'PS-LSR', '2025-04-28 11:30:00'),
('MV-10117', 'TT-005-SEAC', 'SS-TH/EN', 'PS-LSR', '2025-04-28 14:20:00'),
('MV-10117', 'TT-005-SEAC', 'SS-TH/EN', 'PS-LSR', '2025-04-28 17:10:00'),
('MV-10117', 'TT-005-SEAC', 'SS-TH/EN', 'PS-LSR', '2025-04-28 20:00:00'),
('MV-10119', 'TT-001-MEGA', 'SS-TH/XX', 'PS-KID', '2025-04-28 14:00:00'),
('MV-10119', 'TT-001-MEGA', 'SS-TH/XX', 'PS-LSR', '2025-04-28 19:00:00'),
('MV-10119', 'TT-001-SEAC', 'SS-EN/TH', 'PS-LSR', '2025-04-28 19:00:00'),
('MV-10119', 'TT-001-SEAC', 'SS-TH/XX', 'PS-LSR', '2025-04-28 11:30:00'),
('MV-10119', 'TT-001-SEAC', 'SS-TH/XX', 'PS-LSR', '2025-04-28 14:00:00'),
('MV-10119', 'TT-001-SEAC', 'SS-TH/XX', 'PS-LSR', '2025-04-28 16:30:00'),
('MV-10119', 'TT-002-BCSP', 'SS-TH/XX', 'PS-2DX', '2025-04-28 16:50:00'),
('MV-10119', 'TT-002-BCSP', 'SS-TH/XX', 'PS-KID-MP', '2025-04-28 11:30:00'),
('MV-10119', 'TT-002-EGVC', 'SS-TH/XX', 'PS-2DX', '2025-04-28 16:50:00'),
('MV-10119', 'TT-002-EGVC', 'SS-TH/XX', 'PS-KID-MP', '2025-04-28 11:30:00'),
('MV-10119', 'TT-003-ETVC', 'SS-EN/TH', 'PS-LSR', '2025-04-28 19:00:00'),
('MV-10119', 'TT-003-ETVC', 'SS-TH/XX', 'PS-KID', '2025-04-28 14:00:00'),
('MV-10119', 'TT-003-MJRC', 'SS-TH/XX', 'PS-KID', '2025-04-28 11:30:00'),
('MV-10119', 'TT-003-MJRC', 'SS-TH/XX', 'PS-KID', '2025-04-28 14:10:00'),
('MV-10119', 'TT-003-MJRC', 'SS-TH/XX', 'PS-KID', '2025-04-28 16:50:00'),
('MV-10119', 'TT-003-MJRC', 'SS-TH/XX', 'PS-LSR', '2025-04-28 19:30:00'),
('MV-10119', 'TT-003-MJRC', 'SS-TH/XX', 'PS-LSR', '2025-04-28 22:00:00'),
('MV-10119', 'TT-003-PRCG', 'SS-EN/TH', 'PS-LSR', '2025-04-28 12:00:00'),
('MV-10119', 'TT-003-PRCG', 'SS-EN/TH', 'PS-LSR', '2025-04-28 16:00:00'),
('MV-10119', 'TT-003-PRCG', 'SS-EN/TH', 'PS-LSR', '2025-04-28 19:00:00'),
('MV-10119', 'TT-004-ICCN', 'SS-EN/TH', 'PS-LSR', '2025-04-28 19:00:00'),
('MV-10119', 'TT-004-ICCN', 'SS-EN/TH', 'PS-LSR', '2025-04-28 21:30:00'),
('MV-10119', 'TT-004-ICCN', 'SS-TH/XX', 'PS-KID', '2025-04-28 14:00:00'),
('MV-10119', 'TT-004-QTCA', 'SS-EN/TH', 'PS-LSR', '2025-04-28 12:00:00'),
('MV-10119', 'TT-004-QTCA', 'SS-EN/TH', 'PS-LSR', '2025-04-28 14:30:00'),
('MV-10119', 'TT-004-QTCA', 'SS-EN/TH', 'PS-LSR', '2025-04-28 17:00:00'),
('MV-10119', 'TT-004-QTCA', 'SS-EN/TH', 'PS-LSR', '2025-04-28 20:00:00'),
('MV-10119', 'TT-006-ESCR', 'SS-EN/TH', 'PS-LSR', '2025-04-28 17:00:00'),
('MV-10119', 'TT-006-ESCR', 'SS-EN/TH', 'PS-LSR', '2025-04-28 19:30:00'),
('MV-10119', 'TT-006-ESCR', 'SS-TH/XX', 'PS-LSR', '2025-04-28 11:30:00'),
('MV-10119', 'TT-006-ESCR', 'SS-TH/XX', 'PS-LSR', '2025-04-28 16:30:00'),
('MV-10119', 'TT-006-MJRC', 'SS-EN/TH', 'PS-LSR', '2025-04-28 12:30:00'),
('MV-10119', 'TT-006-MJRC', 'SS-EN/TH', 'PS-LSR', '2025-04-28 15:10:00'),
('MV-10119', 'TT-006-MJRC', 'SS-EN/TH', 'PS-LSR', '2025-04-28 17:50:00'),
('MV-10119', 'TT-006-MJRC', 'SS-EN/TH', 'PS-LSR', '2025-04-28 20:30:00'),
('MV-10119', 'TT-006-MJRC', 'SS-EN/TH', 'PS-LSR', '2025-04-28 23:00:00'),
('MV-10119', 'TT-007-QTCA', 'SS-EN/TH', 'PS-KID', '2025-04-28 14:00:00'),
('MV-10119', 'TT-007-QTCA', 'SS-EN/TH', 'PS-LSR', '2025-04-28 19:00:00'),
('MV-10119', 'TT-010-MEGA', 'SS-EN/TH', 'PS-LSR', '2025-04-28 14:40:00'),
('MV-10119', 'TT-010-MEGA', 'SS-EN/TH', 'PS-LSR', '2025-04-28 20:00:00'),
('MV-10119', 'TT-011-ESCR', 'SS-EN/TH', 'PS-LSR', '2025-04-28 14:00:00'),
('MV-10119', 'TT-011-ESCR', 'SS-EN/TH', 'PS-LSR', '2025-04-28 19:00:00'),
('MV-10119', 'TT-011-ESCR', 'SS-TH/XX', 'PS-LSR', '2025-04-28 11:30:00'),
('MV-10119', 'TT-011-ESCR', 'SS-TH/XX', 'PS-LSR', '2025-04-28 16:30:00'),
('MV-10119', 'TT-012-PRCG', 'SS-EN/TH', 'PS-KID', '2025-04-28 11:30:00'),
('MV-10119', 'TT-012-PRCG', 'SS-EN/TH', 'PS-KID', '2025-04-28 14:00:00'),
('MV-10119', 'TT-012-PRCG', 'SS-EN/TH', 'PS-KID', '2025-04-28 16:30:00'),
('MV-10119', 'TT-012-PRCG', 'SS-EN/TH', 'PS-LSR', '2025-04-28 19:00:00'),
('MV-10119', 'TT-012-PRCG', 'SS-EN/TH', 'PS-LSR', '2025-04-28 21:30:00'),
('MV-10121', 'TT-003-MCR2', 'SS-TH/EN', 'PS-LSR', '2025-04-28 14:10:00'),
('MV-10121', 'TT-003-MCR2', 'SS-TH/EN', 'PS-LSR', '2025-04-28 19:30:00'),
('MV-10122', 'TT-003-SEAC', 'SS-TH/EN', 'PS-2DX', '2025-04-28 14:00:00'),
('MV-10122', 'TT-003-SEAC', 'SS-TH/EN', 'PS-2DX', '2025-04-28 19:00:00'),
('MV-10122', 'TT-010-MEGA', 'SS-TH/EN', 'PS-LSR', '2025-04-28 12:30:00'),
('MV-10122', 'TT-010-MEGA', 'SS-TH/EN', 'PS-LSR', '2025-04-28 18:00:00'),
('MV-10124', 'TT-001-BCSP', 'SS-TH/EN', 'PS-2DX', '2025-04-28 14:00:00'),
('MV-10124', 'TT-001-BCSP', 'SS-TH/EN', 'PS-2DX', '2025-04-28 19:30:00'),
('MV-10124', 'TT-002-MCR2', 'SS-TH/EN', 'PS-LSR', '2025-04-28 12:00:00'),
('MV-10124', 'TT-002-MCR2', 'SS-TH/EN', 'PS-LSR', '2025-04-28 14:40:00'),
('MV-10124', 'TT-002-MCR2', 'SS-TH/EN', 'PS-LSR', '2025-04-28 17:20:00'),
('MV-10124', 'TT-002-MCR2', 'SS-TH/EN', 'PS-LSR', '2025-04-28 20:00:00'),
('MV-10125', 'TT-001-MCR2', 'SS-TH/EN', 'PS-LSR', '2025-04-28 11:30:00'),
('MV-10125', 'TT-001-MCR2', 'SS-TH/EN', 'PS-LSR', '2025-04-28 14:10:00'),
('MV-10125', 'TT-001-MCR2', 'SS-TH/EN', 'PS-LSR', '2025-04-28 16:50:00'),
('MV-10125', 'TT-001-MCR2', 'SS-TH/EN', 'PS-LSR', '2025-04-28 19:30:00'),
('MV-10125', 'TT-004-MJRC', 'SS-EN/TH', 'PS-LSR', '2025-04-28 11:30:00'),
('MV-10125', 'TT-004-MJRC', 'SS-EN/TH', 'PS-LSR', '2025-04-28 16:50:00'),
('MV-10125', 'TT-004-MJRC', 'SS-EN/TH', 'PS-LSR', '2025-04-28 22:30:00'),
('MV-10125', 'TT-005-MJSK', 'SS-EN/TH', 'PS-LSR', '2025-04-28 11:00:00'),
('MV-10125', 'TT-005-MJSK', 'SS-EN/TH', 'PS-LSR', '2025-04-28 13:40:00'),
('MV-10125', 'TT-005-MJSK', 'SS-EN/TH', 'PS-LSR', '2025-04-28 16:20:00'),
('MV-10125', 'TT-005-MJSK', 'SS-EN/TH', 'PS-LSR', '2025-04-28 19:00:00'),
('MV-10125', 'TT-005-MJSK', 'SS-EN/TH', 'PS-LSR', '2025-04-28 22:10:00'),
('MV-10125', 'TT-005-QTCA', 'SS-EN/TH', 'PS-LSR', '2025-04-28 11:30:00'),
('MV-10125', 'TT-005-QTCA', 'SS-EN/TH', 'PS-LSR', '2025-04-28 14:10:00'),
('MV-10125', 'TT-005-QTCA', 'SS-EN/TH', 'PS-LSR', '2025-04-28 16:50:00'),
('MV-10125', 'TT-005-QTCA', 'SS-EN/TH', 'PS-LSR', '2025-04-28 19:30:00'),
('MV-10125', 'TT-009-ICCN', 'SS-EN/TH', 'PS-LSR', '2025-04-28 11:30:00'),
('MV-10125', 'TT-009-ICCN', 'SS-EN/TH', 'PS-LSR', '2025-04-28 14:10:00'),
('MV-10125', 'TT-009-ICCN', 'SS-EN/TH', 'PS-LSR', '2025-04-28 16:50:00'),
('MV-10125', 'TT-009-ICCN', 'SS-EN/TH', 'PS-LSR', '2025-04-28 19:30:00'),
('MV-10126', 'TT-002-MJSK', 'SS-JP/TH', 'PS-LSR', '2025-04-28 11:30:00'),
('MV-10126', 'TT-002-MJSK', 'SS-JP/TH', 'PS-LSR', '2025-04-28 14:00:00'),
('MV-10126', 'TT-002-MJSK', 'SS-JP/TH', 'PS-LSR', '2025-04-28 16:30:00'),
('MV-10126', 'TT-002-MJSK', 'SS-JP/TH', 'PS-LSR', '2025-04-28 19:00:00'),
('MV-10126', 'TT-002-MJSK', 'SS-JP/TH', 'PS-LSR', '2025-04-28 21:30:00'),
('MV-10127', 'TT-002-MJRC', 'SS-EN/TH', 'PS-LSR', '2025-04-28 12:00:00'),
('MV-10127', 'TT-002-MJRC', 'SS-EN/TH', 'PS-LSR', '2025-04-28 14:30:00'),
('MV-10127', 'TT-002-MJRC', 'SS-EN/TH', 'PS-LSR', '2025-04-28 17:00:00'),
('MV-10127', 'TT-002-MJRC', 'SS-EN/TH', 'PS-LSR', '2025-04-28 19:30:00'),
('MV-10127', 'TT-002-MJRC', 'SS-EN/TH', 'PS-LSR', '2025-04-28 22:30:00'),
('MV-10127', 'TT-005-MJSK', 'SS-EN/TH', 'PS-LSR', '2025-04-28 11:00:00'),
('MV-10127', 'TT-005-MJSK', 'SS-EN/TH', 'PS-LSR', '2025-04-28 16:10:00'),
('MV-10127', 'TT-005-MJSK', 'SS-EN/TH', 'PS-LSR', '2025-04-28 22:00:00'),
('MV-10128', 'TT-001-ESCR', 'SS-EN/TH', 'PS-LSR', '2025-04-28 12:30:00'),
('MV-10128', 'TT-001-ESCR', 'SS-EN/TH', 'PS-LSR', '2025-04-28 16:00:00'),
('MV-10128', 'TT-001-ESCR', 'SS-EN/TH', 'PS-LSR', '2025-04-28 19:30:00'),
('MV-10128', 'TT-001-ICCN', 'SS-EN/TH', 'PS-LSR', '2025-04-28 11:30:00'),
('MV-10128', 'TT-001-ICCN', 'SS-EN/TH', 'PS-LSR', '2025-04-28 14:20:00'),
('MV-10128', 'TT-001-ICCN', 'SS-EN/TH', 'PS-LSR', '2025-04-28 17:10:00'),
('MV-10128', 'TT-001-ICCN', 'SS-EN/TH', 'PS-LSR', '2025-04-28 20:00:00'),
('MV-10128', 'TT-001-IICN', 'SS-EN/TH', 'PS-IMXL2D', '2025-04-28 12:00:00'),
('MV-10128', 'TT-001-IICN', 'SS-EN/TH', 'PS-IMXL2D', '2025-04-28 15:30:00'),
('MV-10128', 'TT-001-IICN', 'SS-EN/TH', 'PS-IMXL2D', '2025-04-28 19:00:00'),
('MV-10128', 'TT-001-PRCG', 'SS-EN/TH', 'PS-LSR', '2025-04-28 11:00:00'),
('MV-10128', 'TT-001-PRCG', 'SS-EN/TH', 'PS-LSR', '2025-04-28 14:20:00'),
('MV-10128', 'TT-001-PRCG', 'SS-EN/TH', 'PS-LSR', '2025-04-28 17:00:00'),
('MV-10128', 'TT-001-PRCG', 'SS-EN/TH', 'PS-LSR', '2025-04-28 20:00:00'),
('MV-10128', 'TT-002-ETVC', 'SS-EN/TH', 'PS-LSR', '2025-04-28 11:00:00'),
('MV-10128', 'TT-002-ETVC', 'SS-EN/TH', 'PS-LSR', '2025-04-28 13:50:00'),
('MV-10128', 'TT-002-ETVC', 'SS-EN/TH', 'PS-LSR', '2025-04-28 16:40:00'),
('MV-10128', 'TT-002-ETVC', 'SS-EN/TH', 'PS-LSR', '2025-04-28 19:30:00'),
('MV-10128', 'TT-002-ICCN', 'SS-EN/TH', 'PS-4DX', '2025-04-28 12:30:00'),
('MV-10128', 'TT-002-ICCN', 'SS-EN/TH', 'PS-4DX', '2025-04-28 15:20:00'),
('MV-10128', 'TT-002-ICCN', 'SS-EN/TH', 'PS-4DX', '2025-04-28 18:10:00'),
('MV-10128', 'TT-002-ICCN', 'SS-EN/TH', 'PS-4DX', '2025-04-28 21:00:00'),
('MV-10128', 'TT-003-ESCR', 'SS-EN/TH', 'PS-LSR', '2025-04-28 11:30:00'),
('MV-10128', 'TT-003-ESCR', 'SS-EN/TH', 'PS-LSR', '2025-04-28 14:20:00'),
('MV-10128', 'TT-003-ESCR', 'SS-EN/TH', 'PS-LSR', '2025-04-28 17:10:00'),
('MV-10128', 'TT-003-ESCR', 'SS-EN/TH', 'PS-LSR', '2025-04-28 20:00:00'),
('MV-10128', 'TT-003-ICCN', 'SS-TH/XX', 'PS-LSR', '2025-04-28 11:30:00'),
('MV-10128', 'TT-003-ICCN', 'SS-TH/XX', 'PS-LSR', '2025-04-28 14:20:00'),
('MV-10128', 'TT-003-ICCN', 'SS-TH/XX', 'PS-LSR', '2025-04-28 17:10:00'),
('MV-10128', 'TT-003-ICCN', 'SS-TH/XX', 'PS-LSR', '2025-04-28 20:00:00'),
('MV-10128', 'TT-003-MEGA', 'SS-TH/XX', 'PS-LSR', '2025-04-28 11:30:00'),
('MV-10128', 'TT-003-MEGA', 'SS-TH/XX', 'PS-LSR', '2025-04-28 14:20:00'),
('MV-10128', 'TT-003-MEGA', 'SS-TH/XX', 'PS-LSR', '2025-04-28 17:10:00'),
('MV-10128', 'TT-003-MEGA', 'SS-TH/XX', 'PS-LSR', '2025-04-28 20:00:00'),
('MV-10128', 'TT-004-MEGA', 'SS-EN/TH', 'PS-LSR', '2025-04-28 11:30:00'),
('MV-10128', 'TT-004-MEGA', 'SS-EN/TH', 'PS-LSR', '2025-04-28 14:20:00'),
('MV-10128', 'TT-004-MEGA', 'SS-EN/TH', 'PS-LSR', '2025-04-28 17:10:00'),
('MV-10128', 'TT-004-MEGA', 'SS-EN/TH', 'PS-LSR', '2025-04-28 20:00:00'),
('MV-10128', 'TT-004-PRCG', 'SS-EN/TH', 'PS-LSR', '2025-04-28 12:00:00'),
('MV-10128', 'TT-004-PRCG', 'SS-EN/TH', 'PS-LSR', '2025-04-28 14:50:00'),
('MV-10128', 'TT-004-PRCG', 'SS-EN/TH', 'PS-LSR', '2025-04-28 17:40:00'),
('MV-10128', 'TT-004-PRCG', 'SS-EN/TH', 'PS-LSR', '2025-04-28 20:30:00'),
('MV-10128', 'TT-005-MEGA', 'SS-EN/TH', 'PS-4DX', '2025-04-28 12:30:00'),
('MV-10128', 'TT-005-MEGA', 'SS-EN/TH', 'PS-4DX', '2025-04-28 15:20:00'),
('MV-10128', 'TT-005-MEGA', 'SS-EN/TH', 'PS-4DX', '2025-04-28 18:10:00'),
('MV-10128', 'TT-005-MEGA', 'SS-EN/TH', 'PS-4DX', '2025-04-28 21:00:00'),
('MV-10128', 'TT-006-MEGA', 'SS-EN/TH', 'PS-LED', '2025-04-28 12:00:00'),
('MV-10128', 'TT-006-MEGA', 'SS-EN/TH', 'PS-LED', '2025-04-28 14:50:00'),
('MV-10128', 'TT-006-MEGA', 'SS-EN/TH', 'PS-LED', '2025-04-28 17:40:00'),
('MV-10128', 'TT-006-MEGA', 'SS-EN/TH', 'PS-LED', '2025-04-28 20:30:00'),
('MV-10128', 'TT-007-ESCR', 'SS-TH/XX', 'PS-LSR', '2025-04-28 12:00:00'),
('MV-10128', 'TT-007-ESCR', 'SS-TH/XX', 'PS-LSR', '2025-04-28 15:30:00'),
('MV-10128', 'TT-007-ESCR', 'SS-TH/XX', 'PS-LSR', '2025-04-28 19:00:00'),
('MV-10128', 'TT-007-ICCN', 'SS-EN/TH', 'PS-2DA', '2025-04-28 12:00:00'),
('MV-10128', 'TT-007-ICCN', 'SS-EN/TH', 'PS-2DA', '2025-04-28 14:50:00'),
('MV-10128', 'TT-007-ICCN', 'SS-EN/TH', 'PS-2DA', '2025-04-28 17:40:00'),
('MV-10128', 'TT-007-ICCN', 'SS-EN/TH', 'PS-2DA', '2025-04-28 20:30:00');

-- --------------------------------------------------------

--
-- Table structure for table `SoundSystemType`
--

CREATE TABLE `SoundSystemType` (
  `SoundSystemType_ID` varchar(10) NOT NULL,
  `Image_ID` varchar(20) NOT NULL,
  `SoundSystemType_Description` varchar(100) NOT NULL
) ENGINE=InnoDB DEFAULT CHARSET=utf8mb4 COLLATE=utf8mb4_general_ci;

--
-- Dumping data for table `SoundSystemType`
--

INSERT INTO `SoundSystemType` (`SoundSystemType_ID`, `Image_ID`, `SoundSystemType_Description`) VALUES
('SS-CN/ET', 'IMG-SS-CN/ET', 'ภาพยนตร์ระบบเสียงภาษาจีน/คำบรรยายภาษาอังกฤษและภาษาไทย'),
('SS-EN/TH', 'IMG-SS-EN/TH', 'ภาพยนตร์ระบบเสียงภาษาอังกฤษ/คำบรรยายภาษาไทย'),
('SS-HD/ET', 'IMG-SS-HD/ET', 'ภาพยนตร์ระบบเสียงฮินดี/คำบรรยายภาษาอังกฤษและภาษาไทย'),
('SS-JP/ET', 'IMG-SS-JP/ET', 'ภาพยนตร์ระบบเสียงภาษาญี่ปุ่น/คำบรรยายภาษาอังกฤษและภาษาไทย'),
('SS-OV/ET', 'IMG-SS-OV/ET', 'ภาพยนตร์ระบบเสียงภาษาต่างประเทศ/คำบรรยายภาษาอังกฤษและภาษาไทย'),
('SS-ST/ET', 'IMG-SS-ST/ET', 'ภาพยนตร์ระบบเสียงภาษาต่างประเทศ/คำบรรยายภาษาอังกฤษและภาษาไทย'),
('SS-TH/EN', 'IMG-SS-TH/EN', 'ภาพยนตร์ระบบเสียงภาษาไทย/คำบรรยายภาษาอังกฤษ'),
('SS-TH/XX', 'IMG-SS-TH/XX', 'ภาพยนตร์ระบบเสียงภาษาไทย');

-- --------------------------------------------------------

--
-- Table structure for table `SoundSystemType_Audio_Subtitle`
--

CREATE TABLE `SoundSystemType_Audio_Subtitle` (
  `SoundSystemType_ID` varchar(10) NOT NULL,
  `Audio_ID` varchar(10) NOT NULL,
  `Subtitle_ID` varchar(10) NOT NULL
) ENGINE=InnoDB DEFAULT CHARSET=utf8mb4 COLLATE=utf8mb4_general_ci;

--
-- Dumping data for table `SoundSystemType_Audio_Subtitle`
--

INSERT INTO `SoundSystemType_Audio_Subtitle` (`SoundSystemType_ID`, `Audio_ID`, `Subtitle_ID`) VALUES
('SS-CN/ET', 'A-CN', 'S-EN'),
('SS-CN/ET', 'A-CN', 'S-TH'),
('SS-EN-TH', 'A-EN', 'S-TH'),
('SS-HD/ET', 'A-HD', 'S-EN'),
('SS-HD/ET', 'A-HD', 'S-TH'),
('SS-JP/ET', 'A-JP', 'S-EN'),
('SS-JP/ET', 'A-JP', 'S-TH'),
('SS-OV/ET', 'A-OV', 'S-EN'),
('SS-OV/ET', 'A-OV', 'S-TH'),
('SS-ST/ET', 'A-ST', 'S-EN'),
('SS-ST/ET', 'A-ST', 'S-TH'),
('SS-TH/EN', 'A-TH', 'S-EN'),
('SS-TH/XX', 'A-TH', 'S-XX');

-- --------------------------------------------------------

--
-- Table structure for table `Subtitle`
--

CREATE TABLE `Subtitle` (
  `Subtitle_ID` varchar(10) NOT NULL,
  `Language` varchar(50) NOT NULL
) ENGINE=InnoDB DEFAULT CHARSET=utf8mb4 COLLATE=utf8mb4_general_ci;

--
-- Dumping data for table `Subtitle`
--

INSERT INTO `Subtitle` (`Subtitle_ID`, `Language`) VALUES
('S-EN', 'English'),
('S-TH', 'Thai'),
('S-XX', 'None / No Subtitle');

-- --------------------------------------------------------

--
-- Table structure for table `Theatre`
--

CREATE TABLE `Theatre` (
  `Theatre_ID` varchar(20) NOT NULL,
  `Cinema_ID` varchar(10) NOT NULL,
  `TheatreFixLayout_ID` varchar(20) NOT NULL,
  `Theatre_Name` varchar(50) NOT NULL
) ENGINE=InnoDB DEFAULT CHARSET=utf8mb4 COLLATE=utf8mb4_general_ci;

--
-- Dumping data for table `Theatre`
--

INSERT INTO `Theatre` (`Theatre_ID`, `Cinema_ID`, `TheatreFixLayout_ID`, `Theatre_Name`) VALUES
('TT-001-ACPC', 'CNM-00124', 'TFL-ACPC-001', 'Theatre 1'),
('TT-001-BCPN', 'CNM-00501', 'TFL-BCPN-001', 'Theatre 1'),
('TT-001-BCPT', 'CNM-00046', 'TFL-BCPT-001', 'Theatre 1'),
('TT-001-BCSP', 'CNM-00026', 'TFL-BCSP-001', 'Theatre 1'),
('TT-001-BCUT', 'CNM-00427', 'TFL-BCUT-001', 'Theatre 1'),
('TT-001-BKCP', 'CNM-00056', 'TFL-BKCP-001', 'Theatre 1'),
('TT-001-BPCP', 'CNM-00305', 'TFL-BPCP-001', 'Theatre 1'),
('TT-001-CMAP', 'CNM-00200', 'TFL-CMAP-001', 'Theatre 1'),
('TT-001-CTBC', 'CNM-00608', 'TFL-CTBC-001', 'Theatre 1'),
('TT-001-CTCR', 'CNM-00201', 'TFL-CTCR-001', 'Theatre 1'),
('TT-001-DNCP', 'CNM-00519', 'TFL-DNCP-001', 'Theatre 1'),
('TT-001-ENKR', 'CNM-00047', 'TFL-ENKR-001', 'VIP SCREEN 1'),
('TT-001-ESCR', 'CNM-00012', 'TFL-ESCR-001', 'VIP SCREEN 1'),
('TT-001-ESRC', 'CNM-00600', 'TFL-ESRC-001', 'Theatre 1'),
('TT-001-ETVC', 'CNM-00015', 'TFL-ETVC-001', 'Theatre 1'),
('TT-001-ICCN', 'CNM-00039', 'TFL-ICCN-001', 'VIP SCREEN 1'),
('TT-001-IICN', 'CNM-00036', 'TFL-IICN-001', 'IMAX LASER'),
('TT-001-KRCP', 'CNM-00401', 'TFL-KRCP-001', 'Theatre 1'),
('TT-001-LTKK', 'CNM-00402', 'TFL-LTKK-001', 'Theatre 1'),
('TT-001-LTMS', 'CNM-00214', 'TFL-LTMS-001', 'Theatre 1'),
('TT-001-LTRB', 'CNM-00303', 'TFL-LTRB-001', 'Theatre 1'),
('TT-001-LTSK', 'CNM-00521', 'TFL-LTSK-001', 'Theatre 1'),
('TT-001-LTTT', 'CNM-00113', 'TFL-LTTT-001', 'Theatre 1'),
('TT-001-MCR2', 'CNM-00030', 'TFL-MCR2-001', 'GLS'),
('TT-001-MEGA', 'CNM-00025', 'TFL-MEGA-001', 'Theatre 1'),
('TT-001-MFPR', 'CNM-00042', 'TFL-MFPR-001', 'Theatre 1'),
('TT-001-MJHH', 'CNM-00300', 'TFL-MJHH-001', 'Theatre 1(HUH)'),
('TT-001-MJRC', 'CNM-00010', 'TFL-MJRC-001', 'Theatre 1'),
('TT-001-MJRS', 'CNM-00041', 'TFL-MJRS-001', 'Theatre 1'),
('TT-001-MJSK', 'CNM-00003', 'TFL-MJSK-001', 'Theatre 1'),
('TT-001-MPTY', 'CNM-00605', 'TFL-MPTY-001', 'Theatre 1'),
('TT-001-PRGC', 'CNM-00001', 'TFL-PRGC-001', 'Vietjet VIP Cinema 1'),
('TT-001-QTCA', 'CNM-00006', 'TFL-QTCA-001', 'AEON Theatre'),
('TT-001-SEAC', 'CNM-00017', 'TFL-SEAC-001', 'Theatre 1'),
('TT-001-VSNS', 'CNM-00101', 'TFL-VSNS-001', 'Theatre 1'),
('TT-001-WCCW', 'CNM-00052', 'TFL-WCCW-001', 'VIP SCREEN 2'),
('TT-001-WGCP', 'CNM-00051', 'TFL-WGCP-001', 'VIP SCREEN 2'),
('TT-002-ACPC', 'CNM-00124', 'TFL-ACPC-002', 'Theatre 2'),
('TT-002-BCPN', 'CNM-00501', 'TFL-BCPN-001', 'Theatre 2'),
('TT-002-BCPT', 'CNM-00046', 'TFL-BCPT-001', 'Theatre 2'),
('TT-002-BCSP', 'CNM-00026', 'TFL-BCSP-001', 'Theatre 2'),
('TT-002-BCUT', 'CNM-00427', 'TFL-BCUT-002', 'Theatre 2'),
('TT-002-BKCP', 'CNM-00056', 'TFL-BKCP-002', 'Theatre 2'),
('TT-002-BPCP', 'CNM-00305', 'TFL-BPCP-002', 'Theatre 2'),
('TT-002-CMAP', 'CNM-00200', 'TFL-CMAP-001', 'Theatre 2'),
('TT-002-CTBC', 'CNM-00608', 'TFL-CTBC-002', 'Theatre 2'),
('TT-002-CTCR', 'CNM-00201', 'TFL-CTCR-002', 'Theatre 2'),
('TT-002-DNCP', 'CNM-00519', 'TFL-DNCP-002', 'Theatre 2'),
('TT-002-ENKR', 'CNM-00047', 'TFL-ENKR-002', 'Theatre 2'),
('TT-002-ESCR', 'CNM-00012', 'TFL-ESCR-002', 'VIP SCREEN 2'),
('TT-002-ESRC', 'CNM-00600', 'TFL-ESRC-002', 'Theatre 2'),
('TT-002-ETVC', 'CNM-00015', 'TFL-ETVC-002', 'Theatre 2'),
('TT-002-ICCN', 'CNM-00039', 'TFL-ICCN-002', 'HDX'),
('TT-002-KRCP', 'CNM-00401', 'TFL-KRCP-001', 'Theatre 2'),
('TT-002-LTKK', 'CNM-00402', 'TFL-LTKK-001', 'Theatre 2'),
('TT-002-LTMS', 'CNM-00214', 'TFL-LTMS-001', 'Theatre 2'),
('TT-002-LTRB', 'CNM-00303', 'TFL-LTRB-002', 'Theatre 2'),
('TT-002-LTSK', 'CNM-00521', 'TFL-LTSK-001', 'Theatre 2'),
('TT-002-LTTT', 'CNM-00113', 'TFL-LTTT-002', 'Theatre 2'),
('TT-002-MCR2', 'CNM-00030', 'TFL-MCR2-002', 'Theatre 1'),
('TT-002-MEGA', 'CNM-00025', 'TFL-MEGA-002', 'Theatre 2'),
('TT-002-MFPR', 'CNM-00042', 'TFL-MFPR-002', 'Theatre 2'),
('TT-002-MJHH', 'CNM-00300', 'TFL-MJHH-002', 'Theatre 2'),
('TT-002-MJRC', 'CNM-00010', 'TFL-MJRC-002', 'Theatre 2'),
('TT-002-MJRS', 'CNM-00041', 'TFL-MJRS-001', 'VIP SCREEN 2'),
('TT-002-MJSK', 'CNM-00003', 'TFL-MJSK-002', 'Theatre 2'),
('TT-002-MPTY', 'CNM-00605', 'TFL-MPTY-002', 'Theatre 2'),
('TT-002-PRGC', 'CNM-00001', 'TFL-PRGC-002', 'Pavalai by Krungthai-AXA'),
('TT-002-QTCA', 'CNM-00006', 'TFL-QTCA-002', 'Theatre 2'),
('TT-002-SEAC', 'CNM-00017', 'TFL-SEAC-002', 'Theatre 2'),
('TT-002-VSNS', 'CNM-00101', 'TFL-VSNS-002', 'Theatre 2'),
('TT-002-WCCW', 'CNM-00052', 'TFL-WCCW-002', 'Theatre 1'),
('TT-002-WGCP', 'CNM-00051', 'TFL-WGCP-002', 'Theatre 1'),
('TT-003-ACPC', 'CNM-00124', 'TFL-ACPC-001', 'Theatre 3'),
('TT-003-BCPN', 'CNM-00501', 'TFL-BCPN-002', 'Theatre 3'),
('TT-003-BCPT', 'CNM-00046', 'TFL-BCPT-001', 'Theatre 3'),
('TT-003-BCUT', 'CNM-00427', 'TFL-BCUT-003', 'Theatre 3'),
('TT-003-BKCP', 'CNM-00056', 'TFL-BKCP-002', 'Theatre 3'),
('TT-003-BPCP', 'CNM-00305', 'TFL-BPCP-003', 'Theatre 3'),
('TT-003-CMAP', 'CNM-00200', 'TFL-CMAP-001', 'Theatre 3'),
('TT-003-CTBC', 'CNM-00608', 'TFL-CTBC-003', 'Theatre 3'),
('TT-003-CTCR', 'CNM-00201', 'TFL-CTCR-003', 'Theatre 3'),
('TT-003-DNCP', 'CNM-00519', 'TFL-DNCP-003', 'Theatre 3'),
('TT-003-ENKR', 'CNM-00047', 'TFL-ENKR-003', 'Theatre 3'),
('TT-003-ESCR', 'CNM-00012', 'TFL-ESCR-003', 'GLS'),
('TT-003-ESRC', 'CNM-00600', 'TFL-ESRC-003', 'Theatre 3'),
('TT-003-ETVC', 'CNM-00015', 'TFL-ETVC-003', 'Theatre 3'),
('TT-003-ICCN', 'CNM-00039', 'TFL-ICCN-003', 'Theatre 2'),
('TT-003-KRCP', 'CNM-00401', 'TFL-KRCP-001', 'Theatre 3'),
('TT-003-LTKK', 'CNM-00402', 'TFL-LTKK-002', 'Theatre 3'),
('TT-003-LTMS', 'CNM-00214', 'TFL-LTMS-001', 'Theatre 3'),
('TT-003-LTSK', 'CNM-00521', 'TFL-LTSK-002', 'Theatre 3'),
('TT-003-LTTT', 'CNM-00113', 'TFL-LTTT-003', 'Theatre 3'),
('TT-003-MCR2', 'CNM-00030', 'TFL-MCR2-003', 'Theatre 2'),
('TT-003-MEGA', 'CNM-00025', 'TFL-MEGA-002', 'Theatre 3'),
('TT-003-MFPR', 'CNM-00042', 'TFL-MFPR-003', 'Theatre 3'),
('TT-003-MJHH', 'CNM-00300', 'TFL-MJHH-003', 'Theatre 3'),
('TT-003-MJRC', 'CNM-00010', 'TFL-MJRC-003', 'Theatre 3'),
('TT-003-MJRS', 'CNM-00041', 'TFL-MJRS-002', 'Theatre 3'),
('TT-003-MJSK', 'CNM-00003', 'TFL-MJSK-003', 'Theatre 3'),
('TT-003-MPTY', 'CNM-00605', 'TFL-MPTY-003', 'Theatre 3'),
('TT-003-PRGC', 'CNM-00001', 'TFL-PRGC-003', 'ENIGMA'),
('TT-003-QTCA', 'CNM-00006', 'TFL-QTCA-003', 'Theatre 3'),
('TT-003-SEAC', 'CNM-00017', 'TFL-SEAC-003', 'Theatre 3'),
('TT-003-VSNS', 'CNM-00101', 'TFL-VSNS-003', 'Theatre 3'),
('TT-003-WCCW', 'CNM-00052', 'TFL-WCCW-003', 'Theatre 3'),
('TT-003-WGCP', 'CNM-00051', 'TFL-WGCP-003', 'Theatre 3'),
('TT-004-ACPC', 'CNM-00124', 'TFL-ACPC-001', 'Theatre 4'),
('TT-004-BCPT', 'CNM-00046', 'TFL-BCPT-002', 'Theatre 4'),
('TT-004-BCUT', 'CNM-00427', 'TFL-BCUT-002', 'Theatre 4'),
('TT-004-BKCP', 'CNM-00056', 'TFL-BKCP-003', 'Theatre 4'),
('TT-004-BPCP', 'CNM-00305', 'TFL-BPCP-004', 'Theatre 4'),
('TT-004-CMAP', 'CNM-00200', 'TFL-CMAP-002', 'Theatre 4'),
('TT-004-CTBC', 'CNM-00608', 'TFL-CTBC-004', 'Theatre 4'),
('TT-004-CTCR', 'CNM-00201', 'TFL-CTCR-004', 'Theatre 4'),
('TT-004-DNCP', 'CNM-00519', 'TFL-DNCP-004', 'Theatre 4'),
('TT-004-ENKR', 'CNM-00047', 'TFL-ENKR-004', 'Theatre 4'),
('TT-004-ESCR', 'CNM-00012', 'TFL-ESCR-004', 'Theatre 3'),
('TT-004-ESRC', 'CNM-00600', 'TFL-ESRC-004', 'Theatre 4'),
('TT-004-ETVC', 'CNM-00015', 'TFL-ETVC-004', 'Theatre 4'),
('TT-004-ICCN', 'CNM-00039', 'TFL-ICCN-004', 'Theatre 4'),
('TT-004-KRCP', 'CNM-00401', 'TFL-KRCP-002', 'GLS'),
('TT-004-LTKK', 'CNM-00402', 'TFL-LTKK-003', 'Theatre 4'),
('TT-004-LTSK', 'CNM-00521', 'TFL-LTSK-002', 'Theatre 4'),
('TT-004-MCR2', 'CNM-00030', 'TFL-MCR2-004', 'Theatre 4'),
('TT-004-MEGA', 'CNM-00025', 'TFL-MEGA-004', 'REAL AESSET'),
('TT-004-MFPR', 'CNM-00042', 'TFL-MFPR-004', 'Theatre 4'),
('TT-004-MJHH', 'CNM-00300', 'TFL-MJHH-004', 'Theatre 4'),
('TT-004-MJRC', 'CNM-00010', 'TFL-MJRC-004', 'Theatre 4'),
('TT-004-MJRS', 'CNM-00041', 'TFL-MJRS-003', 'Theatre 4'),
('TT-004-MJSK', 'CNM-00003', 'TFL-MJSK-004', 'Theatre 4'),
('TT-004-MPTY', 'CNM-00605', 'TFL-MPTY-003', 'Theatre 4'),
('TT-004-PRGC', 'CNM-00001', 'TFL-PRGC-004', '4DX'),
('TT-004-QTCA', 'CNM-00006', 'TFL-QTCA-003', 'Theatre 4'),
('TT-004-SEAC', 'CNM-00017', 'TFL-SEAC-002', 'Theatre 4'),
('TT-004-VSNS', 'CNM-00101', 'TFL-VSNS-004', 'Theatre 4'),
('TT-004-WCCW', 'CNM-00052', 'TFL-WCCW-004', 'Theatre 4'),
('TT-004-WGCP', 'CNM-00051', 'TFL-WGCP-004', 'Theatre 4'),
('TT-005-ACPC', 'CNM-00124', 'TFL-ACPC-003', 'Theatre 5'),
('TT-005-BCPT', 'CNM-00046', 'TFL-BCPT-002', 'Theatre 5'),
('TT-005-BKCP', 'CNM-00056', 'TFL-BKCP-002', 'Theatre 5'),
('TT-005-BPCP', 'CNM-00305', 'TFL-BPCP-003', 'Theatre 5'),
('TT-005-CMAP', 'CNM-00200', 'TFL-CMAP-003', 'Theatre 5'),
('TT-005-CTBC', 'CNM-00608', 'TFL-CTBC-005', 'Theatre 5'),
('TT-005-CTCR', 'CNM-00201', 'TFL-CTCR-005', 'Theatre 5'),
('TT-005-DNCP', 'CNM-00519', 'TFL-DNCP-003', 'Theatre 5'),
('TT-005-ENKR', 'CNM-00047', 'TFL-ENKR-005', 'Theatre 5'),
('TT-005-ESCR', 'CNM-00012', 'TFL-ESCR-005', 'Theatre 4'),
('TT-005-ETVC', 'CNM-00015', 'TFL-ETVC-005', 'Theatre 5'),
('TT-005-ICCN', 'CNM-00039', 'TFL-ICCN-005', 'Theatre 5'),
('TT-005-KRCP', 'CNM-00401', 'TFL-KRCP-003', 'Theatre 5'),
('TT-005-LTKK', 'CNM-00402', 'TFL-LTKK-003', 'Theatre 5'),
('TT-005-LTSK', 'CNM-00521', 'TFL-LTSK-003', 'Theatre 5'),
('TT-005-MCR2', 'CNM-00030', 'TFL-MCR2-005', 'Theatre 5'),
('TT-005-MEGA', 'CNM-00025', 'TFL-MEGA-005', '4DX'),
('TT-005-MFPR', 'CNM-00042', 'TFL-MFPR-005', 'VIPSCREEN 5'),
('TT-005-MJRC', 'CNM-00010', 'TFL-MJRC-005', 'Theatre 5'),
('TT-005-MJRS', 'CNM-00041', 'TFL-MJRS-004', 'Theatre 6'),
('TT-005-MJSK', 'CNM-00003', 'TFL-MJSK-005', 'Theatre 5'),
('TT-005-MPTY', 'CNM-00605', 'TFL-MPTY-003', 'Theatre 5'),
('TT-005-PRGC', 'CNM-00001', 'TFL-PRGC-005', 'Theatre 6'),
('TT-005-QTCA', 'CNM-00006', 'TFL-QTCA-004', 'Theatre 5'),
('TT-005-SEAC', 'CNM-00017', 'TFL-SEAC-004', 'Theatre 5'),
('TT-005-VSNS', 'CNM-00101', 'TFL-VSNS-004', 'Theatre 5'),
('TT-005-WCCW', 'CNM-00052', 'TFL-WCCW-005', 'Theatre 5'),
('TT-005-WGCP', 'CNM-00051', 'TFL-WGCP-005', 'Theatre 5'),
('TT-006-ACPC', 'CNM-00124', 'TFL-ACPC-004', 'Theatre 6'),
('TT-006-BKCP', 'CNM-00056', 'TFL-BKCP-004', 'Theatre 6'),
('TT-006-BPCP', 'CNM-00305', 'TFL-BPCP-005', 'Theatre 6'),
('TT-006-CMAP', 'CNM-00200', 'TFL-CMAP-004', 'Theatre 6'),
('TT-006-ENKR', 'CNM-00047', 'TFL-ENKR-005', 'Theatre 6'),
('TT-006-ESCR', 'CNM-00012', 'TFL-ESCR-006', 'Theatre 5'),
('TT-006-ETVC', 'CNM-00015', 'TFL-ETVC-006', 'Theatre 6'),
('TT-006-ICCN', 'CNM-00039', 'TFL-ICCN-006', 'Theatre 6'),
('TT-006-KRCP', 'CNM-00401', 'TFL-KRCP-004', 'Theatre 6'),
('TT-006-MCR2', 'CNM-00030', 'TFL-MCR2-006', 'Theatre 6'),
('TT-006-MEGA', 'CNM-00025', 'TFL-MEGA-006', 'LG LED CINEMA 6'),
('TT-006-MFPR', 'CNM-00042', 'TFL-MFPR-006', 'Theatre 6'),
('TT-006-MJRC', 'CNM-00010', 'TFL-MJRC-006', 'Theatre 6'),
('TT-006-MJRS', 'CNM-00041', 'TFL-MJRS-005', 'Theatre 7'),
('TT-006-MJSK', 'CNM-00003', 'TFL-MJSK-006', 'Theatre 6'),
('TT-006-MPTY', 'CNM-00605', 'TFL-MPTY-003', 'Theatre 6'),
('TT-006-PRGC', 'CNM-00001', 'TFL-PRGC-006', 'Theatre 7'),
('TT-006-QTCA', 'CNM-00006', 'TFL-QTCA-005', 'Theatre 6'),
('TT-006-SEAC', 'CNM-00017', 'TFL-SEAC-005', 'Theatre 6'),
('TT-006-WGCP', 'CNM-00051', 'TFL-WGCP-006', 'Theatre 6'),
('TT-007-BKCP', 'CNM-00056', 'TFL-BKCP-005', 'Theatre 7'),
('TT-007-CMAP', 'CNM-00200', 'TFL-CMAP-005', 'GLC'),
('TT-007-ENKR', 'CNM-00047', 'TFL-ENKR-005', 'Theatre 7'),
('TT-007-ESCR', 'CNM-00012', 'TFL-ESCR-007', 'Theatre 7'),
('TT-007-ETVC', 'CNM-00015', 'TFL-ETVC-007', 'Theatre 7'),
('TT-007-ICCN', 'CNM-00039', 'TFL-ICCN-007', 'Theatre 7'),
('TT-007-KRCP', 'CNM-00401', 'TFL-KRCP-005', 'Theatre 8'),
('TT-007-MCR2', 'CNM-00030', 'TFL-MCR2-007', 'Theatre 7'),
('TT-007-MEGA', 'CNM-00025', 'TFL-MEGA-006', 'Theatre 7'),
('TT-007-MFPR', 'CNM-00042', 'TFL-MFPR-007', 'Theatre 7'),
('TT-007-MJRC', 'CNM-00010', 'TFL-MJRC-005', 'Theatre 7'),
('TT-007-MJRS', 'CNM-00041', 'TFL-MJRS-006', 'Theatre 8'),
('TT-007-MJSK', 'CNM-00003', 'TFL-MJSK-007', 'Theatre 7'),
('TT-007-MPTY', 'CNM-00605', 'TFL-MPTY-003', 'Theatre 7'),
('TT-007-PRGC', 'CNM-00001', 'TFL-PRGC-007', 'Theatre 8'),
('TT-007-QTCA', 'CNM-00006', 'TFL-QTCA-006', 'Theatre 7'),
('TT-007-SEAC', 'CNM-00017', 'TFL-SEAC-006', 'Theatre 7'),
('TT-007-WGCP', 'CNM-00051', 'TFL-WGCP-007', 'Theatre 7'),
('TT-008-ENKR', 'CNM-00047', 'TFL-ENKR-005', 'Theatre 8'),
('TT-008-ETVC', 'CNM-00015', 'TFL-ETVC-007', 'Theatre 8'),
('TT-008-ICCN', 'CNM-00039', 'TFL-ICCN-008', 'Theatre 8'),
('TT-008-KRCP', 'CNM-00401', 'TFL-KRCP-006', 'Theatre 9'),
('TT-008-MCR2', 'CNM-00030', 'TFL-MCR2-008', 'Theatre 8'),
('TT-008-MFPR', 'CNM-00042', 'TFL-MFPR-008', 'Theatre 8'),
('TT-008-MJRC', 'CNM-00010', 'TFL-MJRC-007', 'Theatre 8'),
('TT-008-MJRS', 'CNM-00041', 'TFL-MJRS-006', 'Theatre 10'),
('TT-008-MJSK', 'CNM-00003', 'TFL-MJSK-008', 'Theatre 8'),
('TT-008-MPTY', 'CNM-00605', 'TFL-MPTY-004', 'Theatre 8'),
('TT-008-PRGC', 'CNM-00001', 'TFL-PRGC-008', 'Theatre 9'),
('TT-008-WGCP', 'CNM-00051', 'TFL-WGCP-008', 'Theatre 8'),
('TT-009-ENKR', 'CNM-00047', 'TFL-ENKR-007', 'Theatre 9'),
('TT-009-ESCR', 'CNM-00012', 'TFL-ESCR-007', 'Theatre 9'),
('TT-009-ICCN', 'CNM-00039', 'TFL-ICCN-009', 'Theatre 9'),
('TT-009-KRCP', 'CNM-00401', 'TFL-KRCP-007', 'Theatre 10'),
('TT-009-MCR2', 'CNM-00030', 'TFL-MCR2-009', 'Theatre 9'),
('TT-009-MEGA', 'CNM-00025', 'TFL-MEGA-003', 'Theatre 9'),
('TT-009-MFPR', 'CNM-00042', 'TFL-MFPR-009', 'Theatre 9'),
('TT-009-MJRC', 'CNM-00010', 'TFL-MJRC-008', 'Theatre 9'),
('TT-009-MJRS', 'CNM-00041', 'TFL-MJRS-006', 'Theatre 14'),
('TT-009-PRGC', 'CNM-00001', 'TFL-PRGC-009', 'Theatre 10'),
('TT-009-WGCP', 'CNM-00051', 'TFL-WGCP-009', 'Theatre 9'),
('TT-010-ENKR', 'CNM-00047', 'TFL-ENKR-006', 'Theatre 11'),
('TT-010-ESCR', 'CNM-00012', 'TFL-ESCR-007', 'Theatre 10'),
('TT-010-ICCN', 'CNM-00039', 'TFL-ICCN-010', 'Theatre 10'),
('TT-010-MEGA', 'CNM-00025', 'TFL-MEGA-002', 'Theatre 10'),
('TT-010-MFPR', 'CNM-00042', 'TFL-MFPR-010', 'Theatre 10'),
('TT-010-MJRC', 'CNM-00010', 'TFL-MJRC-009', 'Theatre 10'),
('TT-010-MJRS', 'CNM-00041', 'TFL-MJRS-007', 'Theatre 9'),
('TT-010-PRGC', 'CNM-00001', 'TFL-PRGC-010', 'Theatre 12'),
('TT-010-WGCP', 'CNM-00051', 'TFL-WGCP-010', 'Theatre 10'),
('TT-011-ENKR', 'CNM-00047', 'TFL-ENKR-007', 'Theatre 12'),
('TT-011-ESCR', 'CNM-00012', 'TFL-ESCR-008', 'Theatre 11'),
('TT-011-ICCN', 'CNM-00039', 'TFL-ICCN-011', 'Theatre 11'),
('TT-011-MEGA', 'CNM-00025', 'TFL-MEGA-002', 'Theatre 11'),
('TT-011-MJRC', 'CNM-00010', 'TFL-MJRC-010', 'Theatre 11'),
('TT-011-MJRS', 'CNM-00041', 'TFL-MJRS-008', 'Theatre 11'),
('TT-011-PRGC', 'CNM-00001', 'TFL-PRGC-011', 'Theatre 13'),
('TT-011-WGCP', 'CNM-00051', 'TFL-WGCP-011', 'Theatre 11'),
('TT-012-ENKR', 'CNM-00047', 'TFL-ENKR-008', 'Theatre 13'),
('TT-012-ESCR', 'CNM-00012', 'TFL-ESCR-009', 'Theatre 12'),
('TT-012-ICCN', 'CNM-00039', 'TFL-ICCN-012', 'Theatre 12'),
('TT-012-MEGA', 'CNM-00025', 'TFL-MEGA-002', 'Theatre 12'),
('TT-012-MJRC', 'CNM-00010', 'TFL-MJRC-011', 'Theatre 12'),
('TT-012-MJRS', 'CNM-00041', 'TFL-MJRS-009', 'Theatre 12'),
('TT-013-ENKR', 'CNM-00047', 'TFL-ENKR-005', 'Theatre 14'),
('TT-013-MEGA', 'CNM-00025', 'TFL-MEGA-002', 'Theatre 13'),
('TT-013-MJRC', 'CNM-00010', 'TFL-MJRC-012', 'GLS'),
('TT-013-MJRS', 'CNM-00041', 'TFL-MJRS-010', 'Theatre 13'),
('TT-014-ENKR', 'CNM-00047', 'TFL-ENKR-009', 'Theatre 15'),
('TT-014-MEGA', 'CNM-00025', 'TFL-MEGA-002', 'Theatre 14'),
('TT-014-MJRC', 'CNM-00010', 'TFL-MJRC-013', 'Theatre 14'),
('TT-014-MJRS', 'CNM-00041', 'TFL-MJRS-011', 'Theatre 14'),
('TT-015-ENKR', 'CNM-00047', 'TFL-ENKR-005', 'Theatre 16'),
('TT-015-MEGA', 'CNM-00025', 'TFL-MEGA-002', 'Theatre 15'),
('TT-015-MJRS', 'CNM-00041', 'TFL-MJRS-011', 'Theatre 15'),
('TT-016-MJRS', 'CNM-00041', 'TFL-MJRS-012', 'Theatre 16'),
('TT-017-MJRS', 'CNM-00041', 'TFL-MJRS-013', 'GLS');

-- --------------------------------------------------------

--
-- Table structure for table `TheatreFixLayout`
--

CREATE TABLE `TheatreFixLayout` (
  `TheatreFixLayout_ID` varchar(20) NOT NULL,
  `Layout_Name` varchar(100) NOT NULL,
  `Row_Count` int(11) NOT NULL,
  `Column_Count` int(11) NOT NULL,
  `Capacity` int(11) NOT NULL
) ENGINE=InnoDB DEFAULT CHARSET=utf8mb4 COLLATE=utf8mb4_general_ci;

--
-- Dumping data for table `TheatreFixLayout`
--

INSERT INTO `TheatreFixLayout` (`TheatreFixLayout_ID`, `Layout_Name`, `Row_Count`, `Column_Count`, `Capacity`) VALUES
('TFL-ACPC-001', 'Ayutthaya City Park Cineplex Layout 1', 12, 18, 202),
('TFL-ACPC-002', 'Ayutthaya City Park Cineplex Layout 2', 11, 18, 162),
('TFL-ACPC-003', 'Ayutthaya City Park Cineplex Layout 3', 13, 18, 212),
('TFL-ACPC-004', 'Ayutthaya City Park Cineplex Layout 4', 14, 18, 213),
('TFL-BCPN-001', 'Major Big C Pattani Layout 1', 10, 17, 157),
('TFL-BCPN-002', 'Major Big C Pattani Layout 2', 12, 19, 213),
('TFL-BCPT-001', 'Major Big C Phatum Thani Layout 1', 15, 19, 275),
('TFL-BCPT-002', 'Major Big C Phatum Thani Layout 2', 15, 16, 230),
('TFL-BCSP-001', 'EGV Big C Samutprakan Layout 1', 11, 17, 174),
('TFL-BCUT-001', 'EGV Big C Udonthani Layout 1', 12, 16, 173),
('TFL-BCUT-002', 'EGV Big C Udonthani Layout 2', 14, 18, 283),
('TFL-BCUT-003', 'EGV Big C Udonthani Layout 3', 14, 16, 205),
('TFL-BKCP-001', 'Bangkapi Cineplex The Mall Lifestore Bangkapi Layout 1', 13, 16, 173),
('TFL-BKCP-002', 'Bangkapi Cineplex The Mall Lifestore Bangkapi Layout 2', 16, 18, 264),
('TFL-BKCP-003', 'Bangkapi Cineplex The Mall Lifestore Bangkapi Layout 3', 11, 18, 164),
('TFL-BKCP-004', 'Bangkapi Cineplex The Mall Lifestore Bangkapi Layout 4', 11, 18, 184),
('TFL-BKCP-005', 'Bangkapi Cineplex The Mall Lifestore Bangkapi Layout 6', 16, 19, 272),
('TFL-BPCP-001', 'Bluport Cineplex Layout 1', 10, 14, 139),
('TFL-BPCP-002', 'Bluport Cineplex Layout 2', 10, 16, 154),
('TFL-BPCP-003', 'Bluport Cineplex Layout 3', 16, 20, 284),
('TFL-BPCP-004', 'Bluport Cineplex Layout 4', 14, 16, 200),
('TFL-BPCP-005', 'Bluport Cineplex Layout 5', 13, 14, 157),
('TFL-CMAP-001', 'Major Central Chiangmai Airport Layout 1', 9, 17, 153),
('TFL-CMAP-002', 'Major Central Chiangmai Airport Layout 2', 11, 16, 174),
('TFL-CMAP-003', 'Major Central Chiangmai Airport Layout 3', 14, 22, 306),
('TFL-CMAP-004', 'Major Central Chiangmai Airport Layout 4', 15, 26, 348),
('TFL-CMAP-005', 'Major Central Chiangmai Airport Layout 5', 19, 30, 558),
('TFL-CTBC-001', 'Chanthaburi Cineplex Layout 1', 11, 18, 190),
('TFL-CTBC-002', 'Chanthaburi Cineplex Layout 2', 13, 20, 250),
('TFL-CTBC-003', 'Chanthaburi Cineplex Layout 3', 11, 18, 187),
('TFL-CTBC-004', 'Chanthaburi Cineplex Layout 4', 10, 15, 143),
('TFL-CTBC-005', 'Chanthaburi Cineplex Layout 5', 11, 19, 200),
('TFL-CTCR-001', 'Major Central Chiangrai Layout 1', 12, 22, 258),
('TFL-CTCR-002', 'Major Central Chiangrai Layout 2', 13, 22, 274),
('TFL-CTCR-003', 'Major Central Chiangrai Layout 3', 13, 20, 254),
('TFL-CTCR-004', 'Major Central Chiangrai Layout 4', 11, 20, 214),
('TFL-CTCR-005', 'Major Central Chiangrai Layout 5', 14, 17, 231),
('TFL-DNCP-001', 'Diana Cineplex Layout 1', 12, 14, 162),
('TFL-DNCP-002', 'Diana Cineplex Layout 2', 12, 17, 189),
('TFL-DNCP-003', 'Diana Cineplex Layout 3', 14, 18, 251),
('TFL-DNCP-004', 'Diana Cineplex Layout 4', 11, 18, 198),
('TFL-ENKR-001', 'Esplanade Ngamwongwan-Khae Rai Layout 1', 6, 10, 60),
('TFL-ENKR-002', 'Esplanade Ngamwongwan-Khae Rai Layout 2', 12, 14, 168),
('TFL-ENKR-003', 'Esplanade Ngamwongwan-Khae Rai Layout 3', 15, 22, 318),
('TFL-ENKR-004', 'Esplanade Ngamwongwan-Khae Rai Layout 4', 8, 17, 121),
('TFL-ENKR-005', 'Esplanade Ngamwongwan-Khae Rai Layout 5', 13, 19, 247),
('TFL-ENKR-006', 'Esplanade Ngamwongwan-Khae Rai Layout 6', 11, 19, 209),
('TFL-ENKR-007', 'Esplanade Ngamwongwan-Khae Rai Layout 7', 13, 25, 289),
('TFL-ENKR-008', 'Esplanade Ngamwongwan-Khae Rai Layout 8', 12, 27, 302),
('TFL-ENKR-009', 'Esplanade Ngamwongwan-Khae Rai Layout 9', 13, 29, 341),
('TFL-ESCR-001', 'Esplanade Ratchadapisek Layout 1', 5, 8, 40),
('TFL-ESCR-002', 'Esplanade Ratchadapisek Layout 2', 5, 8, 38),
('TFL-ESCR-003', 'Esplanade Ratchadapisek Layout 3', 13, 24, 281),
('TFL-ESCR-004', 'Esplanade Ratchadapisek Layout 4', 8, 15, 120),
('TFL-ESCR-005', 'Esplanade Ratchadapisek Layout 5', 12, 25, 261),
('TFL-ESCR-006', 'Esplanade Ratchadapisek Layout 6', 14, 18, 246),
('TFL-ESCR-007', 'Esplanade Ratchadapisek Layout 7', 14, 20, 280),
('TFL-ESCR-008', 'Esplanade Ratchadapisek Layout 8', 13, 20, 260),
('TFL-ESCR-009', 'Esplanade Ratchadapisek Layout 9', 13, 18, 244),
('TFL-ESRC-001', 'EGV Sriracha Layout 1', 9, 18, 158),
('TFL-ESRC-002', 'EGV Sriracha Layout 2', 9, 18, 162),
('TFL-ESRC-003', 'EGV Sriracha Layout 3', 21, 23, 483),
('TFL-ESRC-004', 'EGV Sriracha Layout 4', 19, 18, 342),
('TFL-ESVC-001', 'Eastville Cineplex Layout 1', 11, 13, 142),
('TFL-ESVC-002', 'Eastville Cineplex Layout 2', 13, 18, 215),
('TFL-ESVC-003', 'Eastville Cineplex Layout 3', 10, 17, 135),
('TFL-ESVC-004', 'Eastville Cineplex Layout 4', 4, 8, 32),
('TFL-ESVC-005', 'Eastville Cineplex Layout 5', 7, 16, 106),
('TFL-ESVC-006', 'Eastville Cineplex Layout 6', 10, 20, 172),
('TFL-ESVC-007', 'Eastville Cineplex Layout 7', 10, 20, 100),
('TFL-ICCN-001', 'ICON CINECONIC Layout 1', 4, 10, 40),
('TFL-ICCN-002', 'ICON CINECONIC Layout 2', 6, 16, 96),
('TFL-ICCN-003`', 'ICON CINECONIC Layout 3', 16, 20, 290),
('TFL-ICCN-004', 'ICON CINECONIC Layout 4', 9, 14, 96),
('TFL-ICCN-005', 'ICON CINECONIC Layout 5', 14, 13, 165),
('TFL-ICCN-006', 'ICON CINECONIC Layout 6', 11, 16, 166),
('TFL-ICCN-007', 'ICON CINECONIC Layout 7', 14, 16, 212),
('TFL-ICCN-008', 'ICON CINECONIC Layout 8', 13, 20, 231),
('TFL-ICCN-009', 'ICON CINECONIC Layout 9', 14, 16, 216),
('TFL-ICCN-010', 'ICON CINECONIC Layout 10', 12, 16, 183),
('TFL-ICCN-011', 'ICON CINECONIC Layout 11', 14, 19, 255),
('TFL-ICCN-012', 'ICON CINECONIC Layout 12', 16, 20, 312),
('TFL-IICN-001', 'IMAX LASER ICON CINECONIC Layout 1', 12, 32, 351),
('TFL-KRCP-001', 'Korat Cineplex Layout 1', 12, 19, 226),
('TFL-KRCP-002', 'Korat Cineplex Layout 2', 18, 31, 558),
('TFL-KRCP-003', 'Korat Cineplex Layout 3', 17, 18, 294),
('TFL-KRCP-004', 'Korat Cineplex Layout 4', 16, 24, 380),
('TFL-KRCP-005', 'Korat Cineplex Layout 5', 14, 20, 269),
('TFL-KRCP-006', 'Korat Cineplex Layout 6', 8, 13, 96),
('TFL-KRCP-007', 'Korat Cineplex Layout 7', 5, 13, 60),
('TFL-LTKK-001', 'Major Lotus Khonkaen Layout 1', 12, 16, 191),
('TFL-LTKK-002', 'Major Lotus Khonkaen Layout 2', 14, 19, 265),
('TFL-LTKK-003', 'Major Lotus Khonkaen Layout 3', 14, 19, 259),
('TFL-LTMS-001', 'EGV Lotus Mae Sot Layout1', 15, 20, 278),
('TFL-LTRB-001', 'Major Lotus Ratchaburi Layout 1', 11, 16, 176),
('TFL-LTRB-002', 'Major Lotus Ratchaburi Layout 2', 8, 18, 144),
('TFL-LTSK-001', 'EGV Lotus Songkhla Layout 1', 13, 20, 259),
('TFL-LTSK-002', 'EGV Lotus Songkhla Layout 2', 13, 19, 246),
('TFL-LTSK-003', 'EGV Lotus Songkhla Layout 3', 13, 18, 233),
('TFL-LTTT-001', 'EGV Lotus Tha Thong Layout 1', 12, 19, 216),
('TFL-LTTT-002', 'EGV Lotus Tha Thong Layout 2', 12, 13, 149),
('TFL-LTTT-003', 'EGV Lotus Tha Thong Layout 3', 8, 15, 115),
('TFL-MCR2-001', 'Major Lotus Rama 2 Layout 1', 14, 31, 379),
('TFL-MCR2-002', 'Major Lotus Rama 2 Layout 2', 8, 12, 93),
('TFL-MCR2-003', 'Major Lotus Rama 2 Layout 3', 8, 18, 129),
('TFL-MCR2-004', 'Major Lotus Rama 2 Layout 4', 14, 17, 237),
('TFL-MCR2-005', 'Major Lotus Rama 2 Layout 5', 15, 12, 180),
('TFL-MCR2-006', 'Major Lotus Rama 2 Layout 6', 13, 15, 195),
('TFL-MCR2-007', 'Major Lotus Rama 2 Layout 7', 11, 12, 96),
('TFL-MCR2-008', 'Major Lotus Rama 2 Layout 8', 12, 14, 168),
('TFL-MCR2-009', 'Major Lotus Rama 2 Layout 9', 8, 0, 72),
('TFL-MEGA-001', 'Mega Cineplex Layout 1', 7, 13, 83),
('TFL-MEGA-002', 'Mega Cineplex Layout 2', 12, 20, 240),
('TFL-MEGA-003', 'Mega Cineplex Layout 3', 11, 22, 242),
('TFL-MEGA-004', 'Mega Cineplex Layout 4', 5, 12, 58),
('TFL-MEGA-005', 'Mega Cineplex Layout 5', 7, 16, 112),
('TFL-MEGA-006', 'Mega Cineplex Layout 6', 11, 20, 216),
('TFL-MFPR-001', 'Major Future Park Rangsit Layout 1', 12, 17, 204),
('TFL-MFPR-002', 'Major Future Park Rangsit Layout 2', 10, 19, 190),
('TFL-MFPR-003', 'Major Future Park Rangsit Layout 3', 15, 14, 209),
('TFL-MFPR-004', 'Major Future Park Rangsit Layout 4', 12, 15, 180),
('TFL-MFPR-005', 'Major Future Park Rangsit Layout 5', 4, 8, 21),
('TFL-MFPR-006', 'Major Future Park Rangsit Layout 6', 9, 11, 96),
('TFL-MFPR-007', 'Major Future Park Rangsit Layout 7', 8, 12, 92),
('TFL-MFPR-008', 'Major Future Park Rangsit Layout 8', 8, 12, 96),
('TFL-MFPR-009', 'Major Future Park Rangsit Layout 9', 16, 22, 347),
('TFL-MFPR-010', 'Major Future Park Rangsit Layout 10', 9, 20, 180),
('TFL-MJHH-001', 'Major Huahin Layout 1', 16, 22, 335),
('TFL-MJHH-002', 'Major Huahin Layout 2', 14, 22, 291),
('TFL-MJHH-003', 'Major Huahin Layout 3', 15, 29, 412),
('TFL-MJHH-004', 'Major Huahin Layout 4', 13, 29, 354),
('TFL-MJRC-001', 'Major Ratchayothin Layout 1', 8, 11, 81),
('TFL-MJRC-002', 'Major Ratchayothin Layout 2', 9, 10, 87),
('TFL-MJRC-003', 'Major Ratchayothin Layout 3', 9, 18, 128),
('TFL-MJRC-004', 'Major Ratchayothin Layout 4', 14, 12, 163),
('TFL-MJRC-005', 'Major Ratchayothin Layout 5', 14, 20, 271),
('TFL-MJRC-006', 'Major Ratchayothin Layout 6', 13, 16, 202),
('TFL-MJRC-007', 'Major Ratchayothin Layout 7', 12, 15, 173),
('TFL-MJRC-008', 'Major Ratchayothin Layout 8', 13, 11, 140),
('TFL-MJRC-009', 'Major Ratchayothin Layout 9', 13, 12, 158),
('TFL-MJRC-010', 'Major Ratchayothin Layout 10', 8, 19, 129),
('TFL-MJRC-011', 'Major Ratchayothin Layout 11', 13, 23, 234),
('TFL-MJRC-012', 'Major Ratchayothin Layout 12', 22, 36, 422),
('TFL-MJRC-013', 'Major Ratchayothin Layout 13', 15, 26, 370),
('TFL-MJRS-001', 'Major Rangsit Layout 1', 3, 6, 18),
('TFL-MJRS-002', 'Major Rangsit Layout 2', 16, 26, 410),
('TFL-MJRS-003', 'Major Rangsit Layout 3', 16, 23, 357),
('TFL-MJRS-004', 'Major Rangsit Layout 4', 10, 15, 38),
('TFL-MJRS-005', 'Major Rangsit Layout 5', 13, 11, 143),
('TFL-MJRS-006', 'Major Rangsit Layout 6', 11, 16, 162),
('TFL-MJRS-007', 'Major Rangsit Layout 7', 11, 19, 162),
('TFL-MJRS-008', 'Major Rangsit Layout 8', 14, 16, 224),
('TFL-MJRS-009', 'Major Rangsit Layout 9', 8, 12, 94),
('TFL-MJRS-010', 'Major Rangsit Layout 10', 13, 15, 195),
('TFL-MJRS-011', 'Major Rangsit Layout 11', 14, 20, 280),
('TFL-MJRS-012', 'Major Rangsit Layout 12', 10, 11, 110),
('TFL-MJRS-013', 'Major Rangsit Layout 13', 18, 30, 524),
('TFL-MJSK-001', 'Major Sukhumvit Layout 1', 10, 17, 158),
('TFL-MJSK-002', 'Major Sukhumvit Layout 2', 10, 17, 166),
('TFL-MJSK-003', 'Major Sukhumvit Layout 3', 9, 11, 83),
('TFL-MJSK-004', 'Major Sukhumvit Layout 4', 10, 15, 141),
('TFL-MJSK-005', 'Major Sukhumvit Layout 5', 10, 15, 141),
('TFL-MJSK-006', 'Major Sukhumvit Layout 6', 17, 23, 337),
('TFL-MJSK-007', 'Major Sukhumvit Layout 7', 15, 22, 275),
('TFL-MJSK-008', 'Major Sukhumvit Layout 8', 13, 20, 242),
('TFL-MPTY-001', 'Major Pattaya Layout 1', 12, 18, 208),
('TFL-MPTY-002', 'Major Pattaya Layout 2', 12, 20, 238),
('TFL-MPTY-003', 'Major Pattaya Layout 3', 11, 20, 218),
('TFL-MPTY-004', 'Major Pattaya Layout 4', 11, 20, 210),
('TFL-PRGC-001', 'Paragon Cineplex Layout 1', 6, 12, 72),
('TFL-PRGC-002', 'Paragon Cineplex Layout 2', 24, 44, 1164),
('TFL-PRGC-003', 'Paragon Cineplex Layout 3', 5, 8, 33),
('TFL-PRGC-004', 'Paragon Cineplex Layout 4', 7, 20, 140),
('TFL-PRGC-005', 'Paragon Cineplex Layout 5', 11, 22, 260),
('TFL-PRGC-006', 'Paragon Cineplex Layout 6', 13, 23, 293),
('TFL-PRGC-007', 'Paragon Cineplex Layout 7', 12, 28, 312),
('TFL-PRGC-008', 'Paragon Cineplex Layout 8', 13, 23, 293),
('TFL-PRGC-009', 'Paragon Cineplex Layout 9', 12, 28, 315),
('TFL-PRGC-010', 'Paragon Cineplex Layout 10', 13, 21, 153),
('TFL-PRGC-011', 'Paragon Cineplex Layout 11', 12, 21, 237),
('TFL-QTCA-001', 'Quartier CineArt Layout 1', 4, 10, 40),
('TFL-QTCA-002', 'Quartier CineArt Layout 2', 7, 14, 76),
('TFL-QTCA-003', 'Quartier CineArt Layout 3', 11, 18, 161),
('TFL-QTCA-004', 'Quartier CineArt Layout 4', 14, 18, 211),
('TFL-QTCA-005', 'Quartier CineArt Layout 5', 15, 18, 220),
('TFL-QTCA-006', 'Quartier CineArt Layout 6', 9, 17, 101),
('TFL-SEAC-001', 'Seacon Cineplex Layout 1', 13, 22, 264),
('TFL-SEAC-002', 'Seacon Cineplex Layout 2', 13, 21, 255),
('TFL-SEAC-003', 'Seacon Cineplex Layout 3', 14, 12, 168),
('TFL-SEAC-004', 'Seacon Cineplex Layout 4', 11, 18, 194),
('TFL-SEAC-005', 'Seacon Cineplex Layout 5', 15, 18, 258),
('TFL-SEAC-006', 'Seacon Cineplex Layout 6', 13, 13, 167),
('TFL-VSNS-001', 'Major V-Square NakornSawan Layout 1', 15, 18, 261),
('TFL-VSNS-002', 'Major V-Square NakornSawan Layout 2', 11, 18, 196),
('TFL-VSNS-003', 'Major V-Square NakornSawan Layout 3', 13, 18, 240),
('TFL-VSNS-004', 'Major V-Square NakornSawan Layout 4', 13, 17, 117),
('TFL-WCCW-001', 'Westville Cineplex Central Westville Layout 1', 4, 10, 40),
('TFL-WCCW-002', 'Westville Cineplex Central Westville Layout 2', 12, 18, 160),
('TFL-WCCW-003', 'Westville Cineplex Central Westville Layout 3', 14, 18, 232),
('TFL-WCCW-004', 'Westville Cineplex Central Westville Layout 4', 13, 20, 246),
('TFL-WCCW-005', 'Westville Cineplex Central Westville Layout 5', 14, 20, 260),
('TFL-WGCP-001', 'Westgate Cineplex Layout 1', 5, 12, 60),
('TFL-WGCP-002', 'Westgate Cineplex Layout 2', 8, 18, 132),
('TFL-WGCP-003', 'Westgate Cineplex Layout 3', 11, 17, 162),
('TFL-WGCP-004', 'Westgate Cineplex Layout 4', 12, 20, 222),
('TFL-WGCP-005', 'Westgate Cineplex Layout 5', 9, 17, 124),
('TFL-WGCP-006', 'Westgate Cineplex Layout 6', 12, 18, 190),
('TFL-WGCP-007', 'Westgate Cineplex Layout 7', 12, 17, 179),
('TFL-WGCP-008', 'Westgate Cineplex Layout 8', 13, 20, 242),
('TFL-WGCP-009', 'Westgate Cineplex Layout 9', 12, 16, 165),
('TFL-WGCP-010', 'Westgate Cineplex Layout 10', 13, 19, 220),
('TFL-WGCP-011', 'Westgate Cineplex Layout 11', 11, 15, 140);

-- --------------------------------------------------------

--
-- Table structure for table `TimeSlot`
--

CREATE TABLE `TimeSlot` (
  `TimeSlot_ID` varchar(10) NOT NULL,
  `TimeSlot_Name` varchar(50) DEFAULT NULL,
  `Start_Time` time DEFAULT NULL,
  `End_Time` time DEFAULT NULL
) ENGINE=InnoDB DEFAULT CHARSET=utf8mb4 COLLATE=utf8mb4_general_ci;

--
-- Dumping data for table `TimeSlot`
--

INSERT INTO `TimeSlot` (`TimeSlot_ID`, `TimeSlot_Name`, `Start_Time`, `End_Time`) VALUES
('TS-AFT', 'Afternoon', '12:00:00', '16:59:59'),
('TS-EVE', 'Evening', '17:00:00', '20:59:59'),
('TS-LAT', 'Late Night', '00:00:00', '05:59:59'),
('TS-MOR', 'Morning', '06:00:00', '11:59:59'),
('TS-NGT', 'Night', '21:00:00', '23:59:59');

-- --------------------------------------------------------

--
-- Table structure for table `Trailer`
--

CREATE TABLE `Trailer` (
  `Trailer_ID` varchar(20) NOT NULL,
  `Trailer_URL_link` varchar(100) NOT NULL
) ENGINE=InnoDB DEFAULT CHARSET=utf8mb4 COLLATE=utf8mb4_general_ci;

--
-- Dumping data for table `Trailer`
--

INSERT INTO `Trailer` (`Trailer_ID`, `Trailer_URL_link`) VALUES
('TR-MV-10110', 'https://www.youtube.com/watch?v=x4ddvZJ-_v8&ab_channel=MajorGroup'),
('TR-MV-10111', 'https://www.youtube.com/watch?v=FDN9tNtu6Bs&ab_channel=MajorGroup'),
('TR-MV-10112', 'https://www.youtube.com/watch?v=dRT932oHSKE&ab_channel=MajorGroup'),
('TR-MV-10113', 'https://www.youtube.com/watch?v=k4zOdyH_A4o&ab_channel=MajorGroup'),
('TR-MV-10114', 'https://www.youtube.com/watch?v=GIaLnv0HVm8&ab_channel=MajorGroup'),
('TR-MV-10115', 'https://www.youtube.com/watch?v=jDB9CEuTshI&ab_channel=MajorGroup'),
('TR-MV-10116', 'https://www.youtube.com/watch?v=zxFZoIHiD9E&ab_channel=MajorGroup'),
('TR-MV-10117', 'https://www.youtube.com/watch?v=Dj7YtHmtwh0&ab_channel=MajorGroup'),
('TR-MV-10118', 'https://www.youtube.com/watch?v=fu0tPs3xNh4&ab_channel=MajorGroup'),
('TR-MV-10119', 'https://www.youtube.com/watch?v=vPjN6FR-5p4&ab_channel=MajorGroup'),
('TR-MV-10120', 'https://www.youtube.com/watch?v=zLIlLxKct-8&ab_channel=MajorGroup'),
('TR-MV-10121', 'https://www.youtube.com/watch?v=cb_7htCF1T0&ab_channel=MajorGroup'),
('TR-MV-10122', 'https://www.youtube.com/watch?v=Mg1DlO_o_v8&ab_channel=MajorGroup'),
('TR-MV-10123', 'https://www.youtube.com/watch?v=rkFBEymDIEk&ab_channel=ZeeStudios'),
('TR-MV-10124', 'https://www.youtube.com/watch?v=F5SZZ29t2oY&ab_channel=MajorGroup'),
('TR-MV-10125', 'https://www.youtube.com/watch?v=FuUBuieEDeU&ab_channel=MajorGroup'),
('TR-MV-10126', 'https://www.youtube.com/watch?v=zty4v5aJGt8&ab_channel=MajorGroup'),
('TR-MV-10127', 'https://www.youtube.com/watch?v=9cvzwqJakG4&ab_channel=MajorGroup'),
('TR-MV-10128', 'https://www.youtube.com/watch?v=dN7AC5AE6tM&ab_channel=MajorGroup'),
('TR-MV-10129', 'https://www.youtube.com/watch?v=CtNY1M_chzw&ab_channel=MajorGroup'),
('TR-MV-10130', 'https://www.youtube.com/watch?v=2pfbi6VNcpA&ab_channel=EonTalk'),
('TR-MV-10131', 'https://www.youtube.com/watch?v=ilOOHweVawI&ab_channel=MajorGroup'),
('TR-MV-10132', 'https://www.youtube.com/watch?v=ONKm8VJb2sU&ab_channel=MajorGroup');

-- --------------------------------------------------------

--
-- Table structure for table `Transaction`
--

CREATE TABLE `Transaction` (
  `Transaction_ID` varchar(20) NOT NULL,
  `Customer_ID` varchar(20) NOT NULL,
  `Promotion_ID` varchar(10) NOT NULL,
  `Transaction_DateTime` datetime NOT NULL
) ENGINE=InnoDB DEFAULT CHARSET=utf8mb4 COLLATE=utf8mb4_general_ci;

--
-- Dumping data for table `Transaction`
--

INSERT INTO `Transaction` (`Transaction_ID`, `Customer_ID`, `Promotion_ID`, `Transaction_DateTime`) VALUES
('TX-000000001', 'CUST0174', 'PM-006', '2025-04-28 18:30:00'),
('TX-000000002', 'CUST0145', 'PM-005', '2025-04-28 17:15:00'),
('TX-000000003', 'CUST0213', '-', '2025-04-28 19:45:00'),
('TX-000000004', 'CUST0062', '-', '2025-04-28 20:00:00'),
('TX-000000005', 'CUST0099', '-', '2025-04-28 18:15:00'),
('TX-000000006', 'CUST0205', '-', '2025-04-28 14:30:00'),
('TX-000000007', 'CUST0249', '-', '2025-04-28 14:45:00'),
('TX-000000008', 'CUST0067', '-', '2025-04-28 22:15:00'),
('TX-000000009', 'CUST0104', '-', '2025-04-28 18:00:00'),
('TX-000000010', 'CUST0134', 'PM-002', '2025-04-28 11:30:00'),
('TX-000000011', 'CUST0282', '-', '2025-04-28 22:15:00'),
('TX-000000012', 'CUST0022', '-', '2025-04-28 13:15:00'),
('TX-000000013', 'CUST0198', '-', '2025-04-28 13:00:00'),
('TX-000000014', 'CUST0198', '-', '2025-04-28 16:15:00'),
('TX-000000015', 'CUST0135', '-', '2025-04-28 18:15:00'),
('TX-000000016', 'CUST0036', 'PM-001', '2025-04-28 12:30:00'),
('TX-000000017', 'CUST0076', 'PM-009', '2025-04-28 22:30:00'),
('TX-000000018', 'CUST0157', 'PM-009', '2025-04-28 12:45:00'),
('TX-000000019', 'CUST0107', 'PM-005', '2025-04-28 20:00:00'),
('TX-000000020', 'CUST0182', '-', '2025-04-28 20:15:00'),
('TX-000000021', 'CUST0091', 'PM-003', '2025-04-28 18:15:00'),
('TX-000000022', 'CUST0114', '-', '2025-04-28 18:15:00'),
('TX-000000023', 'CUST0120', 'PM-005', '2025-04-28 17:00:00'),
('TX-000000024', 'CUST0177', '-', '2025-04-28 09:00:00'),
('TX-000000025', 'CUST0025', '-', '2025-04-28 16:00:00'),
('TX-000000026', 'CUST0075', '-', '2025-04-28 22:45:00'),
('TX-000000027', 'CUST0046', '-', '2025-04-28 10:30:00'),
('TX-000000028', 'CUST0068', '-', '2025-04-28 20:45:00'),
('TX-000000029', 'CUST0157', 'PM-005', '2025-04-28 19:45:00'),
('TX-000000030', 'CUST0012', '-', '2025-04-28 21:00:00'),
('TX-000000031', 'CUST0267', '-', '2025-04-28 14:00:00'),
('TX-000000032', 'CUST0033', '-', '2025-04-28 22:00:00'),
('TX-000000033', 'CUST0205', 'PM-008', '2025-04-28 13:45:00'),
('TX-000000034', 'CUST0176', '-', '2025-04-28 17:15:00'),
('TX-000000035', 'CUST0196', '-', '2025-04-28 13:00:00'),
('TX-000000036', 'CUST0073', 'PM-005', '2025-04-28 14:15:00'),
('TX-000000037', 'CUST0183', '-', '2025-04-28 21:30:00'),
('TX-000000038', 'CUST0163', '-', '2025-04-28 21:15:00'),
('TX-000000039', 'CUST0082', '-', '2025-04-28 16:45:00'),
('TX-000000040', 'CUST0249', '-', '2025-04-28 09:45:00'),
('TX-000000041', 'CUST0199', 'PM-003', '2025-04-28 22:15:00'),
('TX-000000042', 'CUST0173', '-', '2025-04-28 17:15:00'),
('TX-000000043', 'CUST0151', '-', '2025-04-28 19:45:00'),
('TX-000000044', 'CUST0036', '-', '2025-04-28 19:00:00'),
('TX-000000045', 'CUST0014', '-', '2025-04-28 22:00:00'),
('TX-000000296', 'CUST0173', '-', '2025-04-28 20:00:00'),
('TX-000000297', 'CUST0199', 'PM-004', '2025-04-28 20:45:00'),
('TX-000000298', 'CUST0154', '-', '2025-04-28 21:45:00'),
('TX-000000299', 'CUST0283', 'PM-006', '2025-04-28 21:15:00'),
('TX-000000300', 'CUST0173', '-', '2025-04-28 10:00:00'),
('TX046', 'CUST0111', '-', '2025-04-28 12:15:00'),
('TX047', 'CUST0086', '-', '2025-04-28 09:45:00'),
('TX048', 'CUST0225', '-', '2025-04-28 18:00:00'),
('TX049', 'CUST0160', 'PM-007', '2025-04-28 20:15:00'),
('TX050', 'CUST0151', '-', '2025-04-28 17:45:00'),
('TX051', 'CUST0073', '-', '2025-04-28 11:00:00'),
('TX052', 'CUST0165', '-', '2025-04-28 19:00:00'),
('TX053', 'CUST0026', 'PM-009', '2025-04-28 16:45:00'),
('TX054', 'CUST0133', '-', '2025-04-28 14:00:00'),
('TX055', 'CUST0106', 'PM-003', '2025-04-28 11:45:00'),
('TX056', 'CUST0079', '-', '2025-04-28 12:15:00'),
('TX057', 'CUST0189', 'PM-004', '2025-04-28 16:45:00'),
('TX058', 'CUST0162', '-', '2025-04-28 09:45:00'),
('TX059', 'CUST0291', '-', '2025-04-28 20:15:00'),
('TX060', 'CUST0091', '-', '2025-04-28 21:15:00'),
('TX061', 'CUST0202', '-', '2025-04-28 12:30:00'),
('TX062', 'CUST0049', '-', '2025-04-28 21:45:00'),
('TX063', 'CUST0015', '-', '2025-04-28 19:30:00'),
('TX064', 'CUST0121', '-', '2025-04-28 16:30:00'),
('TX065', 'CUST0136', '-', '2025-04-28 20:45:00'),
('TX066', 'CUST0138', 'PM-002', '2025-04-28 20:45:00'),
('TX067', 'CUST0127', '-', '2025-04-28 22:00:00'),
('TX068', 'CUST0172', '-', '2025-04-28 18:30:00'),
('TX069', 'CUST0039', '-', '2025-04-28 22:30:00'),
('TX070', 'CUST0156', '-', '2025-04-28 22:00:00'),
('TX071', 'CUST0123', '-', '2025-04-28 15:15:00'),
('TX072', 'CUST0181', 'PM-009', '2025-04-28 20:30:00'),
('TX073', 'CUST0051', '-', '2025-04-28 16:00:00'),
('TX074', 'CUST0110', '-', '2025-04-28 20:00:00'),
('TX075', 'CUST0022', '-', '2025-04-28 13:45:00'),
('TX076', 'CUST0179', '-', '2025-04-28 16:45:00'),
('TX077', 'CUST0081', 'PM-009', '2025-04-28 21:15:00'),
('TX078', 'CUST0094', 'PM-001', '2025-04-28 13:15:00'),
('TX079', 'CUST0121', '-', '2025-04-28 19:30:00'),
('TX080', 'CUST0259', '-', '2025-04-28 13:30:00'),
('TX081', 'CUST0280', '-', '2025-04-28 13:30:00'),
('TX082', 'CUST0004', '-', '2025-04-28 17:00:00'),
('TX083', 'CUST0015', 'PM-007', '2025-04-28 11:45:00'),
('TX084', 'CUST0160', 'PM-001', '2025-04-28 20:15:00'),
('TX085', 'CUST0285', '-', '2025-04-28 17:30:00'),
('TX086', 'CUST0122', 'PM-003', '2025-04-28 15:15:00'),
('TX087', 'CUST0213', '-', '2025-04-28 22:15:00'),
('TX088', 'CUST0246', '-', '2025-04-28 15:15:00'),
('TX089', 'CUST0104', 'PROMO10', '2025-04-28 11:15:00'),
('TX090', 'CUST0009', '-', '2025-04-28 16:30:00'),
('TX091', 'CUST0073', 'PM-005', '2025-04-28 15:00:00'),
('TX092', 'CUST0151', '-', '2025-04-28 16:45:00'),
('TX093', 'CUST0132', '-', '2025-04-28 21:15:00'),
('TX094', 'CUST0262', '-', '2025-04-28 12:30:00'),
('TX095', 'CUST0261', '-', '2025-04-28 14:15:00'),
('TX096', 'CUST0227', '-', '2025-04-28 10:15:00'),
('TX097', 'CUST0006', '-', '2025-04-28 20:45:00'),
('TX098', 'CUST0031', '-', '2025-04-28 19:15:00'),
('TX099', 'CUST0154', '-', '2025-04-28 11:00:00'),
('TX100', 'CUST0024', 'PM-002', '2025-04-28 12:15:00'),
('TX101', 'CUST0081', '-', '2025-04-28 19:30:00'),
('TX102', 'CUST0299', '-', '2025-04-28 21:00:00'),
('TX103', 'CUST0059', 'PM-007', '2025-04-28 18:30:00'),
('TX104', 'CUST0057', '-', '2025-04-28 11:00:00'),
('TX105', 'CUST0268', 'PM-001', '2025-04-28 12:00:00'),
('TX106', 'CUST0250', 'PM-005', '2025-04-28 20:15:00'),
('TX107', 'CUST0245', 'PM-006', '2025-04-28 20:15:00'),
('TX108', 'CUST0016', '-', '2025-04-28 14:30:00'),
('TX109', 'CUST0065', '-', '2025-04-28 11:15:00'),
('TX110', 'CUST0115', 'PM-005', '2025-04-28 12:15:00'),
('TX111', 'CUST0170', 'PM-007', '2025-04-28 19:30:00'),
('TX112', 'CUST0205', 'PM-006', '2025-04-28 11:30:00'),
('TX113', 'CUST0250', '-', '2025-04-28 14:45:00'),
('TX114', 'CUST0045', '-', '2025-04-28 10:45:00'),
('TX115', 'CUST0298', '-', '2025-04-28 16:30:00'),
('TX116', 'CUST0002', 'PM-005', '2025-04-28 17:00:00'),
('TX117', 'CUST0022', 'PM-008', '2025-04-28 09:45:00'),
('TX118', 'CUST0072', 'PM-005', '2025-04-28 13:45:00'),
('TX119', 'CUST0150', 'PM-003', '2025-04-28 11:45:00'),
('TX120', 'CUST0299', '-', '2025-04-28 14:00:00'),
('TX121', 'CUST0186', '-', '2025-04-28 10:30:00'),
('TX122', 'CUST0126', 'PM-001', '2025-04-28 22:30:00'),
('TX123', 'CUST0074', 'PM-009', '2025-04-28 15:15:00'),
('TX124', 'CUST0090', '-', '2025-04-28 17:00:00'),
('TX125', 'CUST0146', 'PM-008', '2025-04-28 18:15:00'),
('TX126', 'CUST0057', '-', '2025-04-28 18:15:00'),
('TX127', 'CUST0274', '-', '2025-04-28 09:45:00'),
('TX128', 'CUST0055', '-', '2025-04-28 16:45:00'),
('TX129', 'CUST0177', '-', '2025-04-28 14:30:00'),
('TX130', 'CUST0089', 'PM-005', '2025-04-28 11:30:00'),
('TX131', 'CUST0008', '-', '2025-04-28 18:00:00'),
('TX132', 'CUST0204', '-', '2025-04-28 16:45:00'),
('TX133', 'CUST0209', '-', '2025-04-28 18:30:00'),
('TX134', 'CUST0023', 'PM-001', '2025-04-28 14:30:00'),
('TX135', 'CUST0016', '-', '2025-04-28 16:00:00'),
('TX136', 'CUST0251', '-', '2025-04-28 11:15:00'),
('TX137', 'CUST0219', '-', '2025-04-28 12:30:00'),
('TX138', 'CUST0237', '-', '2025-04-28 13:15:00'),
('TX139', 'CUST0040', '-', '2025-04-28 18:45:00'),
('TX140', 'CUST0009', 'PM-009', '2025-04-28 22:30:00'),
('TX141', 'CUST0244', '-', '2025-04-28 17:30:00'),
('TX142', 'CUST0190', '-', '2025-04-28 10:30:00'),
('TX143', 'CUST0011', '-', '2025-04-28 14:00:00'),
('TX144', 'CUST0267', '-', '2025-04-28 22:30:00'),
('TX145', 'CUST0211', '-', '2025-04-28 16:30:00');

-- --------------------------------------------------------

--
-- Table structure for table `UserRating`
--

CREATE TABLE `UserRating` (
  `UserRating_ID` varchar(10) NOT NULL,
  `Image_ID` varchar(20) NOT NULL,
  `UserRating_Name` varchar(20) NOT NULL
) ENGINE=InnoDB DEFAULT CHARSET=utf8mb4 COLLATE=utf8mb4_general_ci;

--
-- Dumping data for table `UserRating`
--

INSERT INTO `UserRating` (`UserRating_ID`, `Image_ID`, `UserRating_Name`) VALUES
('UR-IMDB', 'IMG-UR-001', 'IMDB'),
('UR-RTMT', 'IMG-UR-002', 'Rotten Tomato');

--
-- Indexes for dumped tables
--

--
-- Indexes for table `AgeRate`
--
ALTER TABLE `AgeRate`
  ADD PRIMARY KEY (`AgeRate_ID`,`Image_ID`);

--
-- Indexes for table `Audio`
--
ALTER TABLE `Audio`
  ADD PRIMARY KEY (`Audio_ID`);

--
-- Indexes for table `BangkokSection`
--
ALTER TABLE `BangkokSection`
  ADD PRIMARY KEY (`BangkokSection_ID`);

--
-- Indexes for table `Booking`
--
ALTER TABLE `Booking`
  ADD PRIMARY KEY (`Transaction_ID`,`Theatre_ID`,`Seat_Row`,`Seat_Number`,`Movie_ID`,`ProjectionSystemType_ID`,`SoundSystemType_ID`,`ShowTime`);

--
-- Indexes for table `Brand`
--
ALTER TABLE `Brand`
  ADD PRIMARY KEY (`Brand_ID`);

--
-- Indexes for table `Cinema`
--
ALTER TABLE `Cinema`
  ADD PRIMARY KEY (`Cinema_ID`,`Location_ID`,`Brand_ID`,`BangkokSection_ID`);

--
-- Indexes for table `Customer`
--
ALTER TABLE `Customer`
  ADD PRIMARY KEY (`Customer_ID`);

--
-- Indexes for table `DayType`
--
ALTER TABLE `DayType`
  ADD PRIMARY KEY (`DayType_ID`);

--
-- Indexes for table `Genre`
--
ALTER TABLE `Genre`
  ADD PRIMARY KEY (`Genre_ID`);

--
-- Indexes for table `Image`
--
ALTER TABLE `Image`
  ADD PRIMARY KEY (`Image_ID`);

--
-- Indexes for table `Location`
--
ALTER TABLE `Location`
  ADD PRIMARY KEY (`Location_ID`);

--
-- Indexes for table `Movie`
--
ALTER TABLE `Movie`
  ADD PRIMARY KEY (`Movie_ID`,`AgeRate_ID`,`Trailer_ID`);

--
-- Indexes for table `MovieStatus`
--
ALTER TABLE `MovieStatus`
  ADD PRIMARY KEY (`MovieStatus_ID`);

--
-- Indexes for table `Movie_Genre`
--
ALTER TABLE `Movie_Genre`
  ADD PRIMARY KEY (`Movie_ID`,`Genre_ID`);

--
-- Indexes for table `Movie_MovieStatus`
--
ALTER TABLE `Movie_MovieStatus`
  ADD PRIMARY KEY (`MovieStatus_ID`,`Movie_ID`);

--
-- Indexes for table `Movie_Person_Role`
--
ALTER TABLE `Movie_Person_Role`
  ADD PRIMARY KEY (`Movie_ID`,`Person_ID`,`Role_ID`);

--
-- Indexes for table `Movie_Poster`
--
ALTER TABLE `Movie_Poster`
  ADD PRIMARY KEY (`Movie_ID`,`Image_ID`);

--
-- Indexes for table `Movie_UserRating`
--
ALTER TABLE `Movie_UserRating`
  ADD PRIMARY KEY (`Movie_ID`,`UserRating_ID`);

--
-- Indexes for table `Payment`
--
ALTER TABLE `Payment`
  ADD PRIMARY KEY (`Payment_ID`,`Transaction_ID`);

--
-- Indexes for table `Person`
--
ALTER TABLE `Person`
  ADD PRIMARY KEY (`Person_ID`,`Image_ID`);

--
-- Indexes for table `Price`
--
ALTER TABLE `Price`
  ADD PRIMARY KEY (`Movie_ID`,`Theatre_ID`,`ProjectionSystemType_ID`,`SeatType_ID`,`DayType_ID`,`TimeSlot_ID`);

--
-- Indexes for table `ProjectionSystemType`
--
ALTER TABLE `ProjectionSystemType`
  ADD PRIMARY KEY (`ProjectionSystemType_ID`,`Image_ID`);

--
-- Indexes for table `Promotion`
--
ALTER TABLE `Promotion`
  ADD PRIMARY KEY (`Promotion_ID`);

--
-- Indexes for table `Region`
--
ALTER TABLE `Region`
  ADD PRIMARY KEY (`Region_ID`);

--
-- Indexes for table `Role`
--
ALTER TABLE `Role`
  ADD PRIMARY KEY (`Role_ID`);

--
-- Indexes for table `Seat`
--
ALTER TABLE `Seat`
  ADD PRIMARY KEY (`Theatre_ID`,`SeatType_ID`,`Seat_Row`,`Seat_Number`);

--
-- Indexes for table `SeatType`
--
ALTER TABLE `SeatType`
  ADD PRIMARY KEY (`SeatType_ID`);

--
-- Indexes for table `ShowTime_Instance`
--
ALTER TABLE `ShowTime_Instance`
  ADD PRIMARY KEY (`Movie_ID`,`Theatre_ID`,`SoundSystemType_ID`,`ProjectionSystemType_ID`,`ShowTime`);

--
-- Indexes for table `SoundSystemType`
--
ALTER TABLE `SoundSystemType`
  ADD PRIMARY KEY (`SoundSystemType_ID`,`Image_ID`);

--
-- Indexes for table `SoundSystemType_Audio_Subtitle`
--
ALTER TABLE `SoundSystemType_Audio_Subtitle`
  ADD PRIMARY KEY (`SoundSystemType_ID`,`Audio_ID`,`Subtitle_ID`);

--
-- Indexes for table `Subtitle`
--
ALTER TABLE `Subtitle`
  ADD PRIMARY KEY (`Subtitle_ID`);

--
-- Indexes for table `Theatre`
--
ALTER TABLE `Theatre`
  ADD PRIMARY KEY (`Theatre_ID`,`Cinema_ID`,`TheatreFixLayout_ID`);

--
-- Indexes for table `TheatreFixLayout`
--
ALTER TABLE `TheatreFixLayout`
  ADD PRIMARY KEY (`TheatreFixLayout_ID`);

--
-- Indexes for table `TimeSlot`
--
ALTER TABLE `TimeSlot`
  ADD PRIMARY KEY (`TimeSlot_ID`);

--
-- Indexes for table `Trailer`
--
ALTER TABLE `Trailer`
  ADD PRIMARY KEY (`Trailer_ID`);

--
-- Indexes for table `Transaction`
--
ALTER TABLE `Transaction`
  ADD PRIMARY KEY (`Transaction_ID`,`Customer_ID`,`Promotion_ID`);

--
-- Indexes for table `UserRating`
--
ALTER TABLE `UserRating`
  ADD PRIMARY KEY (`UserRating_ID`,`Image_ID`);
COMMIT;

/*!40101 SET CHARACTER_SET_CLIENT=@OLD_CHARACTER_SET_CLIENT */;
/*!40101 SET CHARACTER_SET_RESULTS=@OLD_CHARACTER_SET_RESULTS */;
/*!40101 SET COLLATION_CONNECTION=@OLD_COLLATION_CONNECTION */;
